ISO-10303-21;
HEADER;
FILE_DESCRIPTION(('Open CASCADE Model'),'2;1');
FILE_NAME('Open CASCADE Shape Model','2026-08-25T20:55:50',('Author'),(
    'Open CASCADE'),'Open CASCADE STEP processor 7.9','Open CASCADE 7.9'
  ,'Unknown');
FILE_SCHEMA(('AUTOMOTIVE_DESIGN { 1 0 10303 214 1 1 1 1 }'));
ENDSEC;
DATA;
#1 = APPLICATION_PROTOCOL_DEFINITION('international standard',
  'automotive_design',2000,#2);
#2 = APPLICATION_CONTEXT(
  'core data for automotive mechanical design processes');
#3 = SHAPE_DEFINITION_REPRESENTATION(#4,#10);
#4 = PRODUCT_DEFINITION_SHAPE('','',#5);
#5 = PRODUCT_DEFINITION('design','',#6,#9);
#6 = PRODUCT_DEFINITION_FORMATION('','',#7);
#7 = PRODUCT('ASM-4400 Bearing Unit','ASM-4400 Bearing Unit','',(#8));
#8 = PRODUCT_CONTEXT('',#2,'mechanical');
#9 = PRODUCT_DEFINITION_CONTEXT('part definition',#2,'design');
#10 = SHAPE_REPRESENTATION('',(#11,#15,#19,#23,#27,#31,#35,#39,#43,#47),
  #51);
#11 = AXIS2_PLACEMENT_3D('',#12,#13,#14);
#12 = CARTESIAN_POINT('',(0.,0.,0.));
#13 = DIRECTION('',(0.,0.,1.));
#14 = DIRECTION('',(1.,0.,-0.));
#15 = AXIS2_PLACEMENT_3D('',#16,#17,#18);
#16 = CARTESIAN_POINT('',(0.,0.,0.));
#17 = DIRECTION('',(0.,0.,1.));
#18 = DIRECTION('',(1.,0.,-0.));
#19 = AXIS2_PLACEMENT_3D('',#20,#21,#22);
#20 = CARTESIAN_POINT('',(-40.,0.,15.));
#21 = DIRECTION('',(0.,0.,1.));
#22 = DIRECTION('',(1.,0.,-0.));
#23 = AXIS2_PLACEMENT_3D('',#24,#25,#26);
#24 = CARTESIAN_POINT('',(-32.,0.,113.));
#25 = DIRECTION('',(0.,0.,1.));
#26 = DIRECTION('',(1.,0.,-0.));
#27 = AXIS2_PLACEMENT_3D('',#28,#29,#30);
#28 = CARTESIAN_POINT('',(-92.,0.,113.));
#29 = DIRECTION('',(0.,0.,1.));
#30 = DIRECTION('',(1.,0.,-0.));
#31 = AXIS2_PLACEMENT_3D('',#32,#33,#34);
#32 = CARTESIAN_POINT('',(28.,0.,113.));
#33 = DIRECTION('',(0.,0.,1.));
#34 = DIRECTION('',(1.,0.,-0.));
#35 = AXIS2_PLACEMENT_3D('',#36,#37,#38);
#36 = CARTESIAN_POINT('',(38.,38.183766184074,151.18376618407));
#37 = DIRECTION('',(0.,0.,1.));
#38 = DIRECTION('',(1.,0.,-0.));
#39 = AXIS2_PLACEMENT_3D('',#40,#41,#42);
#40 = CARTESIAN_POINT('',(38.,-38.18376618407,151.18376618407));
#41 = DIRECTION('',(0.,0.,1.));
#42 = DIRECTION('',(1.,0.,-0.));
#43 = AXIS2_PLACEMENT_3D('',#44,#45,#46);
#44 = CARTESIAN_POINT('',(38.,-38.18376618407,74.816233815926));
#45 = DIRECTION('',(0.,0.,1.));
#46 = DIRECTION('',(1.,0.,-0.));
#47 = AXIS2_PLACEMENT_3D('',#48,#49,#50);
#48 = CARTESIAN_POINT('',(38.,38.183766184074,74.816233815926));
#49 = DIRECTION('',(0.,0.,1.));
#50 = DIRECTION('',(1.,0.,-0.));
#51 = ( GEOMETRIC_REPRESENTATION_CONTEXT(3) 
GLOBAL_UNCERTAINTY_ASSIGNED_CONTEXT((#55)) GLOBAL_UNIT_ASSIGNED_CONTEXT(
(#52,#53,#54)) REPRESENTATION_CONTEXT('Context #1',
  '3D Context with UNIT and UNCERTAINTY') );
#52 = ( LENGTH_UNIT() NAMED_UNIT(*) SI_UNIT(.MILLI.,.METRE.) );
#53 = ( NAMED_UNIT(*) PLANE_ANGLE_UNIT() SI_UNIT($,.RADIAN.) );
#54 = ( NAMED_UNIT(*) SI_UNIT($,.STERADIAN.) SOLID_ANGLE_UNIT() );
#55 = UNCERTAINTY_MEASURE_WITH_UNIT(LENGTH_MEASURE(1.E-07),#52,
  'distance_accuracy_value','confusion accuracy');
#56 = PRODUCT_RELATED_PRODUCT_CATEGORY('part',$,(#7));
#57 = SHAPE_DEFINITION_REPRESENTATION(#58,#64);
#58 = PRODUCT_DEFINITION_SHAPE('','',#59);
#59 = PRODUCT_DEFINITION('design','',#60,#63);
#60 = PRODUCT_DEFINITION_FORMATION('','',#61);
#61 = PRODUCT('PL-1001 Base Plate','PL-1001 Base Plate','',(#62));
#62 = PRODUCT_CONTEXT('',#2,'mechanical');
#63 = PRODUCT_DEFINITION_CONTEXT('part definition',#2,'design');
#64 = ADVANCED_BREP_SHAPE_REPRESENTATION('',(#11,#65),#1099);
#65 = MANIFOLD_SOLID_BREP('',#66);
#66 = CLOSED_SHELL('',(#67,#187,#527,#577,#631,#876,#903,#930,#957,#984,
    #991,#1018,#1045,#1072));
#67 = ADVANCED_FACE('',(#68),#82,.F.);
#68 = FACE_BOUND('',#69,.F.);
#69 = EDGE_LOOP('',(#70,#105,#133,#161));
#70 = ORIENTED_EDGE('',*,*,#71,.F.);
#71 = EDGE_CURVE('',#72,#74,#76,.T.);
#72 = VERTEX_POINT('',#73);
#73 = CARTESIAN_POINT('',(-120.,-62.,7.));
#74 = VERTEX_POINT('',#75);
#75 = CARTESIAN_POINT('',(-120.,62.,7.));
#76 = SURFACE_CURVE('',#77,(#81,#93),.PCURVE_S1.);
#77 = LINE('',#78,#79);
#78 = CARTESIAN_POINT('',(-120.,-70.,7.));
#79 = VECTOR('',#80,1.);
#80 = DIRECTION('',(0.,1.,0.));
#81 = PCURVE('',#82,#87);
#82 = PLANE('',#83);
#83 = AXIS2_PLACEMENT_3D('',#84,#85,#86);
#84 = CARTESIAN_POINT('',(-120.,-70.,-7.));
#85 = DIRECTION('',(1.,0.,0.));
#86 = DIRECTION('',(0.,0.,1.));
#87 = DEFINITIONAL_REPRESENTATION('',(#88),#92);
#88 = LINE('',#89,#90);
#89 = CARTESIAN_POINT('',(14.,0.));
#90 = VECTOR('',#91,1.);
#91 = DIRECTION('',(0.,-1.));
#92 = ( GEOMETRIC_REPRESENTATION_CONTEXT(2) 
PARAMETRIC_REPRESENTATION_CONTEXT() REPRESENTATION_CONTEXT('2D SPACE',''
  ) );
#93 = PCURVE('',#94,#99);
#94 = PLANE('',#95);
#95 = AXIS2_PLACEMENT_3D('',#96,#97,#98);
#96 = CARTESIAN_POINT('',(-120.,-70.,7.));
#97 = DIRECTION('',(0.,0.,1.));
#98 = DIRECTION('',(1.,0.,0.));
#99 = DEFINITIONAL_REPRESENTATION('',(#100),#104);
#100 = LINE('',#101,#102);
#101 = CARTESIAN_POINT('',(0.,0.));
#102 = VECTOR('',#103,1.);
#103 = DIRECTION('',(0.,1.));
#104 = ( GEOMETRIC_REPRESENTATION_CONTEXT(2) 
PARAMETRIC_REPRESENTATION_CONTEXT() REPRESENTATION_CONTEXT('2D SPACE',''
  ) );
#105 = ORIENTED_EDGE('',*,*,#106,.F.);
#106 = EDGE_CURVE('',#107,#72,#109,.T.);
#107 = VERTEX_POINT('',#108);
#108 = CARTESIAN_POINT('',(-120.,-62.,-7.));
#109 = SURFACE_CURVE('',#110,(#114,#121),.PCURVE_S1.);
#110 = LINE('',#111,#112);
#111 = CARTESIAN_POINT('',(-120.,-62.,-7.));
#112 = VECTOR('',#113,1.);
#113 = DIRECTION('',(0.,0.,1.));
#114 = PCURVE('',#82,#115);
#115 = DEFINITIONAL_REPRESENTATION('',(#116),#120);
#116 = LINE('',#117,#118);
#117 = CARTESIAN_POINT('',(0.,-8.));
#118 = VECTOR('',#119,1.);
#119 = DIRECTION('',(1.,0.));
#120 = ( GEOMETRIC_REPRESENTATION_CONTEXT(2) 
PARAMETRIC_REPRESENTATION_CONTEXT() REPRESENTATION_CONTEXT('2D SPACE',''
  ) );
#121 = PCURVE('',#122,#127);
#122 = CYLINDRICAL_SURFACE('',#123,8.);
#123 = AXIS2_PLACEMENT_3D('',#124,#125,#126);
#124 = CARTESIAN_POINT('',(-112.,-62.,-7.));
#125 = DIRECTION('',(0.,0.,1.));
#126 = DIRECTION('',(-1.,-0.,0.));
#127 = DEFINITIONAL_REPRESENTATION('',(#128),#132);
#128 = LINE('',#129,#130);
#129 = CARTESIAN_POINT('',(0.,0.));
#130 = VECTOR('',#131,1.);
#131 = DIRECTION('',(0.,1.));
#132 = ( GEOMETRIC_REPRESENTATION_CONTEXT(2) 
PARAMETRIC_REPRESENTATION_CONTEXT() REPRESENTATION_CONTEXT('2D SPACE',''
  ) );
#133 = ORIENTED_EDGE('',*,*,#134,.T.);
#134 = EDGE_CURVE('',#107,#135,#137,.T.);
#135 = VERTEX_POINT('',#136);
#136 = CARTESIAN_POINT('',(-120.,62.,-7.));
#137 = SURFACE_CURVE('',#138,(#142,#149),.PCURVE_S1.);
#138 = LINE('',#139,#140);
#139 = CARTESIAN_POINT('',(-120.,-70.,-7.));
#140 = VECTOR('',#141,1.);
#141 = DIRECTION('',(0.,1.,0.));
#142 = PCURVE('',#82,#143);
#143 = DEFINITIONAL_REPRESENTATION('',(#144),#148);
#144 = LINE('',#145,#146);
#145 = CARTESIAN_POINT('',(0.,0.));
#146 = VECTOR('',#147,1.);
#147 = DIRECTION('',(0.,-1.));
#148 = ( GEOMETRIC_REPRESENTATION_CONTEXT(2) 
PARAMETRIC_REPRESENTATION_CONTEXT() REPRESENTATION_CONTEXT('2D SPACE',''
  ) );
#149 = PCURVE('',#150,#155);
#150 = PLANE('',#151);
#151 = AXIS2_PLACEMENT_3D('',#152,#153,#154);
#152 = CARTESIAN_POINT('',(-120.,-70.,-7.));
#153 = DIRECTION('',(0.,0.,1.));
#154 = DIRECTION('',(1.,0.,0.));
#155 = DEFINITIONAL_REPRESENTATION('',(#156),#160);
#156 = LINE('',#157,#158);
#157 = CARTESIAN_POINT('',(0.,0.));
#158 = VECTOR('',#159,1.);
#159 = DIRECTION('',(0.,1.));
#160 = ( GEOMETRIC_REPRESENTATION_CONTEXT(2) 
PARAMETRIC_REPRESENTATION_CONTEXT() REPRESENTATION_CONTEXT('2D SPACE',''
  ) );
#161 = ORIENTED_EDGE('',*,*,#162,.T.);
#162 = EDGE_CURVE('',#135,#74,#163,.T.);
#163 = SURFACE_CURVE('',#164,(#168,#175),.PCURVE_S1.);
#164 = LINE('',#165,#166);
#165 = CARTESIAN_POINT('',(-120.,62.,-7.));
#166 = VECTOR('',#167,1.);
#167 = DIRECTION('',(0.,0.,1.));
#168 = PCURVE('',#82,#169);
#169 = DEFINITIONAL_REPRESENTATION('',(#170),#174);
#170 = LINE('',#171,#172);
#171 = CARTESIAN_POINT('',(0.,-132.));
#172 = VECTOR('',#173,1.);
#173 = DIRECTION('',(1.,0.));
#174 = ( GEOMETRIC_REPRESENTATION_CONTEXT(2) 
PARAMETRIC_REPRESENTATION_CONTEXT() REPRESENTATION_CONTEXT('2D SPACE',''
  ) );
#175 = PCURVE('',#176,#181);
#176 = CYLINDRICAL_SURFACE('',#177,8.);
#177 = AXIS2_PLACEMENT_3D('',#178,#179,#180);
#178 = CARTESIAN_POINT('',(-112.,62.,-7.));
#179 = DIRECTION('',(0.,0.,1.));
#180 = DIRECTION('',(-1.,-0.,0.));
#181 = DEFINITIONAL_REPRESENTATION('',(#182),#186);
#182 = LINE('',#183,#184);
#183 = CARTESIAN_POINT('',(-0.,0.));
#184 = VECTOR('',#185,1.);
#185 = DIRECTION('',(-0.,1.));
#186 = ( GEOMETRIC_REPRESENTATION_CONTEXT(2) 
PARAMETRIC_REPRESENTATION_CONTEXT() REPRESENTATION_CONTEXT('2D SPACE',''
  ) );
#187 = ADVANCED_FACE('',(#188,#387,#422,#457,#492),#94,.T.);
#188 = FACE_BOUND('',#189,.T.);
#189 = EDGE_LOOP('',(#190,#191,#215,#243,#272,#300,#333,#361));
#190 = ORIENTED_EDGE('',*,*,#71,.F.);
#191 = ORIENTED_EDGE('',*,*,#192,.T.);
#192 = EDGE_CURVE('',#72,#193,#195,.T.);
#193 = VERTEX_POINT('',#194);
#194 = CARTESIAN_POINT('',(-112.,-70.,7.));
#195 = SURFACE_CURVE('',#196,(#201,#208),.PCURVE_S1.);
#196 = CIRCLE('',#197,8.);
#197 = AXIS2_PLACEMENT_3D('',#198,#199,#200);
#198 = CARTESIAN_POINT('',(-112.,-62.,7.));
#199 = DIRECTION('',(0.,0.,1.));
#200 = DIRECTION('',(0.,-1.,0.));
#201 = PCURVE('',#94,#202);
#202 = DEFINITIONAL_REPRESENTATION('',(#203),#207);
#203 = CIRCLE('',#204,8.);
#204 = AXIS2_PLACEMENT_2D('',#205,#206);
#205 = CARTESIAN_POINT('',(8.,8.));
#206 = DIRECTION('',(0.,-1.));
#207 = ( GEOMETRIC_REPRESENTATION_CONTEXT(2) 
PARAMETRIC_REPRESENTATION_CONTEXT() REPRESENTATION_CONTEXT('2D SPACE',''
  ) );
#208 = PCURVE('',#122,#209);
#209 = DEFINITIONAL_REPRESENTATION('',(#210),#214);
#210 = LINE('',#211,#212);
#211 = CARTESIAN_POINT('',(-4.712388980385,14.));
#212 = VECTOR('',#213,1.);
#213 = DIRECTION('',(1.,0.));
#214 = ( GEOMETRIC_REPRESENTATION_CONTEXT(2) 
PARAMETRIC_REPRESENTATION_CONTEXT() REPRESENTATION_CONTEXT('2D SPACE',''
  ) );
#215 = ORIENTED_EDGE('',*,*,#216,.T.);
#216 = EDGE_CURVE('',#193,#217,#219,.T.);
#217 = VERTEX_POINT('',#218);
#218 = CARTESIAN_POINT('',(112.,-70.,7.));
#219 = SURFACE_CURVE('',#220,(#224,#231),.PCURVE_S1.);
#220 = LINE('',#221,#222);
#221 = CARTESIAN_POINT('',(-120.,-70.,7.));
#222 = VECTOR('',#223,1.);
#223 = DIRECTION('',(1.,0.,0.));
#224 = PCURVE('',#94,#225);
#225 = DEFINITIONAL_REPRESENTATION('',(#226),#230);
#226 = LINE('',#227,#228);
#227 = CARTESIAN_POINT('',(0.,0.));
#228 = VECTOR('',#229,1.);
#229 = DIRECTION('',(1.,0.));
#230 = ( GEOMETRIC_REPRESENTATION_CONTEXT(2) 
PARAMETRIC_REPRESENTATION_CONTEXT() REPRESENTATION_CONTEXT('2D SPACE',''
  ) );
#231 = PCURVE('',#232,#237);
#232 = PLANE('',#233);
#233 = AXIS2_PLACEMENT_3D('',#234,#235,#236);
#234 = CARTESIAN_POINT('',(-120.,-70.,-7.));
#235 = DIRECTION('',(0.,1.,0.));
#236 = DIRECTION('',(0.,0.,1.));
#237 = DEFINITIONAL_REPRESENTATION('',(#238),#242);
#238 = LINE('',#239,#240);
#239 = CARTESIAN_POINT('',(14.,0.));
#240 = VECTOR('',#241,1.);
#241 = DIRECTION('',(0.,1.));
#242 = ( GEOMETRIC_REPRESENTATION_CONTEXT(2) 
PARAMETRIC_REPRESENTATION_CONTEXT() REPRESENTATION_CONTEXT('2D SPACE',''
  ) );
#243 = ORIENTED_EDGE('',*,*,#244,.T.);
#244 = EDGE_CURVE('',#217,#245,#247,.T.);
#245 = VERTEX_POINT('',#246);
#246 = CARTESIAN_POINT('',(120.,-62.,7.));
#247 = SURFACE_CURVE('',#248,(#253,#260),.PCURVE_S1.);
#248 = CIRCLE('',#249,8.);
#249 = AXIS2_PLACEMENT_3D('',#250,#251,#252);
#250 = CARTESIAN_POINT('',(112.,-62.,7.));
#251 = DIRECTION('',(0.,0.,1.));
#252 = DIRECTION('',(0.,-1.,0.));
#253 = PCURVE('',#94,#254);
#254 = DEFINITIONAL_REPRESENTATION('',(#255),#259);
#255 = CIRCLE('',#256,8.);
#256 = AXIS2_PLACEMENT_2D('',#257,#258);
#257 = CARTESIAN_POINT('',(232.,8.));
#258 = DIRECTION('',(0.,-1.));
#259 = ( GEOMETRIC_REPRESENTATION_CONTEXT(2) 
PARAMETRIC_REPRESENTATION_CONTEXT() REPRESENTATION_CONTEXT('2D SPACE',''
  ) );
#260 = PCURVE('',#261,#266);
#261 = CYLINDRICAL_SURFACE('',#262,8.);
#262 = AXIS2_PLACEMENT_3D('',#263,#264,#265);
#263 = CARTESIAN_POINT('',(112.,-62.,-7.));
#264 = DIRECTION('',(0.,0.,1.));
#265 = DIRECTION('',(0.,-1.,0.));
#266 = DEFINITIONAL_REPRESENTATION('',(#267),#271);
#267 = LINE('',#268,#269);
#268 = CARTESIAN_POINT('',(0.,14.));
#269 = VECTOR('',#270,1.);
#270 = DIRECTION('',(1.,0.));
#271 = ( GEOMETRIC_REPRESENTATION_CONTEXT(2) 
PARAMETRIC_REPRESENTATION_CONTEXT() REPRESENTATION_CONTEXT('2D SPACE',''
  ) );
#272 = ORIENTED_EDGE('',*,*,#273,.T.);
#273 = EDGE_CURVE('',#245,#274,#276,.T.);
#274 = VERTEX_POINT('',#275);
#275 = CARTESIAN_POINT('',(120.,62.,7.));
#276 = SURFACE_CURVE('',#277,(#281,#288),.PCURVE_S1.);
#277 = LINE('',#278,#279);
#278 = CARTESIAN_POINT('',(120.,-70.,7.));
#279 = VECTOR('',#280,1.);
#280 = DIRECTION('',(0.,1.,0.));
#281 = PCURVE('',#94,#282);
#282 = DEFINITIONAL_REPRESENTATION('',(#283),#287);
#283 = LINE('',#284,#285);
#284 = CARTESIAN_POINT('',(240.,0.));
#285 = VECTOR('',#286,1.);
#286 = DIRECTION('',(0.,1.));
#287 = ( GEOMETRIC_REPRESENTATION_CONTEXT(2) 
PARAMETRIC_REPRESENTATION_CONTEXT() REPRESENTATION_CONTEXT('2D SPACE',''
  ) );
#288 = PCURVE('',#289,#294);
#289 = PLANE('',#290);
#290 = AXIS2_PLACEMENT_3D('',#291,#292,#293);
#291 = CARTESIAN_POINT('',(120.,-70.,-7.));
#292 = DIRECTION('',(1.,0.,0.));
#293 = DIRECTION('',(0.,0.,1.));
#294 = DEFINITIONAL_REPRESENTATION('',(#295),#299);
#295 = LINE('',#296,#297);
#296 = CARTESIAN_POINT('',(14.,0.));
#297 = VECTOR('',#298,1.);
#298 = DIRECTION('',(0.,-1.));
#299 = ( GEOMETRIC_REPRESENTATION_CONTEXT(2) 
PARAMETRIC_REPRESENTATION_CONTEXT() REPRESENTATION_CONTEXT('2D SPACE',''
  ) );
#300 = ORIENTED_EDGE('',*,*,#301,.F.);
#301 = EDGE_CURVE('',#302,#274,#304,.T.);
#302 = VERTEX_POINT('',#303);
#303 = CARTESIAN_POINT('',(112.,70.,7.));
#304 = SURFACE_CURVE('',#305,(#310,#321),.PCURVE_S1.);
#305 = CIRCLE('',#306,8.);
#306 = AXIS2_PLACEMENT_3D('',#307,#308,#309);
#307 = CARTESIAN_POINT('',(112.,62.,7.));
#308 = DIRECTION('',(-0.,-0.,-1.));
#309 = DIRECTION('',(0.,-1.,0.));
#310 = PCURVE('',#94,#311);
#311 = DEFINITIONAL_REPRESENTATION('',(#312),#320);
#312 = ( BOUNDED_CURVE() B_SPLINE_CURVE(2,(#313,#314,#315,#316,#317,#318
,#319),.UNSPECIFIED.,.T.,.F.) B_SPLINE_CURVE_WITH_KNOTS((1,2,2,2,2,1),(
    -2.094395102393,0.,2.094395102393,4.188790204786,6.28318530718,
8.377580409573),.UNSPECIFIED.) CURVE() GEOMETRIC_REPRESENTATION_ITEM() 
RATIONAL_B_SPLINE_CURVE((1.,0.5,1.,0.5,1.,0.5,1.)) REPRESENTATION_ITEM(
  '') );
#313 = CARTESIAN_POINT('',(232.,124.));
#314 = CARTESIAN_POINT('',(218.14359353944,124.));
#315 = CARTESIAN_POINT('',(225.07179676972,136.));
#316 = CARTESIAN_POINT('',(232.,148.));
#317 = CARTESIAN_POINT('',(238.92820323027,136.));
#318 = CARTESIAN_POINT('',(245.85640646055,124.));
#319 = CARTESIAN_POINT('',(232.,124.));
#320 = ( GEOMETRIC_REPRESENTATION_CONTEXT(2) 
PARAMETRIC_REPRESENTATION_CONTEXT() REPRESENTATION_CONTEXT('2D SPACE',''
  ) );
#321 = PCURVE('',#322,#327);
#322 = CYLINDRICAL_SURFACE('',#323,8.);
#323 = AXIS2_PLACEMENT_3D('',#324,#325,#326);
#324 = CARTESIAN_POINT('',(112.,62.,-7.));
#325 = DIRECTION('',(0.,0.,1.));
#326 = DIRECTION('',(0.,1.,0.));
#327 = DEFINITIONAL_REPRESENTATION('',(#328),#332);
#328 = LINE('',#329,#330);
#329 = CARTESIAN_POINT('',(3.14159265359,14.));
#330 = VECTOR('',#331,1.);
#331 = DIRECTION('',(-1.,0.));
#332 = ( GEOMETRIC_REPRESENTATION_CONTEXT(2) 
PARAMETRIC_REPRESENTATION_CONTEXT() REPRESENTATION_CONTEXT('2D SPACE',''
  ) );
#333 = ORIENTED_EDGE('',*,*,#334,.F.);
#334 = EDGE_CURVE('',#335,#302,#337,.T.);
#335 = VERTEX_POINT('',#336);
#336 = CARTESIAN_POINT('',(-112.,70.,7.));
#337 = SURFACE_CURVE('',#338,(#342,#349),.PCURVE_S1.);
#338 = LINE('',#339,#340);
#339 = CARTESIAN_POINT('',(-120.,70.,7.));
#340 = VECTOR('',#341,1.);
#341 = DIRECTION('',(1.,0.,0.));
#342 = PCURVE('',#94,#343);
#343 = DEFINITIONAL_REPRESENTATION('',(#344),#348);
#344 = LINE('',#345,#346);
#345 = CARTESIAN_POINT('',(0.,140.));
#346 = VECTOR('',#347,1.);
#347 = DIRECTION('',(1.,0.));
#348 = ( GEOMETRIC_REPRESENTATION_CONTEXT(2) 
PARAMETRIC_REPRESENTATION_CONTEXT() REPRESENTATION_CONTEXT('2D SPACE',''
  ) );
#349 = PCURVE('',#350,#355);
#350 = PLANE('',#351);
#351 = AXIS2_PLACEMENT_3D('',#352,#353,#354);
#352 = CARTESIAN_POINT('',(-120.,70.,-7.));
#353 = DIRECTION('',(0.,1.,0.));
#354 = DIRECTION('',(0.,0.,1.));
#355 = DEFINITIONAL_REPRESENTATION('',(#356),#360);
#356 = LINE('',#357,#358);
#357 = CARTESIAN_POINT('',(14.,0.));
#358 = VECTOR('',#359,1.);
#359 = DIRECTION('',(0.,1.));
#360 = ( GEOMETRIC_REPRESENTATION_CONTEXT(2) 
PARAMETRIC_REPRESENTATION_CONTEXT() REPRESENTATION_CONTEXT('2D SPACE',''
  ) );
#361 = ORIENTED_EDGE('',*,*,#362,.F.);
#362 = EDGE_CURVE('',#74,#335,#363,.T.);
#363 = SURFACE_CURVE('',#364,(#369,#380),.PCURVE_S1.);
#364 = CIRCLE('',#365,8.);
#365 = AXIS2_PLACEMENT_3D('',#366,#367,#368);
#366 = CARTESIAN_POINT('',(-112.,62.,7.));
#367 = DIRECTION('',(-0.,-0.,-1.));
#368 = DIRECTION('',(0.,-1.,0.));
#369 = PCURVE('',#94,#370);
#370 = DEFINITIONAL_REPRESENTATION('',(#371),#379);
#371 = ( BOUNDED_CURVE() B_SPLINE_CURVE(2,(#372,#373,#374,#375,#376,#377
,#378),.UNSPECIFIED.,.T.,.F.) B_SPLINE_CURVE_WITH_KNOTS((1,2,2,2,2,1),(
    -2.094395102393,0.,2.094395102393,4.188790204786,6.28318530718,
8.377580409573),.UNSPECIFIED.) CURVE() GEOMETRIC_REPRESENTATION_ITEM() 
RATIONAL_B_SPLINE_CURVE((1.,0.5,1.,0.5,1.,0.5,1.)) REPRESENTATION_ITEM(
  '') );
#372 = CARTESIAN_POINT('',(8.,124.));
#373 = CARTESIAN_POINT('',(-5.856406460551,124.));
#374 = CARTESIAN_POINT('',(1.071796769724,136.));
#375 = CARTESIAN_POINT('',(8.,148.));
#376 = CARTESIAN_POINT('',(14.928203230276,136.));
#377 = CARTESIAN_POINT('',(21.856406460551,124.));
#378 = CARTESIAN_POINT('',(8.,124.));
#379 = ( GEOMETRIC_REPRESENTATION_CONTEXT(2) 
PARAMETRIC_REPRESENTATION_CONTEXT() REPRESENTATION_CONTEXT('2D SPACE',''
  ) );
#380 = PCURVE('',#176,#381);
#381 = DEFINITIONAL_REPRESENTATION('',(#382),#386);
#382 = LINE('',#383,#384);
#383 = CARTESIAN_POINT('',(1.570796326795,14.));
#384 = VECTOR('',#385,1.);
#385 = DIRECTION('',(-1.,0.));
#386 = ( GEOMETRIC_REPRESENTATION_CONTEXT(2) 
PARAMETRIC_REPRESENTATION_CONTEXT() REPRESENTATION_CONTEXT('2D SPACE',''
  ) );
#387 = FACE_BOUND('',#388,.T.);
#388 = EDGE_LOOP('',(#389));
#389 = ORIENTED_EDGE('',*,*,#390,.T.);
#390 = EDGE_CURVE('',#391,#391,#393,.T.);
#391 = VERTEX_POINT('',#392);
#392 = CARTESIAN_POINT('',(-100.5,-50.,7.));
#393 = SURFACE_CURVE('',#394,(#399,#410),.PCURVE_S1.);
#394 = CIRCLE('',#395,5.5);
#395 = AXIS2_PLACEMENT_3D('',#396,#397,#398);
#396 = CARTESIAN_POINT('',(-95.,-50.,7.));
#397 = DIRECTION('',(0.,0.,-1.));
#398 = DIRECTION('',(-1.,0.,0.));
#399 = PCURVE('',#94,#400);
#400 = DEFINITIONAL_REPRESENTATION('',(#401),#409);
#401 = ( BOUNDED_CURVE() B_SPLINE_CURVE(2,(#402,#403,#404,#405,#406,#407
,#408),.UNSPECIFIED.,.T.,.F.) B_SPLINE_CURVE_WITH_KNOTS((1,2,2,2,2,1),(
    -2.094395102393,0.,2.094395102393,4.188790204786,6.28318530718,
8.377580409573),.UNSPECIFIED.) CURVE() GEOMETRIC_REPRESENTATION_ITEM() 
RATIONAL_B_SPLINE_CURVE((1.,0.5,1.,0.5,1.,0.5,1.)) REPRESENTATION_ITEM(
  '') );
#402 = CARTESIAN_POINT('',(19.5,20.));
#403 = CARTESIAN_POINT('',(19.5,29.526279441629));
#404 = CARTESIAN_POINT('',(27.75,24.763139720814));
#405 = CARTESIAN_POINT('',(36.,20.));
#406 = CARTESIAN_POINT('',(27.75,15.236860279186));
#407 = CARTESIAN_POINT('',(19.5,10.473720558371));
#408 = CARTESIAN_POINT('',(19.5,20.));
#409 = ( GEOMETRIC_REPRESENTATION_CONTEXT(2) 
PARAMETRIC_REPRESENTATION_CONTEXT() REPRESENTATION_CONTEXT('2D SPACE',''
  ) );
#410 = PCURVE('',#411,#416);
#411 = CYLINDRICAL_SURFACE('',#412,5.5);
#412 = AXIS2_PLACEMENT_3D('',#413,#414,#415);
#413 = CARTESIAN_POINT('',(-95.,-50.,7.));
#414 = DIRECTION('',(0.,0.,-1.));
#415 = DIRECTION('',(-1.,0.,0.));
#416 = DEFINITIONAL_REPRESENTATION('',(#417),#421);
#417 = LINE('',#418,#419);
#418 = CARTESIAN_POINT('',(0.,0.));
#419 = VECTOR('',#420,1.);
#420 = DIRECTION('',(1.,0.));
#421 = ( GEOMETRIC_REPRESENTATION_CONTEXT(2) 
PARAMETRIC_REPRESENTATION_CONTEXT() REPRESENTATION_CONTEXT('2D SPACE',''
  ) );
#422 = FACE_BOUND('',#423,.T.);
#423 = EDGE_LOOP('',(#424));
#424 = ORIENTED_EDGE('',*,*,#425,.T.);
#425 = EDGE_CURVE('',#426,#426,#428,.T.);
#426 = VERTEX_POINT('',#427);
#427 = CARTESIAN_POINT('',(89.5,-50.,7.));
#428 = SURFACE_CURVE('',#429,(#434,#445),.PCURVE_S1.);
#429 = CIRCLE('',#430,5.5);
#430 = AXIS2_PLACEMENT_3D('',#431,#432,#433);
#431 = CARTESIAN_POINT('',(95.,-50.,7.));
#432 = DIRECTION('',(0.,0.,-1.));
#433 = DIRECTION('',(-1.,0.,0.));
#434 = PCURVE('',#94,#435);
#435 = DEFINITIONAL_REPRESENTATION('',(#436),#444);
#436 = ( BOUNDED_CURVE() B_SPLINE_CURVE(2,(#437,#438,#439,#440,#441,#442
,#443),.UNSPECIFIED.,.T.,.F.) B_SPLINE_CURVE_WITH_KNOTS((1,2,2,2,2,1),(
    -2.094395102393,0.,2.094395102393,4.188790204786,6.28318530718,
8.377580409573),.UNSPECIFIED.) CURVE() GEOMETRIC_REPRESENTATION_ITEM() 
RATIONAL_B_SPLINE_CURVE((1.,0.5,1.,0.5,1.,0.5,1.)) REPRESENTATION_ITEM(
  '') );
#437 = CARTESIAN_POINT('',(209.5,20.));
#438 = CARTESIAN_POINT('',(209.5,29.526279441629));
#439 = CARTESIAN_POINT('',(217.75,24.763139720814));
#440 = CARTESIAN_POINT('',(226.,20.));
#441 = CARTESIAN_POINT('',(217.75,15.236860279186));
#442 = CARTESIAN_POINT('',(209.5,10.473720558371));
#443 = CARTESIAN_POINT('',(209.5,20.));
#444 = ( GEOMETRIC_REPRESENTATION_CONTEXT(2) 
PARAMETRIC_REPRESENTATION_CONTEXT() REPRESENTATION_CONTEXT('2D SPACE',''
  ) );
#445 = PCURVE('',#446,#451);
#446 = CYLINDRICAL_SURFACE('',#447,5.5);
#447 = AXIS2_PLACEMENT_3D('',#448,#449,#450);
#448 = CARTESIAN_POINT('',(95.,-50.,7.));
#449 = DIRECTION('',(0.,0.,-1.));
#450 = DIRECTION('',(-1.,0.,0.));
#451 = DEFINITIONAL_REPRESENTATION('',(#452),#456);
#452 = LINE('',#453,#454);
#453 = CARTESIAN_POINT('',(0.,0.));
#454 = VECTOR('',#455,1.);
#455 = DIRECTION('',(1.,0.));
#456 = ( GEOMETRIC_REPRESENTATION_CONTEXT(2) 
PARAMETRIC_REPRESENTATION_CONTEXT() REPRESENTATION_CONTEXT('2D SPACE',''
  ) );
#457 = FACE_BOUND('',#458,.T.);
#458 = EDGE_LOOP('',(#459));
#459 = ORIENTED_EDGE('',*,*,#460,.T.);
#460 = EDGE_CURVE('',#461,#461,#463,.T.);
#461 = VERTEX_POINT('',#462);
#462 = CARTESIAN_POINT('',(-100.5,50.,7.));
#463 = SURFACE_CURVE('',#464,(#469,#480),.PCURVE_S1.);
#464 = CIRCLE('',#465,5.5);
#465 = AXIS2_PLACEMENT_3D('',#466,#467,#468);
#466 = CARTESIAN_POINT('',(-95.,50.,7.));
#467 = DIRECTION('',(0.,0.,-1.));
#468 = DIRECTION('',(-1.,0.,0.));
#469 = PCURVE('',#94,#470);
#470 = DEFINITIONAL_REPRESENTATION('',(#471),#479);
#471 = ( BOUNDED_CURVE() B_SPLINE_CURVE(2,(#472,#473,#474,#475,#476,#477
,#478),.UNSPECIFIED.,.T.,.F.) B_SPLINE_CURVE_WITH_KNOTS((1,2,2,2,2,1),(
    -2.094395102393,0.,2.094395102393,4.188790204786,6.28318530718,
8.377580409573),.UNSPECIFIED.) CURVE() GEOMETRIC_REPRESENTATION_ITEM() 
RATIONAL_B_SPLINE_CURVE((1.,0.5,1.,0.5,1.,0.5,1.)) REPRESENTATION_ITEM(
  '') );
#472 = CARTESIAN_POINT('',(19.5,120.));
#473 = CARTESIAN_POINT('',(19.5,129.52627944162));
#474 = CARTESIAN_POINT('',(27.75,124.76313972081));
#475 = CARTESIAN_POINT('',(36.,120.));
#476 = CARTESIAN_POINT('',(27.75,115.23686027918));
#477 = CARTESIAN_POINT('',(19.5,110.47372055837));
#478 = CARTESIAN_POINT('',(19.5,120.));
#479 = ( GEOMETRIC_REPRESENTATION_CONTEXT(2) 
PARAMETRIC_REPRESENTATION_CONTEXT() REPRESENTATION_CONTEXT('2D SPACE',''
  ) );
#480 = PCURVE('',#481,#486);
#481 = CYLINDRICAL_SURFACE('',#482,5.5);
#482 = AXIS2_PLACEMENT_3D('',#483,#484,#485);
#483 = CARTESIAN_POINT('',(-95.,50.,7.));
#484 = DIRECTION('',(0.,0.,-1.));
#485 = DIRECTION('',(-1.,0.,0.));
#486 = DEFINITIONAL_REPRESENTATION('',(#487),#491);
#487 = LINE('',#488,#489);
#488 = CARTESIAN_POINT('',(0.,0.));
#489 = VECTOR('',#490,1.);
#490 = DIRECTION('',(1.,0.));
#491 = ( GEOMETRIC_REPRESENTATION_CONTEXT(2) 
PARAMETRIC_REPRESENTATION_CONTEXT() REPRESENTATION_CONTEXT('2D SPACE',''
  ) );
#492 = FACE_BOUND('',#493,.T.);
#493 = EDGE_LOOP('',(#494));
#494 = ORIENTED_EDGE('',*,*,#495,.T.);
#495 = EDGE_CURVE('',#496,#496,#498,.T.);
#496 = VERTEX_POINT('',#497);
#497 = CARTESIAN_POINT('',(89.5,50.,7.));
#498 = SURFACE_CURVE('',#499,(#504,#515),.PCURVE_S1.);
#499 = CIRCLE('',#500,5.5);
#500 = AXIS2_PLACEMENT_3D('',#501,#502,#503);
#501 = CARTESIAN_POINT('',(95.,50.,7.));
#502 = DIRECTION('',(0.,0.,-1.));
#503 = DIRECTION('',(-1.,0.,0.));
#504 = PCURVE('',#94,#505);
#505 = DEFINITIONAL_REPRESENTATION('',(#506),#514);
#506 = ( BOUNDED_CURVE() B_SPLINE_CURVE(2,(#507,#508,#509,#510,#511,#512
,#513),.UNSPECIFIED.,.T.,.F.) B_SPLINE_CURVE_WITH_KNOTS((1,2,2,2,2,1),(
    -2.094395102393,0.,2.094395102393,4.188790204786,6.28318530718,
8.377580409573),.UNSPECIFIED.) CURVE() GEOMETRIC_REPRESENTATION_ITEM() 
RATIONAL_B_SPLINE_CURVE((1.,0.5,1.,0.5,1.,0.5,1.)) REPRESENTATION_ITEM(
  '') );
#507 = CARTESIAN_POINT('',(209.5,120.));
#508 = CARTESIAN_POINT('',(209.5,129.52627944162));
#509 = CARTESIAN_POINT('',(217.75,124.76313972081));
#510 = CARTESIAN_POINT('',(226.,120.));
#511 = CARTESIAN_POINT('',(217.75,115.23686027918));
#512 = CARTESIAN_POINT('',(209.5,110.47372055837));
#513 = CARTESIAN_POINT('',(209.5,120.));
#514 = ( GEOMETRIC_REPRESENTATION_CONTEXT(2) 
PARAMETRIC_REPRESENTATION_CONTEXT() REPRESENTATION_CONTEXT('2D SPACE',''
  ) );
#515 = PCURVE('',#516,#521);
#516 = CYLINDRICAL_SURFACE('',#517,5.5);
#517 = AXIS2_PLACEMENT_3D('',#518,#519,#520);
#518 = CARTESIAN_POINT('',(95.,50.,7.));
#519 = DIRECTION('',(0.,0.,-1.));
#520 = DIRECTION('',(-1.,0.,0.));
#521 = DEFINITIONAL_REPRESENTATION('',(#522),#526);
#522 = LINE('',#523,#524);
#523 = CARTESIAN_POINT('',(0.,0.));
#524 = VECTOR('',#525,1.);
#525 = DIRECTION('',(1.,0.));
#526 = ( GEOMETRIC_REPRESENTATION_CONTEXT(2) 
PARAMETRIC_REPRESENTATION_CONTEXT() REPRESENTATION_CONTEXT('2D SPACE',''
  ) );
#527 = ADVANCED_FACE('',(#528),#122,.T.);
#528 = FACE_BOUND('',#529,.T.);
#529 = EDGE_LOOP('',(#530,#554,#575,#576));
#530 = ORIENTED_EDGE('',*,*,#531,.T.);
#531 = EDGE_CURVE('',#107,#532,#534,.T.);
#532 = VERTEX_POINT('',#533);
#533 = CARTESIAN_POINT('',(-112.,-70.,-7.));
#534 = SURFACE_CURVE('',#535,(#540,#547),.PCURVE_S1.);
#535 = CIRCLE('',#536,8.);
#536 = AXIS2_PLACEMENT_3D('',#537,#538,#539);
#537 = CARTESIAN_POINT('',(-112.,-62.,-7.));
#538 = DIRECTION('',(0.,0.,1.));
#539 = DIRECTION('',(0.,-1.,0.));
#540 = PCURVE('',#122,#541);
#541 = DEFINITIONAL_REPRESENTATION('',(#542),#546);
#542 = LINE('',#543,#544);
#543 = CARTESIAN_POINT('',(-4.712388980385,0.));
#544 = VECTOR('',#545,1.);
#545 = DIRECTION('',(1.,0.));
#546 = ( GEOMETRIC_REPRESENTATION_CONTEXT(2) 
PARAMETRIC_REPRESENTATION_CONTEXT() REPRESENTATION_CONTEXT('2D SPACE',''
  ) );
#547 = PCURVE('',#150,#548);
#548 = DEFINITIONAL_REPRESENTATION('',(#549),#553);
#549 = CIRCLE('',#550,8.);
#550 = AXIS2_PLACEMENT_2D('',#551,#552);
#551 = CARTESIAN_POINT('',(8.,8.));
#552 = DIRECTION('',(0.,-1.));
#553 = ( GEOMETRIC_REPRESENTATION_CONTEXT(2) 
PARAMETRIC_REPRESENTATION_CONTEXT() REPRESENTATION_CONTEXT('2D SPACE',''
  ) );
#554 = ORIENTED_EDGE('',*,*,#555,.T.);
#555 = EDGE_CURVE('',#532,#193,#556,.T.);
#556 = SURFACE_CURVE('',#557,(#561,#568),.PCURVE_S1.);
#557 = LINE('',#558,#559);
#558 = CARTESIAN_POINT('',(-112.,-70.,-7.));
#559 = VECTOR('',#560,1.);
#560 = DIRECTION('',(0.,0.,1.));
#561 = PCURVE('',#122,#562);
#562 = DEFINITIONAL_REPRESENTATION('',(#563),#567);
#563 = LINE('',#564,#565);
#564 = CARTESIAN_POINT('',(1.570796326795,0.));
#565 = VECTOR('',#566,1.);
#566 = DIRECTION('',(0.,1.));
#567 = ( GEOMETRIC_REPRESENTATION_CONTEXT(2) 
PARAMETRIC_REPRESENTATION_CONTEXT() REPRESENTATION_CONTEXT('2D SPACE',''
  ) );
#568 = PCURVE('',#232,#569);
#569 = DEFINITIONAL_REPRESENTATION('',(#570),#574);
#570 = LINE('',#571,#572);
#571 = CARTESIAN_POINT('',(0.,8.));
#572 = VECTOR('',#573,1.);
#573 = DIRECTION('',(1.,0.));
#574 = ( GEOMETRIC_REPRESENTATION_CONTEXT(2) 
PARAMETRIC_REPRESENTATION_CONTEXT() REPRESENTATION_CONTEXT('2D SPACE',''
  ) );
#575 = ORIENTED_EDGE('',*,*,#192,.F.);
#576 = ORIENTED_EDGE('',*,*,#106,.F.);
#577 = ADVANCED_FACE('',(#578),#176,.T.);
#578 = FACE_BOUND('',#579,.F.);
#579 = EDGE_LOOP('',(#580,#608,#629,#630));
#580 = ORIENTED_EDGE('',*,*,#581,.T.);
#581 = EDGE_CURVE('',#135,#582,#584,.T.);
#582 = VERTEX_POINT('',#583);
#583 = CARTESIAN_POINT('',(-112.,70.,-7.));
#584 = SURFACE_CURVE('',#585,(#590,#597),.PCURVE_S1.);
#585 = CIRCLE('',#586,8.);
#586 = AXIS2_PLACEMENT_3D('',#587,#588,#589);
#587 = CARTESIAN_POINT('',(-112.,62.,-7.));
#588 = DIRECTION('',(-0.,-0.,-1.));
#589 = DIRECTION('',(0.,-1.,0.));
#590 = PCURVE('',#176,#591);
#591 = DEFINITIONAL_REPRESENTATION('',(#592),#596);
#592 = LINE('',#593,#594);
#593 = CARTESIAN_POINT('',(1.570796326795,-0.));
#594 = VECTOR('',#595,1.);
#595 = DIRECTION('',(-1.,0.));
#596 = ( GEOMETRIC_REPRESENTATION_CONTEXT(2) 
PARAMETRIC_REPRESENTATION_CONTEXT() REPRESENTATION_CONTEXT('2D SPACE',''
  ) );
#597 = PCURVE('',#150,#598);
#598 = DEFINITIONAL_REPRESENTATION('',(#599),#607);
#599 = ( BOUNDED_CURVE() B_SPLINE_CURVE(2,(#600,#601,#602,#603,#604,#605
,#606),.UNSPECIFIED.,.T.,.F.) B_SPLINE_CURVE_WITH_KNOTS((1,2,2,2,2,1),(
    -2.094395102393,0.,2.094395102393,4.188790204786,6.28318530718,
8.377580409573),.UNSPECIFIED.) CURVE() GEOMETRIC_REPRESENTATION_ITEM() 
RATIONAL_B_SPLINE_CURVE((1.,0.5,1.,0.5,1.,0.5,1.)) REPRESENTATION_ITEM(
  '') );
#600 = CARTESIAN_POINT('',(8.,124.));
#601 = CARTESIAN_POINT('',(-5.856406460551,124.));
#602 = CARTESIAN_POINT('',(1.071796769724,136.));
#603 = CARTESIAN_POINT('',(8.,148.));
#604 = CARTESIAN_POINT('',(14.928203230276,136.));
#605 = CARTESIAN_POINT('',(21.856406460551,124.));
#606 = CARTESIAN_POINT('',(8.,124.));
#607 = ( GEOMETRIC_REPRESENTATION_CONTEXT(2) 
PARAMETRIC_REPRESENTATION_CONTEXT() REPRESENTATION_CONTEXT('2D SPACE',''
  ) );
#608 = ORIENTED_EDGE('',*,*,#609,.T.);
#609 = EDGE_CURVE('',#582,#335,#610,.T.);
#610 = SURFACE_CURVE('',#611,(#615,#622),.PCURVE_S1.);
#611 = LINE('',#612,#613);
#612 = CARTESIAN_POINT('',(-112.,70.,-7.));
#613 = VECTOR('',#614,1.);
#614 = DIRECTION('',(0.,0.,1.));
#615 = PCURVE('',#176,#616);
#616 = DEFINITIONAL_REPRESENTATION('',(#617),#621);
#617 = LINE('',#618,#619);
#618 = CARTESIAN_POINT('',(-1.570796326795,0.));
#619 = VECTOR('',#620,1.);
#620 = DIRECTION('',(-0.,1.));
#621 = ( GEOMETRIC_REPRESENTATION_CONTEXT(2) 
PARAMETRIC_REPRESENTATION_CONTEXT() REPRESENTATION_CONTEXT('2D SPACE',''
  ) );
#622 = PCURVE('',#350,#623);
#623 = DEFINITIONAL_REPRESENTATION('',(#624),#628);
#624 = LINE('',#625,#626);
#625 = CARTESIAN_POINT('',(0.,8.));
#626 = VECTOR('',#627,1.);
#627 = DIRECTION('',(1.,0.));
#628 = ( GEOMETRIC_REPRESENTATION_CONTEXT(2) 
PARAMETRIC_REPRESENTATION_CONTEXT() REPRESENTATION_CONTEXT('2D SPACE',''
  ) );
#629 = ORIENTED_EDGE('',*,*,#362,.F.);
#630 = ORIENTED_EDGE('',*,*,#162,.F.);
#631 = ADVANCED_FACE('',(#632,#756,#786,#816,#846),#150,.F.);
#632 = FACE_BOUND('',#633,.F.);
#633 = EDGE_LOOP('',(#634,#635,#636,#659,#683,#706,#734,#755));
#634 = ORIENTED_EDGE('',*,*,#134,.F.);
#635 = ORIENTED_EDGE('',*,*,#531,.T.);
#636 = ORIENTED_EDGE('',*,*,#637,.T.);
#637 = EDGE_CURVE('',#532,#638,#640,.T.);
#638 = VERTEX_POINT('',#639);
#639 = CARTESIAN_POINT('',(112.,-70.,-7.));
#640 = SURFACE_CURVE('',#641,(#645,#652),.PCURVE_S1.);
#641 = LINE('',#642,#643);
#642 = CARTESIAN_POINT('',(-120.,-70.,-7.));
#643 = VECTOR('',#644,1.);
#644 = DIRECTION('',(1.,0.,0.));
#645 = PCURVE('',#150,#646);
#646 = DEFINITIONAL_REPRESENTATION('',(#647),#651);
#647 = LINE('',#648,#649);
#648 = CARTESIAN_POINT('',(0.,0.));
#649 = VECTOR('',#650,1.);
#650 = DIRECTION('',(1.,0.));
#651 = ( GEOMETRIC_REPRESENTATION_CONTEXT(2) 
PARAMETRIC_REPRESENTATION_CONTEXT() REPRESENTATION_CONTEXT('2D SPACE',''
  ) );
#652 = PCURVE('',#232,#653);
#653 = DEFINITIONAL_REPRESENTATION('',(#654),#658);
#654 = LINE('',#655,#656);
#655 = CARTESIAN_POINT('',(0.,0.));
#656 = VECTOR('',#657,1.);
#657 = DIRECTION('',(0.,1.));
#658 = ( GEOMETRIC_REPRESENTATION_CONTEXT(2) 
PARAMETRIC_REPRESENTATION_CONTEXT() REPRESENTATION_CONTEXT('2D SPACE',''
  ) );
#659 = ORIENTED_EDGE('',*,*,#660,.T.);
#660 = EDGE_CURVE('',#638,#661,#663,.T.);
#661 = VERTEX_POINT('',#662);
#662 = CARTESIAN_POINT('',(120.,-62.,-7.));
#663 = SURFACE_CURVE('',#664,(#669,#676),.PCURVE_S1.);
#664 = CIRCLE('',#665,8.);
#665 = AXIS2_PLACEMENT_3D('',#666,#667,#668);
#666 = CARTESIAN_POINT('',(112.,-62.,-7.));
#667 = DIRECTION('',(0.,0.,1.));
#668 = DIRECTION('',(0.,-1.,0.));
#669 = PCURVE('',#150,#670);
#670 = DEFINITIONAL_REPRESENTATION('',(#671),#675);
#671 = CIRCLE('',#672,8.);
#672 = AXIS2_PLACEMENT_2D('',#673,#674);
#673 = CARTESIAN_POINT('',(232.,8.));
#674 = DIRECTION('',(0.,-1.));
#675 = ( GEOMETRIC_REPRESENTATION_CONTEXT(2) 
PARAMETRIC_REPRESENTATION_CONTEXT() REPRESENTATION_CONTEXT('2D SPACE',''
  ) );
#676 = PCURVE('',#261,#677);
#677 = DEFINITIONAL_REPRESENTATION('',(#678),#682);
#678 = LINE('',#679,#680);
#679 = CARTESIAN_POINT('',(0.,0.));
#680 = VECTOR('',#681,1.);
#681 = DIRECTION('',(1.,0.));
#682 = ( GEOMETRIC_REPRESENTATION_CONTEXT(2) 
PARAMETRIC_REPRESENTATION_CONTEXT() REPRESENTATION_CONTEXT('2D SPACE',''
  ) );
#683 = ORIENTED_EDGE('',*,*,#684,.T.);
#684 = EDGE_CURVE('',#661,#685,#687,.T.);
#685 = VERTEX_POINT('',#686);
#686 = CARTESIAN_POINT('',(120.,62.,-7.));
#687 = SURFACE_CURVE('',#688,(#692,#699),.PCURVE_S1.);
#688 = LINE('',#689,#690);
#689 = CARTESIAN_POINT('',(120.,-70.,-7.));
#690 = VECTOR('',#691,1.);
#691 = DIRECTION('',(0.,1.,0.));
#692 = PCURVE('',#150,#693);
#693 = DEFINITIONAL_REPRESENTATION('',(#694),#698);
#694 = LINE('',#695,#696);
#695 = CARTESIAN_POINT('',(240.,0.));
#696 = VECTOR('',#697,1.);
#697 = DIRECTION('',(0.,1.));
#698 = ( GEOMETRIC_REPRESENTATION_CONTEXT(2) 
PARAMETRIC_REPRESENTATION_CONTEXT() REPRESENTATION_CONTEXT('2D SPACE',''
  ) );
#699 = PCURVE('',#289,#700);
#700 = DEFINITIONAL_REPRESENTATION('',(#701),#705);
#701 = LINE('',#702,#703);
#702 = CARTESIAN_POINT('',(0.,0.));
#703 = VECTOR('',#704,1.);
#704 = DIRECTION('',(0.,-1.));
#705 = ( GEOMETRIC_REPRESENTATION_CONTEXT(2) 
PARAMETRIC_REPRESENTATION_CONTEXT() REPRESENTATION_CONTEXT('2D SPACE',''
  ) );
#706 = ORIENTED_EDGE('',*,*,#707,.F.);
#707 = EDGE_CURVE('',#708,#685,#710,.T.);
#708 = VERTEX_POINT('',#709);
#709 = CARTESIAN_POINT('',(112.,70.,-7.));
#710 = SURFACE_CURVE('',#711,(#716,#727),.PCURVE_S1.);
#711 = CIRCLE('',#712,8.);
#712 = AXIS2_PLACEMENT_3D('',#713,#714,#715);
#713 = CARTESIAN_POINT('',(112.,62.,-7.));
#714 = DIRECTION('',(-0.,-0.,-1.));
#715 = DIRECTION('',(0.,-1.,0.));
#716 = PCURVE('',#150,#717);
#717 = DEFINITIONAL_REPRESENTATION('',(#718),#726);
#718 = ( BOUNDED_CURVE() B_SPLINE_CURVE(2,(#719,#720,#721,#722,#723,#724
,#725),.UNSPECIFIED.,.T.,.F.) B_SPLINE_CURVE_WITH_KNOTS((1,2,2,2,2,1),(
    -2.094395102393,0.,2.094395102393,4.188790204786,6.28318530718,
8.377580409573),.UNSPECIFIED.) CURVE() GEOMETRIC_REPRESENTATION_ITEM() 
RATIONAL_B_SPLINE_CURVE((1.,0.5,1.,0.5,1.,0.5,1.)) REPRESENTATION_ITEM(
  '') );
#719 = CARTESIAN_POINT('',(232.,124.));
#720 = CARTESIAN_POINT('',(218.14359353944,124.));
#721 = CARTESIAN_POINT('',(225.07179676972,136.));
#722 = CARTESIAN_POINT('',(232.,148.));
#723 = CARTESIAN_POINT('',(238.92820323027,136.));
#724 = CARTESIAN_POINT('',(245.85640646055,124.));
#725 = CARTESIAN_POINT('',(232.,124.));
#726 = ( GEOMETRIC_REPRESENTATION_CONTEXT(2) 
PARAMETRIC_REPRESENTATION_CONTEXT() REPRESENTATION_CONTEXT('2D SPACE',''
  ) );
#727 = PCURVE('',#322,#728);
#728 = DEFINITIONAL_REPRESENTATION('',(#729),#733);
#729 = LINE('',#730,#731);
#730 = CARTESIAN_POINT('',(3.14159265359,-0.));
#731 = VECTOR('',#732,1.);
#732 = DIRECTION('',(-1.,0.));
#733 = ( GEOMETRIC_REPRESENTATION_CONTEXT(2) 
PARAMETRIC_REPRESENTATION_CONTEXT() REPRESENTATION_CONTEXT('2D SPACE',''
  ) );
#734 = ORIENTED_EDGE('',*,*,#735,.F.);
#735 = EDGE_CURVE('',#582,#708,#736,.T.);
#736 = SURFACE_CURVE('',#737,(#741,#748),.PCURVE_S1.);
#737 = LINE('',#738,#739);
#738 = CARTESIAN_POINT('',(-120.,70.,-7.));
#739 = VECTOR('',#740,1.);
#740 = DIRECTION('',(1.,0.,0.));
#741 = PCURVE('',#150,#742);
#742 = DEFINITIONAL_REPRESENTATION('',(#743),#747);
#743 = LINE('',#744,#745);
#744 = CARTESIAN_POINT('',(0.,140.));
#745 = VECTOR('',#746,1.);
#746 = DIRECTION('',(1.,0.));
#747 = ( GEOMETRIC_REPRESENTATION_CONTEXT(2) 
PARAMETRIC_REPRESENTATION_CONTEXT() REPRESENTATION_CONTEXT('2D SPACE',''
  ) );
#748 = PCURVE('',#350,#749);
#749 = DEFINITIONAL_REPRESENTATION('',(#750),#754);
#750 = LINE('',#751,#752);
#751 = CARTESIAN_POINT('',(0.,0.));
#752 = VECTOR('',#753,1.);
#753 = DIRECTION('',(0.,1.));
#754 = ( GEOMETRIC_REPRESENTATION_CONTEXT(2) 
PARAMETRIC_REPRESENTATION_CONTEXT() REPRESENTATION_CONTEXT('2D SPACE',''
  ) );
#755 = ORIENTED_EDGE('',*,*,#581,.F.);
#756 = FACE_BOUND('',#757,.F.);
#757 = EDGE_LOOP('',(#758));
#758 = ORIENTED_EDGE('',*,*,#759,.T.);
#759 = EDGE_CURVE('',#760,#760,#762,.T.);
#760 = VERTEX_POINT('',#761);
#761 = CARTESIAN_POINT('',(-100.5,-50.,-7.));
#762 = SURFACE_CURVE('',#763,(#768,#779),.PCURVE_S1.);
#763 = CIRCLE('',#764,5.5);
#764 = AXIS2_PLACEMENT_3D('',#765,#766,#767);
#765 = CARTESIAN_POINT('',(-95.,-50.,-7.));
#766 = DIRECTION('',(0.,0.,-1.));
#767 = DIRECTION('',(-1.,0.,0.));
#768 = PCURVE('',#150,#769);
#769 = DEFINITIONAL_REPRESENTATION('',(#770),#778);
#770 = ( BOUNDED_CURVE() B_SPLINE_CURVE(2,(#771,#772,#773,#774,#775,#776
,#777),.UNSPECIFIED.,.T.,.F.) B_SPLINE_CURVE_WITH_KNOTS((1,2,2,2,2,1),(
    -2.094395102393,0.,2.094395102393,4.188790204786,6.28318530718,
8.377580409573),.UNSPECIFIED.) CURVE() GEOMETRIC_REPRESENTATION_ITEM() 
RATIONAL_B_SPLINE_CURVE((1.,0.5,1.,0.5,1.,0.5,1.)) REPRESENTATION_ITEM(
  '') );
#771 = CARTESIAN_POINT('',(19.5,20.));
#772 = CARTESIAN_POINT('',(19.5,29.526279441629));
#773 = CARTESIAN_POINT('',(27.75,24.763139720814));
#774 = CARTESIAN_POINT('',(36.,20.));
#775 = CARTESIAN_POINT('',(27.75,15.236860279186));
#776 = CARTESIAN_POINT('',(19.5,10.473720558371));
#777 = CARTESIAN_POINT('',(19.5,20.));
#778 = ( GEOMETRIC_REPRESENTATION_CONTEXT(2) 
PARAMETRIC_REPRESENTATION_CONTEXT() REPRESENTATION_CONTEXT('2D SPACE',''
  ) );
#779 = PCURVE('',#411,#780);
#780 = DEFINITIONAL_REPRESENTATION('',(#781),#785);
#781 = LINE('',#782,#783);
#782 = CARTESIAN_POINT('',(0.,14.));
#783 = VECTOR('',#784,1.);
#784 = DIRECTION('',(1.,0.));
#785 = ( GEOMETRIC_REPRESENTATION_CONTEXT(2) 
PARAMETRIC_REPRESENTATION_CONTEXT() REPRESENTATION_CONTEXT('2D SPACE',''
  ) );
#786 = FACE_BOUND('',#787,.F.);
#787 = EDGE_LOOP('',(#788));
#788 = ORIENTED_EDGE('',*,*,#789,.T.);
#789 = EDGE_CURVE('',#790,#790,#792,.T.);
#790 = VERTEX_POINT('',#791);
#791 = CARTESIAN_POINT('',(89.5,-50.,-7.));
#792 = SURFACE_CURVE('',#793,(#798,#809),.PCURVE_S1.);
#793 = CIRCLE('',#794,5.5);
#794 = AXIS2_PLACEMENT_3D('',#795,#796,#797);
#795 = CARTESIAN_POINT('',(95.,-50.,-7.));
#796 = DIRECTION('',(0.,0.,-1.));
#797 = DIRECTION('',(-1.,0.,0.));
#798 = PCURVE('',#150,#799);
#799 = DEFINITIONAL_REPRESENTATION('',(#800),#808);
#800 = ( BOUNDED_CURVE() B_SPLINE_CURVE(2,(#801,#802,#803,#804,#805,#806
,#807),.UNSPECIFIED.,.T.,.F.) B_SPLINE_CURVE_WITH_KNOTS((1,2,2,2,2,1),(
    -2.094395102393,0.,2.094395102393,4.188790204786,6.28318530718,
8.377580409573),.UNSPECIFIED.) CURVE() GEOMETRIC_REPRESENTATION_ITEM() 
RATIONAL_B_SPLINE_CURVE((1.,0.5,1.,0.5,1.,0.5,1.)) REPRESENTATION_ITEM(
  '') );
#801 = CARTESIAN_POINT('',(209.5,20.));
#802 = CARTESIAN_POINT('',(209.5,29.526279441629));
#803 = CARTESIAN_POINT('',(217.75,24.763139720814));
#804 = CARTESIAN_POINT('',(226.,20.));
#805 = CARTESIAN_POINT('',(217.75,15.236860279186));
#806 = CARTESIAN_POINT('',(209.5,10.473720558371));
#807 = CARTESIAN_POINT('',(209.5,20.));
#808 = ( GEOMETRIC_REPRESENTATION_CONTEXT(2) 
PARAMETRIC_REPRESENTATION_CONTEXT() REPRESENTATION_CONTEXT('2D SPACE',''
  ) );
#809 = PCURVE('',#446,#810);
#810 = DEFINITIONAL_REPRESENTATION('',(#811),#815);
#811 = LINE('',#812,#813);
#812 = CARTESIAN_POINT('',(0.,14.));
#813 = VECTOR('',#814,1.);
#814 = DIRECTION('',(1.,0.));
#815 = ( GEOMETRIC_REPRESENTATION_CONTEXT(2) 
PARAMETRIC_REPRESENTATION_CONTEXT() REPRESENTATION_CONTEXT('2D SPACE',''
  ) );
#816 = FACE_BOUND('',#817,.F.);
#817 = EDGE_LOOP('',(#818));
#818 = ORIENTED_EDGE('',*,*,#819,.T.);
#819 = EDGE_CURVE('',#820,#820,#822,.T.);
#820 = VERTEX_POINT('',#821);
#821 = CARTESIAN_POINT('',(-100.5,50.,-7.));
#822 = SURFACE_CURVE('',#823,(#828,#839),.PCURVE_S1.);
#823 = CIRCLE('',#824,5.5);
#824 = AXIS2_PLACEMENT_3D('',#825,#826,#827);
#825 = CARTESIAN_POINT('',(-95.,50.,-7.));
#826 = DIRECTION('',(0.,0.,-1.));
#827 = DIRECTION('',(-1.,0.,0.));
#828 = PCURVE('',#150,#829);
#829 = DEFINITIONAL_REPRESENTATION('',(#830),#838);
#830 = ( BOUNDED_CURVE() B_SPLINE_CURVE(2,(#831,#832,#833,#834,#835,#836
,#837),.UNSPECIFIED.,.T.,.F.) B_SPLINE_CURVE_WITH_KNOTS((1,2,2,2,2,1),(
    -2.094395102393,0.,2.094395102393,4.188790204786,6.28318530718,
8.377580409573),.UNSPECIFIED.) CURVE() GEOMETRIC_REPRESENTATION_ITEM() 
RATIONAL_B_SPLINE_CURVE((1.,0.5,1.,0.5,1.,0.5,1.)) REPRESENTATION_ITEM(
  '') );
#831 = CARTESIAN_POINT('',(19.5,120.));
#832 = CARTESIAN_POINT('',(19.5,129.52627944162));
#833 = CARTESIAN_POINT('',(27.75,124.76313972081));
#834 = CARTESIAN_POINT('',(36.,120.));
#835 = CARTESIAN_POINT('',(27.75,115.23686027918));
#836 = CARTESIAN_POINT('',(19.5,110.47372055837));
#837 = CARTESIAN_POINT('',(19.5,120.));
#838 = ( GEOMETRIC_REPRESENTATION_CONTEXT(2) 
PARAMETRIC_REPRESENTATION_CONTEXT() REPRESENTATION_CONTEXT('2D SPACE',''
  ) );
#839 = PCURVE('',#481,#840);
#840 = DEFINITIONAL_REPRESENTATION('',(#841),#845);
#841 = LINE('',#842,#843);
#842 = CARTESIAN_POINT('',(0.,14.));
#843 = VECTOR('',#844,1.);
#844 = DIRECTION('',(1.,0.));
#845 = ( GEOMETRIC_REPRESENTATION_CONTEXT(2) 
PARAMETRIC_REPRESENTATION_CONTEXT() REPRESENTATION_CONTEXT('2D SPACE',''
  ) );
#846 = FACE_BOUND('',#847,.F.);
#847 = EDGE_LOOP('',(#848));
#848 = ORIENTED_EDGE('',*,*,#849,.T.);
#849 = EDGE_CURVE('',#850,#850,#852,.T.);
#850 = VERTEX_POINT('',#851);
#851 = CARTESIAN_POINT('',(89.5,50.,-7.));
#852 = SURFACE_CURVE('',#853,(#858,#869),.PCURVE_S1.);
#853 = CIRCLE('',#854,5.5);
#854 = AXIS2_PLACEMENT_3D('',#855,#856,#857);
#855 = CARTESIAN_POINT('',(95.,50.,-7.));
#856 = DIRECTION('',(0.,0.,-1.));
#857 = DIRECTION('',(-1.,0.,0.));
#858 = PCURVE('',#150,#859);
#859 = DEFINITIONAL_REPRESENTATION('',(#860),#868);
#860 = ( BOUNDED_CURVE() B_SPLINE_CURVE(2,(#861,#862,#863,#864,#865,#866
,#867),.UNSPECIFIED.,.T.,.F.) B_SPLINE_CURVE_WITH_KNOTS((1,2,2,2,2,1),(
    -2.094395102393,0.,2.094395102393,4.188790204786,6.28318530718,
8.377580409573),.UNSPECIFIED.) CURVE() GEOMETRIC_REPRESENTATION_ITEM() 
RATIONAL_B_SPLINE_CURVE((1.,0.5,1.,0.5,1.,0.5,1.)) REPRESENTATION_ITEM(
  '') );
#861 = CARTESIAN_POINT('',(209.5,120.));
#862 = CARTESIAN_POINT('',(209.5,129.52627944162));
#863 = CARTESIAN_POINT('',(217.75,124.76313972081));
#864 = CARTESIAN_POINT('',(226.,120.));
#865 = CARTESIAN_POINT('',(217.75,115.23686027918));
#866 = CARTESIAN_POINT('',(209.5,110.47372055837));
#867 = CARTESIAN_POINT('',(209.5,120.));
#868 = ( GEOMETRIC_REPRESENTATION_CONTEXT(2) 
PARAMETRIC_REPRESENTATION_CONTEXT() REPRESENTATION_CONTEXT('2D SPACE',''
  ) );
#869 = PCURVE('',#516,#870);
#870 = DEFINITIONAL_REPRESENTATION('',(#871),#875);
#871 = LINE('',#872,#873);
#872 = CARTESIAN_POINT('',(0.,14.));
#873 = VECTOR('',#874,1.);
#874 = DIRECTION('',(1.,0.));
#875 = ( GEOMETRIC_REPRESENTATION_CONTEXT(2) 
PARAMETRIC_REPRESENTATION_CONTEXT() REPRESENTATION_CONTEXT('2D SPACE',''
  ) );
#876 = ADVANCED_FACE('',(#877),#232,.F.);
#877 = FACE_BOUND('',#878,.F.);
#878 = EDGE_LOOP('',(#879,#880,#881,#882));
#879 = ORIENTED_EDGE('',*,*,#637,.F.);
#880 = ORIENTED_EDGE('',*,*,#555,.T.);
#881 = ORIENTED_EDGE('',*,*,#216,.T.);
#882 = ORIENTED_EDGE('',*,*,#883,.F.);
#883 = EDGE_CURVE('',#638,#217,#884,.T.);
#884 = SURFACE_CURVE('',#885,(#889,#896),.PCURVE_S1.);
#885 = LINE('',#886,#887);
#886 = CARTESIAN_POINT('',(112.,-70.,-7.));
#887 = VECTOR('',#888,1.);
#888 = DIRECTION('',(0.,0.,1.));
#889 = PCURVE('',#232,#890);
#890 = DEFINITIONAL_REPRESENTATION('',(#891),#895);
#891 = LINE('',#892,#893);
#892 = CARTESIAN_POINT('',(0.,232.));
#893 = VECTOR('',#894,1.);
#894 = DIRECTION('',(1.,0.));
#895 = ( GEOMETRIC_REPRESENTATION_CONTEXT(2) 
PARAMETRIC_REPRESENTATION_CONTEXT() REPRESENTATION_CONTEXT('2D SPACE',''
  ) );
#896 = PCURVE('',#261,#897);
#897 = DEFINITIONAL_REPRESENTATION('',(#898),#902);
#898 = LINE('',#899,#900);
#899 = CARTESIAN_POINT('',(0.,0.));
#900 = VECTOR('',#901,1.);
#901 = DIRECTION('',(0.,1.));
#902 = ( GEOMETRIC_REPRESENTATION_CONTEXT(2) 
PARAMETRIC_REPRESENTATION_CONTEXT() REPRESENTATION_CONTEXT('2D SPACE',''
  ) );
#903 = ADVANCED_FACE('',(#904),#350,.T.);
#904 = FACE_BOUND('',#905,.T.);
#905 = EDGE_LOOP('',(#906,#907,#908,#909));
#906 = ORIENTED_EDGE('',*,*,#735,.F.);
#907 = ORIENTED_EDGE('',*,*,#609,.T.);
#908 = ORIENTED_EDGE('',*,*,#334,.T.);
#909 = ORIENTED_EDGE('',*,*,#910,.F.);
#910 = EDGE_CURVE('',#708,#302,#911,.T.);
#911 = SURFACE_CURVE('',#912,(#916,#923),.PCURVE_S1.);
#912 = LINE('',#913,#914);
#913 = CARTESIAN_POINT('',(112.,70.,-7.));
#914 = VECTOR('',#915,1.);
#915 = DIRECTION('',(0.,0.,1.));
#916 = PCURVE('',#350,#917);
#917 = DEFINITIONAL_REPRESENTATION('',(#918),#922);
#918 = LINE('',#919,#920);
#919 = CARTESIAN_POINT('',(0.,232.));
#920 = VECTOR('',#921,1.);
#921 = DIRECTION('',(1.,0.));
#922 = ( GEOMETRIC_REPRESENTATION_CONTEXT(2) 
PARAMETRIC_REPRESENTATION_CONTEXT() REPRESENTATION_CONTEXT('2D SPACE',''
  ) );
#923 = PCURVE('',#322,#924);
#924 = DEFINITIONAL_REPRESENTATION('',(#925),#929);
#925 = LINE('',#926,#927);
#926 = CARTESIAN_POINT('',(-0.,0.));
#927 = VECTOR('',#928,1.);
#928 = DIRECTION('',(-0.,1.));
#929 = ( GEOMETRIC_REPRESENTATION_CONTEXT(2) 
PARAMETRIC_REPRESENTATION_CONTEXT() REPRESENTATION_CONTEXT('2D SPACE',''
  ) );
#930 = ADVANCED_FACE('',(#931),#261,.T.);
#931 = FACE_BOUND('',#932,.T.);
#932 = EDGE_LOOP('',(#933,#934,#955,#956));
#933 = ORIENTED_EDGE('',*,*,#660,.T.);
#934 = ORIENTED_EDGE('',*,*,#935,.T.);
#935 = EDGE_CURVE('',#661,#245,#936,.T.);
#936 = SURFACE_CURVE('',#937,(#941,#948),.PCURVE_S1.);
#937 = LINE('',#938,#939);
#938 = CARTESIAN_POINT('',(120.,-62.,-7.));
#939 = VECTOR('',#940,1.);
#940 = DIRECTION('',(0.,0.,1.));
#941 = PCURVE('',#261,#942);
#942 = DEFINITIONAL_REPRESENTATION('',(#943),#947);
#943 = LINE('',#944,#945);
#944 = CARTESIAN_POINT('',(1.570796326795,0.));
#945 = VECTOR('',#946,1.);
#946 = DIRECTION('',(0.,1.));
#947 = ( GEOMETRIC_REPRESENTATION_CONTEXT(2) 
PARAMETRIC_REPRESENTATION_CONTEXT() REPRESENTATION_CONTEXT('2D SPACE',''
  ) );
#948 = PCURVE('',#289,#949);
#949 = DEFINITIONAL_REPRESENTATION('',(#950),#954);
#950 = LINE('',#951,#952);
#951 = CARTESIAN_POINT('',(0.,-8.));
#952 = VECTOR('',#953,1.);
#953 = DIRECTION('',(1.,0.));
#954 = ( GEOMETRIC_REPRESENTATION_CONTEXT(2) 
PARAMETRIC_REPRESENTATION_CONTEXT() REPRESENTATION_CONTEXT('2D SPACE',''
  ) );
#955 = ORIENTED_EDGE('',*,*,#244,.F.);
#956 = ORIENTED_EDGE('',*,*,#883,.F.);
#957 = ADVANCED_FACE('',(#958),#322,.T.);
#958 = FACE_BOUND('',#959,.F.);
#959 = EDGE_LOOP('',(#960,#961,#982,#983));
#960 = ORIENTED_EDGE('',*,*,#707,.T.);
#961 = ORIENTED_EDGE('',*,*,#962,.T.);
#962 = EDGE_CURVE('',#685,#274,#963,.T.);
#963 = SURFACE_CURVE('',#964,(#968,#975),.PCURVE_S1.);
#964 = LINE('',#965,#966);
#965 = CARTESIAN_POINT('',(120.,62.,-7.));
#966 = VECTOR('',#967,1.);
#967 = DIRECTION('',(0.,0.,1.));
#968 = PCURVE('',#322,#969);
#969 = DEFINITIONAL_REPRESENTATION('',(#970),#974);
#970 = LINE('',#971,#972);
#971 = CARTESIAN_POINT('',(-1.570796326795,0.));
#972 = VECTOR('',#973,1.);
#973 = DIRECTION('',(-0.,1.));
#974 = ( GEOMETRIC_REPRESENTATION_CONTEXT(2) 
PARAMETRIC_REPRESENTATION_CONTEXT() REPRESENTATION_CONTEXT('2D SPACE',''
  ) );
#975 = PCURVE('',#289,#976);
#976 = DEFINITIONAL_REPRESENTATION('',(#977),#981);
#977 = LINE('',#978,#979);
#978 = CARTESIAN_POINT('',(0.,-132.));
#979 = VECTOR('',#980,1.);
#980 = DIRECTION('',(1.,0.));
#981 = ( GEOMETRIC_REPRESENTATION_CONTEXT(2) 
PARAMETRIC_REPRESENTATION_CONTEXT() REPRESENTATION_CONTEXT('2D SPACE',''
  ) );
#982 = ORIENTED_EDGE('',*,*,#301,.F.);
#983 = ORIENTED_EDGE('',*,*,#910,.F.);
#984 = ADVANCED_FACE('',(#985),#289,.T.);
#985 = FACE_BOUND('',#986,.T.);
#986 = EDGE_LOOP('',(#987,#988,#989,#990));
#987 = ORIENTED_EDGE('',*,*,#273,.F.);
#988 = ORIENTED_EDGE('',*,*,#935,.F.);
#989 = ORIENTED_EDGE('',*,*,#684,.T.);
#990 = ORIENTED_EDGE('',*,*,#962,.T.);
#991 = ADVANCED_FACE('',(#992),#411,.F.);
#992 = FACE_BOUND('',#993,.F.);
#993 = EDGE_LOOP('',(#994,#995,#1016,#1017));
#994 = ORIENTED_EDGE('',*,*,#759,.F.);
#995 = ORIENTED_EDGE('',*,*,#996,.F.);
#996 = EDGE_CURVE('',#391,#760,#997,.T.);
#997 = SEAM_CURVE('',#998,(#1002,#1009),.PCURVE_S1.);
#998 = LINE('',#999,#1000);
#999 = CARTESIAN_POINT('',(-100.5,-50.,7.));
#1000 = VECTOR('',#1001,1.);
#1001 = DIRECTION('',(0.,0.,-1.));
#1002 = PCURVE('',#411,#1003);
#1003 = DEFINITIONAL_REPRESENTATION('',(#1004),#1008);
#1004 = LINE('',#1005,#1006);
#1005 = CARTESIAN_POINT('',(6.28318530718,-0.));
#1006 = VECTOR('',#1007,1.);
#1007 = DIRECTION('',(0.,1.));
#1008 = ( GEOMETRIC_REPRESENTATION_CONTEXT(2) 
PARAMETRIC_REPRESENTATION_CONTEXT() REPRESENTATION_CONTEXT('2D SPACE',''
  ) );
#1009 = PCURVE('',#411,#1010);
#1010 = DEFINITIONAL_REPRESENTATION('',(#1011),#1015);
#1011 = LINE('',#1012,#1013);
#1012 = CARTESIAN_POINT('',(0.,-0.));
#1013 = VECTOR('',#1014,1.);
#1014 = DIRECTION('',(0.,1.));
#1015 = ( GEOMETRIC_REPRESENTATION_CONTEXT(2) 
PARAMETRIC_REPRESENTATION_CONTEXT() REPRESENTATION_CONTEXT('2D SPACE',''
  ) );
#1016 = ORIENTED_EDGE('',*,*,#390,.T.);
#1017 = ORIENTED_EDGE('',*,*,#996,.T.);
#1018 = ADVANCED_FACE('',(#1019),#446,.F.);
#1019 = FACE_BOUND('',#1020,.F.);
#1020 = EDGE_LOOP('',(#1021,#1022,#1043,#1044));
#1021 = ORIENTED_EDGE('',*,*,#789,.F.);
#1022 = ORIENTED_EDGE('',*,*,#1023,.F.);
#1023 = EDGE_CURVE('',#426,#790,#1024,.T.);
#1024 = SEAM_CURVE('',#1025,(#1029,#1036),.PCURVE_S1.);
#1025 = LINE('',#1026,#1027);
#1026 = CARTESIAN_POINT('',(89.5,-50.,7.));
#1027 = VECTOR('',#1028,1.);
#1028 = DIRECTION('',(0.,0.,-1.));
#1029 = PCURVE('',#446,#1030);
#1030 = DEFINITIONAL_REPRESENTATION('',(#1031),#1035);
#1031 = LINE('',#1032,#1033);
#1032 = CARTESIAN_POINT('',(6.28318530718,-0.));
#1033 = VECTOR('',#1034,1.);
#1034 = DIRECTION('',(0.,1.));
#1035 = ( GEOMETRIC_REPRESENTATION_CONTEXT(2) 
PARAMETRIC_REPRESENTATION_CONTEXT() REPRESENTATION_CONTEXT('2D SPACE',''
  ) );
#1036 = PCURVE('',#446,#1037);
#1037 = DEFINITIONAL_REPRESENTATION('',(#1038),#1042);
#1038 = LINE('',#1039,#1040);
#1039 = CARTESIAN_POINT('',(0.,-0.));
#1040 = VECTOR('',#1041,1.);
#1041 = DIRECTION('',(0.,1.));
#1042 = ( GEOMETRIC_REPRESENTATION_CONTEXT(2) 
PARAMETRIC_REPRESENTATION_CONTEXT() REPRESENTATION_CONTEXT('2D SPACE',''
  ) );
#1043 = ORIENTED_EDGE('',*,*,#425,.T.);
#1044 = ORIENTED_EDGE('',*,*,#1023,.T.);
#1045 = ADVANCED_FACE('',(#1046),#481,.F.);
#1046 = FACE_BOUND('',#1047,.F.);
#1047 = EDGE_LOOP('',(#1048,#1049,#1070,#1071));
#1048 = ORIENTED_EDGE('',*,*,#819,.F.);
#1049 = ORIENTED_EDGE('',*,*,#1050,.F.);
#1050 = EDGE_CURVE('',#461,#820,#1051,.T.);
#1051 = SEAM_CURVE('',#1052,(#1056,#1063),.PCURVE_S1.);
#1052 = LINE('',#1053,#1054);
#1053 = CARTESIAN_POINT('',(-100.5,50.,7.));
#1054 = VECTOR('',#1055,1.);
#1055 = DIRECTION('',(0.,0.,-1.));
#1056 = PCURVE('',#481,#1057);
#1057 = DEFINITIONAL_REPRESENTATION('',(#1058),#1062);
#1058 = LINE('',#1059,#1060);
#1059 = CARTESIAN_POINT('',(6.28318530718,-0.));
#1060 = VECTOR('',#1061,1.);
#1061 = DIRECTION('',(0.,1.));
#1062 = ( GEOMETRIC_REPRESENTATION_CONTEXT(2) 
PARAMETRIC_REPRESENTATION_CONTEXT() REPRESENTATION_CONTEXT('2D SPACE',''
  ) );
#1063 = PCURVE('',#481,#1064);
#1064 = DEFINITIONAL_REPRESENTATION('',(#1065),#1069);
#1065 = LINE('',#1066,#1067);
#1066 = CARTESIAN_POINT('',(0.,-0.));
#1067 = VECTOR('',#1068,1.);
#1068 = DIRECTION('',(0.,1.));
#1069 = ( GEOMETRIC_REPRESENTATION_CONTEXT(2) 
PARAMETRIC_REPRESENTATION_CONTEXT() REPRESENTATION_CONTEXT('2D SPACE',''
  ) );
#1070 = ORIENTED_EDGE('',*,*,#460,.T.);
#1071 = ORIENTED_EDGE('',*,*,#1050,.T.);
#1072 = ADVANCED_FACE('',(#1073),#516,.F.);
#1073 = FACE_BOUND('',#1074,.F.);
#1074 = EDGE_LOOP('',(#1075,#1076,#1097,#1098));
#1075 = ORIENTED_EDGE('',*,*,#849,.F.);
#1076 = ORIENTED_EDGE('',*,*,#1077,.F.);
#1077 = EDGE_CURVE('',#496,#850,#1078,.T.);
#1078 = SEAM_CURVE('',#1079,(#1083,#1090),.PCURVE_S1.);
#1079 = LINE('',#1080,#1081);
#1080 = CARTESIAN_POINT('',(89.5,50.,7.));
#1081 = VECTOR('',#1082,1.);
#1082 = DIRECTION('',(0.,0.,-1.));
#1083 = PCURVE('',#516,#1084);
#1084 = DEFINITIONAL_REPRESENTATION('',(#1085),#1089);
#1085 = LINE('',#1086,#1087);
#1086 = CARTESIAN_POINT('',(6.28318530718,-0.));
#1087 = VECTOR('',#1088,1.);
#1088 = DIRECTION('',(0.,1.));
#1089 = ( GEOMETRIC_REPRESENTATION_CONTEXT(2) 
PARAMETRIC_REPRESENTATION_CONTEXT() REPRESENTATION_CONTEXT('2D SPACE',''
  ) );
#1090 = PCURVE('',#516,#1091);
#1091 = DEFINITIONAL_REPRESENTATION('',(#1092),#1096);
#1092 = LINE('',#1093,#1094);
#1093 = CARTESIAN_POINT('',(0.,-0.));
#1094 = VECTOR('',#1095,1.);
#1095 = DIRECTION('',(0.,1.));
#1096 = ( GEOMETRIC_REPRESENTATION_CONTEXT(2) 
PARAMETRIC_REPRESENTATION_CONTEXT() REPRESENTATION_CONTEXT('2D SPACE',''
  ) );
#1097 = ORIENTED_EDGE('',*,*,#495,.T.);
#1098 = ORIENTED_EDGE('',*,*,#1077,.T.);
#1099 = ( GEOMETRIC_REPRESENTATION_CONTEXT(3) 
GLOBAL_UNCERTAINTY_ASSIGNED_CONTEXT((#1103)) 
GLOBAL_UNIT_ASSIGNED_CONTEXT((#1100,#1101,#1102)) REPRESENTATION_CONTEXT
('Context #1','3D Context with UNIT and UNCERTAINTY') );
#1100 = ( LENGTH_UNIT() NAMED_UNIT(*) SI_UNIT(.MILLI.,.METRE.) );
#1101 = ( NAMED_UNIT(*) PLANE_ANGLE_UNIT() SI_UNIT($,.RADIAN.) );
#1102 = ( NAMED_UNIT(*) SI_UNIT($,.STERADIAN.) SOLID_ANGLE_UNIT() );
#1103 = UNCERTAINTY_MEASURE_WITH_UNIT(LENGTH_MEASURE(1.E-07),#1100,
  'distance_accuracy_value','confusion accuracy');
#1104 = CONTEXT_DEPENDENT_SHAPE_REPRESENTATION(#1105,#1107);
#1105 = ( REPRESENTATION_RELATIONSHIP('','',#64,#10) 
REPRESENTATION_RELATIONSHIP_WITH_TRANSFORMATION(#1106) 
SHAPE_REPRESENTATION_RELATIONSHIP() );
#1106 = ITEM_DEFINED_TRANSFORMATION('','',#11,#15);
#1107 = PRODUCT_DEFINITION_SHAPE('Placement','Placement of an item',
  #1108);
#1108 = NEXT_ASSEMBLY_USAGE_OCCURRENCE('1','PL-1001 Base Plate','',#5,
  #59,$);
#1109 = PRODUCT_RELATED_PRODUCT_CATEGORY('part',$,(#61));
#1110 = SHAPE_DEFINITION_REPRESENTATION(#1111,#1117);
#1111 = PRODUCT_DEFINITION_SHAPE('','',#1112);
#1112 = PRODUCT_DEFINITION('design','',#1113,#1116);
#1113 = PRODUCT_DEFINITION_FORMATION('','',#1114);
#1114 = PRODUCT('BR-2100 Support Bracket','BR-2100 Support Bracket','',(
    #1115));
#1115 = PRODUCT_CONTEXT('',#2,'mechanical');
#1116 = PRODUCT_DEFINITION_CONTEXT('part definition',#2,'design');
#1117 = ADVANCED_BREP_SHAPE_REPRESENTATION('',(#11,#1118),#2102);
#1118 = MANIFOLD_SOLID_BREP('',#1119);
#1119 = CLOSED_SHELL('',(#1120,#1240,#1428,#1477,#1623,#1650,#1677,#1704
    ,#1838,#1887,#1943,#1970,#2019,#2068,#2095));
#1120 = ADVANCED_FACE('',(#1121),#1135,.F.);
#1121 = FACE_BOUND('',#1122,.F.);
#1122 = EDGE_LOOP('',(#1123,#1158,#1186,#1214));
#1123 = ORIENTED_EDGE('',*,*,#1124,.F.);
#1124 = EDGE_CURVE('',#1125,#1127,#1129,.T.);
#1125 = VERTEX_POINT('',#1126);
#1126 = CARTESIAN_POINT('',(-30.,-60.,-8.));
#1127 = VERTEX_POINT('',#1128);
#1128 = CARTESIAN_POINT('',(-30.,-60.,8.));
#1129 = SURFACE_CURVE('',#1130,(#1134,#1146),.PCURVE_S1.);
#1130 = LINE('',#1131,#1132);
#1131 = CARTESIAN_POINT('',(-30.,-60.,-8.));
#1132 = VECTOR('',#1133,1.);
#1133 = DIRECTION('',(0.,0.,1.));
#1134 = PCURVE('',#1135,#1140);
#1135 = PLANE('',#1136);
#1136 = AXIS2_PLACEMENT_3D('',#1137,#1138,#1139);
#1137 = CARTESIAN_POINT('',(-30.,-60.,-8.));
#1138 = DIRECTION('',(1.,0.,0.));
#1139 = DIRECTION('',(0.,0.,1.));
#1140 = DEFINITIONAL_REPRESENTATION('',(#1141),#1145);
#1141 = LINE('',#1142,#1143);
#1142 = CARTESIAN_POINT('',(0.,0.));
#1143 = VECTOR('',#1144,1.);
#1144 = DIRECTION('',(1.,0.));
#1145 = ( GEOMETRIC_REPRESENTATION_CONTEXT(2) 
PARAMETRIC_REPRESENTATION_CONTEXT() REPRESENTATION_CONTEXT('2D SPACE',''
  ) );
#1146 = PCURVE('',#1147,#1152);
#1147 = PLANE('',#1148);
#1148 = AXIS2_PLACEMENT_3D('',#1149,#1150,#1151);
#1149 = CARTESIAN_POINT('',(-30.,-60.,-8.));
#1150 = DIRECTION('',(0.,1.,0.));
#1151 = DIRECTION('',(0.,0.,1.));
#1152 = DEFINITIONAL_REPRESENTATION('',(#1153),#1157);
#1153 = LINE('',#1154,#1155);
#1154 = CARTESIAN_POINT('',(0.,0.));
#1155 = VECTOR('',#1156,1.);
#1156 = DIRECTION('',(1.,0.));
#1157 = ( GEOMETRIC_REPRESENTATION_CONTEXT(2) 
PARAMETRIC_REPRESENTATION_CONTEXT() REPRESENTATION_CONTEXT('2D SPACE',''
  ) );
#1158 = ORIENTED_EDGE('',*,*,#1159,.T.);
#1159 = EDGE_CURVE('',#1125,#1160,#1162,.T.);
#1160 = VERTEX_POINT('',#1161);
#1161 = CARTESIAN_POINT('',(-30.,60.,-8.));
#1162 = SURFACE_CURVE('',#1163,(#1167,#1174),.PCURVE_S1.);
#1163 = LINE('',#1164,#1165);
#1164 = CARTESIAN_POINT('',(-30.,-60.,-8.));
#1165 = VECTOR('',#1166,1.);
#1166 = DIRECTION('',(0.,1.,0.));
#1167 = PCURVE('',#1135,#1168);
#1168 = DEFINITIONAL_REPRESENTATION('',(#1169),#1173);
#1169 = LINE('',#1170,#1171);
#1170 = CARTESIAN_POINT('',(0.,0.));
#1171 = VECTOR('',#1172,1.);
#1172 = DIRECTION('',(0.,-1.));
#1173 = ( GEOMETRIC_REPRESENTATION_CONTEXT(2) 
PARAMETRIC_REPRESENTATION_CONTEXT() REPRESENTATION_CONTEXT('2D SPACE',''
  ) );
#1174 = PCURVE('',#1175,#1180);
#1175 = PLANE('',#1176);
#1176 = AXIS2_PLACEMENT_3D('',#1177,#1178,#1179);
#1177 = CARTESIAN_POINT('',(-30.,-60.,-8.));
#1178 = DIRECTION('',(0.,0.,1.));
#1179 = DIRECTION('',(1.,0.,0.));
#1180 = DEFINITIONAL_REPRESENTATION('',(#1181),#1185);
#1181 = LINE('',#1182,#1183);
#1182 = CARTESIAN_POINT('',(0.,0.));
#1183 = VECTOR('',#1184,1.);
#1184 = DIRECTION('',(0.,1.));
#1185 = ( GEOMETRIC_REPRESENTATION_CONTEXT(2) 
PARAMETRIC_REPRESENTATION_CONTEXT() REPRESENTATION_CONTEXT('2D SPACE',''
  ) );
#1186 = ORIENTED_EDGE('',*,*,#1187,.T.);
#1187 = EDGE_CURVE('',#1160,#1188,#1190,.T.);
#1188 = VERTEX_POINT('',#1189);
#1189 = CARTESIAN_POINT('',(-30.,60.,8.));
#1190 = SURFACE_CURVE('',#1191,(#1195,#1202),.PCURVE_S1.);
#1191 = LINE('',#1192,#1193);
#1192 = CARTESIAN_POINT('',(-30.,60.,-8.));
#1193 = VECTOR('',#1194,1.);
#1194 = DIRECTION('',(0.,0.,1.));
#1195 = PCURVE('',#1135,#1196);
#1196 = DEFINITIONAL_REPRESENTATION('',(#1197),#1201);
#1197 = LINE('',#1198,#1199);
#1198 = CARTESIAN_POINT('',(0.,-120.));
#1199 = VECTOR('',#1200,1.);
#1200 = DIRECTION('',(1.,0.));
#1201 = ( GEOMETRIC_REPRESENTATION_CONTEXT(2) 
PARAMETRIC_REPRESENTATION_CONTEXT() REPRESENTATION_CONTEXT('2D SPACE',''
  ) );
#1202 = PCURVE('',#1203,#1208);
#1203 = PLANE('',#1204);
#1204 = AXIS2_PLACEMENT_3D('',#1205,#1206,#1207);
#1205 = CARTESIAN_POINT('',(-30.,60.,-8.));
#1206 = DIRECTION('',(0.,1.,0.));
#1207 = DIRECTION('',(0.,0.,1.));
#1208 = DEFINITIONAL_REPRESENTATION('',(#1209),#1213);
#1209 = LINE('',#1210,#1211);
#1210 = CARTESIAN_POINT('',(0.,0.));
#1211 = VECTOR('',#1212,1.);
#1212 = DIRECTION('',(1.,0.));
#1213 = ( GEOMETRIC_REPRESENTATION_CONTEXT(2) 
PARAMETRIC_REPRESENTATION_CONTEXT() REPRESENTATION_CONTEXT('2D SPACE',''
  ) );
#1214 = ORIENTED_EDGE('',*,*,#1215,.F.);
#1215 = EDGE_CURVE('',#1127,#1188,#1216,.T.);
#1216 = SURFACE_CURVE('',#1217,(#1221,#1228),.PCURVE_S1.);
#1217 = LINE('',#1218,#1219);
#1218 = CARTESIAN_POINT('',(-30.,-60.,8.));
#1219 = VECTOR('',#1220,1.);
#1220 = DIRECTION('',(0.,1.,0.));
#1221 = PCURVE('',#1135,#1222);
#1222 = DEFINITIONAL_REPRESENTATION('',(#1223),#1227);
#1223 = LINE('',#1224,#1225);
#1224 = CARTESIAN_POINT('',(16.,0.));
#1225 = VECTOR('',#1226,1.);
#1226 = DIRECTION('',(0.,-1.));
#1227 = ( GEOMETRIC_REPRESENTATION_CONTEXT(2) 
PARAMETRIC_REPRESENTATION_CONTEXT() REPRESENTATION_CONTEXT('2D SPACE',''
  ) );
#1228 = PCURVE('',#1229,#1234);
#1229 = PLANE('',#1230);
#1230 = AXIS2_PLACEMENT_3D('',#1231,#1232,#1233);
#1231 = CARTESIAN_POINT('',(-30.,-60.,8.));
#1232 = DIRECTION('',(0.,0.,1.));
#1233 = DIRECTION('',(1.,0.,0.));
#1234 = DEFINITIONAL_REPRESENTATION('',(#1235),#1239);
#1235 = LINE('',#1236,#1237);
#1236 = CARTESIAN_POINT('',(0.,0.));
#1237 = VECTOR('',#1238,1.);
#1238 = DIRECTION('',(0.,1.));
#1239 = ( GEOMETRIC_REPRESENTATION_CONTEXT(2) 
PARAMETRIC_REPRESENTATION_CONTEXT() REPRESENTATION_CONTEXT('2D SPACE',''
  ) );
#1240 = ADVANCED_FACE('',(#1241),#1147,.F.);
#1241 = FACE_BOUND('',#1242,.F.);
#1242 = EDGE_LOOP('',(#1243,#1266,#1267,#1290,#1318,#1346,#1374,#1402));
#1243 = ORIENTED_EDGE('',*,*,#1244,.F.);
#1244 = EDGE_CURVE('',#1125,#1245,#1247,.T.);
#1245 = VERTEX_POINT('',#1246);
#1246 = CARTESIAN_POINT('',(30.,-60.,-8.));
#1247 = SURFACE_CURVE('',#1248,(#1252,#1259),.PCURVE_S1.);
#1248 = LINE('',#1249,#1250);
#1249 = CARTESIAN_POINT('',(-30.,-60.,-8.));
#1250 = VECTOR('',#1251,1.);
#1251 = DIRECTION('',(1.,0.,0.));
#1252 = PCURVE('',#1147,#1253);
#1253 = DEFINITIONAL_REPRESENTATION('',(#1254),#1258);
#1254 = LINE('',#1255,#1256);
#1255 = CARTESIAN_POINT('',(0.,0.));
#1256 = VECTOR('',#1257,1.);
#1257 = DIRECTION('',(0.,1.));
#1258 = ( GEOMETRIC_REPRESENTATION_CONTEXT(2) 
PARAMETRIC_REPRESENTATION_CONTEXT() REPRESENTATION_CONTEXT('2D SPACE',''
  ) );
#1259 = PCURVE('',#1175,#1260);
#1260 = DEFINITIONAL_REPRESENTATION('',(#1261),#1265);
#1261 = LINE('',#1262,#1263);
#1262 = CARTESIAN_POINT('',(0.,0.));
#1263 = VECTOR('',#1264,1.);
#1264 = DIRECTION('',(1.,0.));
#1265 = ( GEOMETRIC_REPRESENTATION_CONTEXT(2) 
PARAMETRIC_REPRESENTATION_CONTEXT() REPRESENTATION_CONTEXT('2D SPACE',''
  ) );
#1266 = ORIENTED_EDGE('',*,*,#1124,.T.);
#1267 = ORIENTED_EDGE('',*,*,#1268,.T.);
#1268 = EDGE_CURVE('',#1127,#1269,#1271,.T.);
#1269 = VERTEX_POINT('',#1270);
#1270 = CARTESIAN_POINT('',(-8.,-60.,8.));
#1271 = SURFACE_CURVE('',#1272,(#1276,#1283),.PCURVE_S1.);
#1272 = LINE('',#1273,#1274);
#1273 = CARTESIAN_POINT('',(-30.,-60.,8.));
#1274 = VECTOR('',#1275,1.);
#1275 = DIRECTION('',(1.,0.,0.));
#1276 = PCURVE('',#1147,#1277);
#1277 = DEFINITIONAL_REPRESENTATION('',(#1278),#1282);
#1278 = LINE('',#1279,#1280);
#1279 = CARTESIAN_POINT('',(16.,0.));
#1280 = VECTOR('',#1281,1.);
#1281 = DIRECTION('',(0.,1.));
#1282 = ( GEOMETRIC_REPRESENTATION_CONTEXT(2) 
PARAMETRIC_REPRESENTATION_CONTEXT() REPRESENTATION_CONTEXT('2D SPACE',''
  ) );
#1283 = PCURVE('',#1229,#1284);
#1284 = DEFINITIONAL_REPRESENTATION('',(#1285),#1289);
#1285 = LINE('',#1286,#1287);
#1286 = CARTESIAN_POINT('',(0.,0.));
#1287 = VECTOR('',#1288,1.);
#1288 = DIRECTION('',(1.,0.));
#1289 = ( GEOMETRIC_REPRESENTATION_CONTEXT(2) 
PARAMETRIC_REPRESENTATION_CONTEXT() REPRESENTATION_CONTEXT('2D SPACE',''
  ) );
#1290 = ORIENTED_EDGE('',*,*,#1291,.T.);
#1291 = EDGE_CURVE('',#1269,#1292,#1294,.T.);
#1292 = VERTEX_POINT('',#1293);
#1293 = CARTESIAN_POINT('',(-8.,-60.,138.));
#1294 = SURFACE_CURVE('',#1295,(#1299,#1306),.PCURVE_S1.);
#1295 = LINE('',#1296,#1297);
#1296 = CARTESIAN_POINT('',(-8.,-60.,8.));
#1297 = VECTOR('',#1298,1.);
#1298 = DIRECTION('',(0.,0.,1.));
#1299 = PCURVE('',#1147,#1300);
#1300 = DEFINITIONAL_REPRESENTATION('',(#1301),#1305);
#1301 = LINE('',#1302,#1303);
#1302 = CARTESIAN_POINT('',(16.,22.));
#1303 = VECTOR('',#1304,1.);
#1304 = DIRECTION('',(1.,0.));
#1305 = ( GEOMETRIC_REPRESENTATION_CONTEXT(2) 
PARAMETRIC_REPRESENTATION_CONTEXT() REPRESENTATION_CONTEXT('2D SPACE',''
  ) );
#1306 = PCURVE('',#1307,#1312);
#1307 = PLANE('',#1308);
#1308 = AXIS2_PLACEMENT_3D('',#1309,#1310,#1311);
#1309 = CARTESIAN_POINT('',(-8.,-60.,8.));
#1310 = DIRECTION('',(1.,0.,0.));
#1311 = DIRECTION('',(0.,0.,1.));
#1312 = DEFINITIONAL_REPRESENTATION('',(#1313),#1317);
#1313 = LINE('',#1314,#1315);
#1314 = CARTESIAN_POINT('',(0.,0.));
#1315 = VECTOR('',#1316,1.);
#1316 = DIRECTION('',(1.,0.));
#1317 = ( GEOMETRIC_REPRESENTATION_CONTEXT(2) 
PARAMETRIC_REPRESENTATION_CONTEXT() REPRESENTATION_CONTEXT('2D SPACE',''
  ) );
#1318 = ORIENTED_EDGE('',*,*,#1319,.T.);
#1319 = EDGE_CURVE('',#1292,#1320,#1322,.T.);
#1320 = VERTEX_POINT('',#1321);
#1321 = CARTESIAN_POINT('',(8.,-60.,138.));
#1322 = SURFACE_CURVE('',#1323,(#1327,#1334),.PCURVE_S1.);
#1323 = LINE('',#1324,#1325);
#1324 = CARTESIAN_POINT('',(-8.,-60.,138.));
#1325 = VECTOR('',#1326,1.);
#1326 = DIRECTION('',(1.,0.,0.));
#1327 = PCURVE('',#1147,#1328);
#1328 = DEFINITIONAL_REPRESENTATION('',(#1329),#1333);
#1329 = LINE('',#1330,#1331);
#1330 = CARTESIAN_POINT('',(146.,22.));
#1331 = VECTOR('',#1332,1.);
#1332 = DIRECTION('',(0.,1.));
#1333 = ( GEOMETRIC_REPRESENTATION_CONTEXT(2) 
PARAMETRIC_REPRESENTATION_CONTEXT() REPRESENTATION_CONTEXT('2D SPACE',''
  ) );
#1334 = PCURVE('',#1335,#1340);
#1335 = PLANE('',#1336);
#1336 = AXIS2_PLACEMENT_3D('',#1337,#1338,#1339);
#1337 = CARTESIAN_POINT('',(-8.,-60.,138.));
#1338 = DIRECTION('',(0.,0.,1.));
#1339 = DIRECTION('',(1.,0.,0.));
#1340 = DEFINITIONAL_REPRESENTATION('',(#1341),#1345);
#1341 = LINE('',#1342,#1343);
#1342 = CARTESIAN_POINT('',(0.,0.));
#1343 = VECTOR('',#1344,1.);
#1344 = DIRECTION('',(1.,0.));
#1345 = ( GEOMETRIC_REPRESENTATION_CONTEXT(2) 
PARAMETRIC_REPRESENTATION_CONTEXT() REPRESENTATION_CONTEXT('2D SPACE',''
  ) );
#1346 = ORIENTED_EDGE('',*,*,#1347,.F.);
#1347 = EDGE_CURVE('',#1348,#1320,#1350,.T.);
#1348 = VERTEX_POINT('',#1349);
#1349 = CARTESIAN_POINT('',(8.,-60.,8.));
#1350 = SURFACE_CURVE('',#1351,(#1355,#1362),.PCURVE_S1.);
#1351 = LINE('',#1352,#1353);
#1352 = CARTESIAN_POINT('',(8.,-60.,8.));
#1353 = VECTOR('',#1354,1.);
#1354 = DIRECTION('',(0.,0.,1.));
#1355 = PCURVE('',#1147,#1356);
#1356 = DEFINITIONAL_REPRESENTATION('',(#1357),#1361);
#1357 = LINE('',#1358,#1359);
#1358 = CARTESIAN_POINT('',(16.,38.));
#1359 = VECTOR('',#1360,1.);
#1360 = DIRECTION('',(1.,0.));
#1361 = ( GEOMETRIC_REPRESENTATION_CONTEXT(2) 
PARAMETRIC_REPRESENTATION_CONTEXT() REPRESENTATION_CONTEXT('2D SPACE',''
  ) );
#1362 = PCURVE('',#1363,#1368);
#1363 = PLANE('',#1364);
#1364 = AXIS2_PLACEMENT_3D('',#1365,#1366,#1367);
#1365 = CARTESIAN_POINT('',(8.,-60.,8.));
#1366 = DIRECTION('',(1.,0.,0.));
#1367 = DIRECTION('',(0.,0.,1.));
#1368 = DEFINITIONAL_REPRESENTATION('',(#1369),#1373);
#1369 = LINE('',#1370,#1371);
#1370 = CARTESIAN_POINT('',(0.,0.));
#1371 = VECTOR('',#1372,1.);
#1372 = DIRECTION('',(1.,0.));
#1373 = ( GEOMETRIC_REPRESENTATION_CONTEXT(2) 
PARAMETRIC_REPRESENTATION_CONTEXT() REPRESENTATION_CONTEXT('2D SPACE',''
  ) );
#1374 = ORIENTED_EDGE('',*,*,#1375,.T.);
#1375 = EDGE_CURVE('',#1348,#1376,#1378,.T.);
#1376 = VERTEX_POINT('',#1377);
#1377 = CARTESIAN_POINT('',(30.,-60.,8.));
#1378 = SURFACE_CURVE('',#1379,(#1383,#1390),.PCURVE_S1.);
#1379 = LINE('',#1380,#1381);
#1380 = CARTESIAN_POINT('',(-30.,-60.,8.));
#1381 = VECTOR('',#1382,1.);
#1382 = DIRECTION('',(1.,0.,0.));
#1383 = PCURVE('',#1147,#1384);
#1384 = DEFINITIONAL_REPRESENTATION('',(#1385),#1389);
#1385 = LINE('',#1386,#1387);
#1386 = CARTESIAN_POINT('',(16.,0.));
#1387 = VECTOR('',#1388,1.);
#1388 = DIRECTION('',(0.,1.));
#1389 = ( GEOMETRIC_REPRESENTATION_CONTEXT(2) 
PARAMETRIC_REPRESENTATION_CONTEXT() REPRESENTATION_CONTEXT('2D SPACE',''
  ) );
#1390 = PCURVE('',#1391,#1396);
#1391 = PLANE('',#1392);
#1392 = AXIS2_PLACEMENT_3D('',#1393,#1394,#1395);
#1393 = CARTESIAN_POINT('',(-30.,-60.,8.));
#1394 = DIRECTION('',(0.,0.,1.));
#1395 = DIRECTION('',(1.,0.,0.));
#1396 = DEFINITIONAL_REPRESENTATION('',(#1397),#1401);
#1397 = LINE('',#1398,#1399);
#1398 = CARTESIAN_POINT('',(0.,0.));
#1399 = VECTOR('',#1400,1.);
#1400 = DIRECTION('',(1.,0.));
#1401 = ( GEOMETRIC_REPRESENTATION_CONTEXT(2) 
PARAMETRIC_REPRESENTATION_CONTEXT() REPRESENTATION_CONTEXT('2D SPACE',''
  ) );
#1402 = ORIENTED_EDGE('',*,*,#1403,.F.);
#1403 = EDGE_CURVE('',#1245,#1376,#1404,.T.);
#1404 = SURFACE_CURVE('',#1405,(#1409,#1416),.PCURVE_S1.);
#1405 = LINE('',#1406,#1407);
#1406 = CARTESIAN_POINT('',(30.,-60.,-8.));
#1407 = VECTOR('',#1408,1.);
#1408 = DIRECTION('',(0.,0.,1.));
#1409 = PCURVE('',#1147,#1410);
#1410 = DEFINITIONAL_REPRESENTATION('',(#1411),#1415);
#1411 = LINE('',#1412,#1413);
#1412 = CARTESIAN_POINT('',(0.,60.));
#1413 = VECTOR('',#1414,1.);
#1414 = DIRECTION('',(1.,0.));
#1415 = ( GEOMETRIC_REPRESENTATION_CONTEXT(2) 
PARAMETRIC_REPRESENTATION_CONTEXT() REPRESENTATION_CONTEXT('2D SPACE',''
  ) );
#1416 = PCURVE('',#1417,#1422);
#1417 = PLANE('',#1418);
#1418 = AXIS2_PLACEMENT_3D('',#1419,#1420,#1421);
#1419 = CARTESIAN_POINT('',(30.,-60.,-8.));
#1420 = DIRECTION('',(1.,0.,0.));
#1421 = DIRECTION('',(0.,0.,1.));
#1422 = DEFINITIONAL_REPRESENTATION('',(#1423),#1427);
#1423 = LINE('',#1424,#1425);
#1424 = CARTESIAN_POINT('',(0.,0.));
#1425 = VECTOR('',#1426,1.);
#1426 = DIRECTION('',(1.,0.));
#1427 = ( GEOMETRIC_REPRESENTATION_CONTEXT(2) 
PARAMETRIC_REPRESENTATION_CONTEXT() REPRESENTATION_CONTEXT('2D SPACE',''
  ) );
#1428 = ADVANCED_FACE('',(#1429),#1229,.T.);
#1429 = FACE_BOUND('',#1430,.T.);
#1430 = EDGE_LOOP('',(#1431,#1454,#1455,#1456));
#1431 = ORIENTED_EDGE('',*,*,#1432,.F.);
#1432 = EDGE_CURVE('',#1188,#1433,#1435,.T.);
#1433 = VERTEX_POINT('',#1434);
#1434 = CARTESIAN_POINT('',(-8.,60.,8.));
#1435 = SURFACE_CURVE('',#1436,(#1440,#1447),.PCURVE_S1.);
#1436 = LINE('',#1437,#1438);
#1437 = CARTESIAN_POINT('',(-30.,60.,8.));
#1438 = VECTOR('',#1439,1.);
#1439 = DIRECTION('',(1.,0.,0.));
#1440 = PCURVE('',#1229,#1441);
#1441 = DEFINITIONAL_REPRESENTATION('',(#1442),#1446);
#1442 = LINE('',#1443,#1444);
#1443 = CARTESIAN_POINT('',(0.,120.));
#1444 = VECTOR('',#1445,1.);
#1445 = DIRECTION('',(1.,0.));
#1446 = ( GEOMETRIC_REPRESENTATION_CONTEXT(2) 
PARAMETRIC_REPRESENTATION_CONTEXT() REPRESENTATION_CONTEXT('2D SPACE',''
  ) );
#1447 = PCURVE('',#1203,#1448);
#1448 = DEFINITIONAL_REPRESENTATION('',(#1449),#1453);
#1449 = LINE('',#1450,#1451);
#1450 = CARTESIAN_POINT('',(16.,0.));
#1451 = VECTOR('',#1452,1.);
#1452 = DIRECTION('',(0.,1.));
#1453 = ( GEOMETRIC_REPRESENTATION_CONTEXT(2) 
PARAMETRIC_REPRESENTATION_CONTEXT() REPRESENTATION_CONTEXT('2D SPACE',''
  ) );
#1454 = ORIENTED_EDGE('',*,*,#1215,.F.);
#1455 = ORIENTED_EDGE('',*,*,#1268,.T.);
#1456 = ORIENTED_EDGE('',*,*,#1457,.T.);
#1457 = EDGE_CURVE('',#1269,#1433,#1458,.T.);
#1458 = SURFACE_CURVE('',#1459,(#1463,#1470),.PCURVE_S1.);
#1459 = LINE('',#1460,#1461);
#1460 = CARTESIAN_POINT('',(-8.,-60.,8.));
#1461 = VECTOR('',#1462,1.);
#1462 = DIRECTION('',(0.,1.,0.));
#1463 = PCURVE('',#1229,#1464);
#1464 = DEFINITIONAL_REPRESENTATION('',(#1465),#1469);
#1465 = LINE('',#1466,#1467);
#1466 = CARTESIAN_POINT('',(22.,0.));
#1467 = VECTOR('',#1468,1.);
#1468 = DIRECTION('',(0.,1.));
#1469 = ( GEOMETRIC_REPRESENTATION_CONTEXT(2) 
PARAMETRIC_REPRESENTATION_CONTEXT() REPRESENTATION_CONTEXT('2D SPACE',''
  ) );
#1470 = PCURVE('',#1307,#1471);
#1471 = DEFINITIONAL_REPRESENTATION('',(#1472),#1476);
#1472 = LINE('',#1473,#1474);
#1473 = CARTESIAN_POINT('',(0.,0.));
#1474 = VECTOR('',#1475,1.);
#1475 = DIRECTION('',(0.,-1.));
#1476 = ( GEOMETRIC_REPRESENTATION_CONTEXT(2) 
PARAMETRIC_REPRESENTATION_CONTEXT() REPRESENTATION_CONTEXT('2D SPACE',''
  ) );
#1477 = ADVANCED_FACE('',(#1478),#1203,.T.);
#1478 = FACE_BOUND('',#1479,.T.);
#1479 = EDGE_LOOP('',(#1480,#1503,#1504,#1505,#1528,#1551,#1574,#1602));
#1480 = ORIENTED_EDGE('',*,*,#1481,.F.);
#1481 = EDGE_CURVE('',#1160,#1482,#1484,.T.);
#1482 = VERTEX_POINT('',#1483);
#1483 = CARTESIAN_POINT('',(30.,60.,-8.));
#1484 = SURFACE_CURVE('',#1485,(#1489,#1496),.PCURVE_S1.);
#1485 = LINE('',#1486,#1487);
#1486 = CARTESIAN_POINT('',(-30.,60.,-8.));
#1487 = VECTOR('',#1488,1.);
#1488 = DIRECTION('',(1.,0.,0.));
#1489 = PCURVE('',#1203,#1490);
#1490 = DEFINITIONAL_REPRESENTATION('',(#1491),#1495);
#1491 = LINE('',#1492,#1493);
#1492 = CARTESIAN_POINT('',(0.,0.));
#1493 = VECTOR('',#1494,1.);
#1494 = DIRECTION('',(0.,1.));
#1495 = ( GEOMETRIC_REPRESENTATION_CONTEXT(2) 
PARAMETRIC_REPRESENTATION_CONTEXT() REPRESENTATION_CONTEXT('2D SPACE',''
  ) );
#1496 = PCURVE('',#1175,#1497);
#1497 = DEFINITIONAL_REPRESENTATION('',(#1498),#1502);
#1498 = LINE('',#1499,#1500);
#1499 = CARTESIAN_POINT('',(0.,120.));
#1500 = VECTOR('',#1501,1.);
#1501 = DIRECTION('',(1.,0.));
#1502 = ( GEOMETRIC_REPRESENTATION_CONTEXT(2) 
PARAMETRIC_REPRESENTATION_CONTEXT() REPRESENTATION_CONTEXT('2D SPACE',''
  ) );
#1503 = ORIENTED_EDGE('',*,*,#1187,.T.);
#1504 = ORIENTED_EDGE('',*,*,#1432,.T.);
#1505 = ORIENTED_EDGE('',*,*,#1506,.T.);
#1506 = EDGE_CURVE('',#1433,#1507,#1509,.T.);
#1507 = VERTEX_POINT('',#1508);
#1508 = CARTESIAN_POINT('',(-8.,60.,138.));
#1509 = SURFACE_CURVE('',#1510,(#1514,#1521),.PCURVE_S1.);
#1510 = LINE('',#1511,#1512);
#1511 = CARTESIAN_POINT('',(-8.,60.,8.));
#1512 = VECTOR('',#1513,1.);
#1513 = DIRECTION('',(0.,0.,1.));
#1514 = PCURVE('',#1203,#1515);
#1515 = DEFINITIONAL_REPRESENTATION('',(#1516),#1520);
#1516 = LINE('',#1517,#1518);
#1517 = CARTESIAN_POINT('',(16.,22.));
#1518 = VECTOR('',#1519,1.);
#1519 = DIRECTION('',(1.,0.));
#1520 = ( GEOMETRIC_REPRESENTATION_CONTEXT(2) 
PARAMETRIC_REPRESENTATION_CONTEXT() REPRESENTATION_CONTEXT('2D SPACE',''
  ) );
#1521 = PCURVE('',#1307,#1522);
#1522 = DEFINITIONAL_REPRESENTATION('',(#1523),#1527);
#1523 = LINE('',#1524,#1525);
#1524 = CARTESIAN_POINT('',(0.,-120.));
#1525 = VECTOR('',#1526,1.);
#1526 = DIRECTION('',(1.,0.));
#1527 = ( GEOMETRIC_REPRESENTATION_CONTEXT(2) 
PARAMETRIC_REPRESENTATION_CONTEXT() REPRESENTATION_CONTEXT('2D SPACE',''
  ) );
#1528 = ORIENTED_EDGE('',*,*,#1529,.T.);
#1529 = EDGE_CURVE('',#1507,#1530,#1532,.T.);
#1530 = VERTEX_POINT('',#1531);
#1531 = CARTESIAN_POINT('',(8.,60.,138.));
#1532 = SURFACE_CURVE('',#1533,(#1537,#1544),.PCURVE_S1.);
#1533 = LINE('',#1534,#1535);
#1534 = CARTESIAN_POINT('',(-8.,60.,138.));
#1535 = VECTOR('',#1536,1.);
#1536 = DIRECTION('',(1.,0.,0.));
#1537 = PCURVE('',#1203,#1538);
#1538 = DEFINITIONAL_REPRESENTATION('',(#1539),#1543);
#1539 = LINE('',#1540,#1541);
#1540 = CARTESIAN_POINT('',(146.,22.));
#1541 = VECTOR('',#1542,1.);
#1542 = DIRECTION('',(0.,1.));
#1543 = ( GEOMETRIC_REPRESENTATION_CONTEXT(2) 
PARAMETRIC_REPRESENTATION_CONTEXT() REPRESENTATION_CONTEXT('2D SPACE',''
  ) );
#1544 = PCURVE('',#1335,#1545);
#1545 = DEFINITIONAL_REPRESENTATION('',(#1546),#1550);
#1546 = LINE('',#1547,#1548);
#1547 = CARTESIAN_POINT('',(0.,120.));
#1548 = VECTOR('',#1549,1.);
#1549 = DIRECTION('',(1.,0.));
#1550 = ( GEOMETRIC_REPRESENTATION_CONTEXT(2) 
PARAMETRIC_REPRESENTATION_CONTEXT() REPRESENTATION_CONTEXT('2D SPACE',''
  ) );
#1551 = ORIENTED_EDGE('',*,*,#1552,.F.);
#1552 = EDGE_CURVE('',#1553,#1530,#1555,.T.);
#1553 = VERTEX_POINT('',#1554);
#1554 = CARTESIAN_POINT('',(8.,60.,8.));
#1555 = SURFACE_CURVE('',#1556,(#1560,#1567),.PCURVE_S1.);
#1556 = LINE('',#1557,#1558);
#1557 = CARTESIAN_POINT('',(8.,60.,8.));
#1558 = VECTOR('',#1559,1.);
#1559 = DIRECTION('',(0.,0.,1.));
#1560 = PCURVE('',#1203,#1561);
#1561 = DEFINITIONAL_REPRESENTATION('',(#1562),#1566);
#1562 = LINE('',#1563,#1564);
#1563 = CARTESIAN_POINT('',(16.,38.));
#1564 = VECTOR('',#1565,1.);
#1565 = DIRECTION('',(1.,0.));
#1566 = ( GEOMETRIC_REPRESENTATION_CONTEXT(2) 
PARAMETRIC_REPRESENTATION_CONTEXT() REPRESENTATION_CONTEXT('2D SPACE',''
  ) );
#1567 = PCURVE('',#1363,#1568);
#1568 = DEFINITIONAL_REPRESENTATION('',(#1569),#1573);
#1569 = LINE('',#1570,#1571);
#1570 = CARTESIAN_POINT('',(0.,-120.));
#1571 = VECTOR('',#1572,1.);
#1572 = DIRECTION('',(1.,0.));
#1573 = ( GEOMETRIC_REPRESENTATION_CONTEXT(2) 
PARAMETRIC_REPRESENTATION_CONTEXT() REPRESENTATION_CONTEXT('2D SPACE',''
  ) );
#1574 = ORIENTED_EDGE('',*,*,#1575,.T.);
#1575 = EDGE_CURVE('',#1553,#1576,#1578,.T.);
#1576 = VERTEX_POINT('',#1577);
#1577 = CARTESIAN_POINT('',(30.,60.,8.));
#1578 = SURFACE_CURVE('',#1579,(#1583,#1590),.PCURVE_S1.);
#1579 = LINE('',#1580,#1581);
#1580 = CARTESIAN_POINT('',(-30.,60.,8.));
#1581 = VECTOR('',#1582,1.);
#1582 = DIRECTION('',(1.,0.,0.));
#1583 = PCURVE('',#1203,#1584);
#1584 = DEFINITIONAL_REPRESENTATION('',(#1585),#1589);
#1585 = LINE('',#1586,#1587);
#1586 = CARTESIAN_POINT('',(16.,0.));
#1587 = VECTOR('',#1588,1.);
#1588 = DIRECTION('',(0.,1.));
#1589 = ( GEOMETRIC_REPRESENTATION_CONTEXT(2) 
PARAMETRIC_REPRESENTATION_CONTEXT() REPRESENTATION_CONTEXT('2D SPACE',''
  ) );
#1590 = PCURVE('',#1591,#1596);
#1591 = PLANE('',#1592);
#1592 = AXIS2_PLACEMENT_3D('',#1593,#1594,#1595);
#1593 = CARTESIAN_POINT('',(-30.,-60.,8.));
#1594 = DIRECTION('',(0.,0.,1.));
#1595 = DIRECTION('',(1.,0.,0.));
#1596 = DEFINITIONAL_REPRESENTATION('',(#1597),#1601);
#1597 = LINE('',#1598,#1599);
#1598 = CARTESIAN_POINT('',(0.,120.));
#1599 = VECTOR('',#1600,1.);
#1600 = DIRECTION('',(1.,0.));
#1601 = ( GEOMETRIC_REPRESENTATION_CONTEXT(2) 
PARAMETRIC_REPRESENTATION_CONTEXT() REPRESENTATION_CONTEXT('2D SPACE',''
  ) );
#1602 = ORIENTED_EDGE('',*,*,#1603,.F.);
#1603 = EDGE_CURVE('',#1482,#1576,#1604,.T.);
#1604 = SURFACE_CURVE('',#1605,(#1609,#1616),.PCURVE_S1.);
#1605 = LINE('',#1606,#1607);
#1606 = CARTESIAN_POINT('',(30.,60.,-8.));
#1607 = VECTOR('',#1608,1.);
#1608 = DIRECTION('',(0.,0.,1.));
#1609 = PCURVE('',#1203,#1610);
#1610 = DEFINITIONAL_REPRESENTATION('',(#1611),#1615);
#1611 = LINE('',#1612,#1613);
#1612 = CARTESIAN_POINT('',(0.,60.));
#1613 = VECTOR('',#1614,1.);
#1614 = DIRECTION('',(1.,0.));
#1615 = ( GEOMETRIC_REPRESENTATION_CONTEXT(2) 
PARAMETRIC_REPRESENTATION_CONTEXT() REPRESENTATION_CONTEXT('2D SPACE',''
  ) );
#1616 = PCURVE('',#1417,#1617);
#1617 = DEFINITIONAL_REPRESENTATION('',(#1618),#1622);
#1618 = LINE('',#1619,#1620);
#1619 = CARTESIAN_POINT('',(0.,-120.));
#1620 = VECTOR('',#1621,1.);
#1621 = DIRECTION('',(1.,0.));
#1622 = ( GEOMETRIC_REPRESENTATION_CONTEXT(2) 
PARAMETRIC_REPRESENTATION_CONTEXT() REPRESENTATION_CONTEXT('2D SPACE',''
  ) );
#1623 = ADVANCED_FACE('',(#1624),#1175,.F.);
#1624 = FACE_BOUND('',#1625,.F.);
#1625 = EDGE_LOOP('',(#1626,#1627,#1628,#1649));
#1626 = ORIENTED_EDGE('',*,*,#1159,.F.);
#1627 = ORIENTED_EDGE('',*,*,#1244,.T.);
#1628 = ORIENTED_EDGE('',*,*,#1629,.T.);
#1629 = EDGE_CURVE('',#1245,#1482,#1630,.T.);
#1630 = SURFACE_CURVE('',#1631,(#1635,#1642),.PCURVE_S1.);
#1631 = LINE('',#1632,#1633);
#1632 = CARTESIAN_POINT('',(30.,-60.,-8.));
#1633 = VECTOR('',#1634,1.);
#1634 = DIRECTION('',(0.,1.,0.));
#1635 = PCURVE('',#1175,#1636);
#1636 = DEFINITIONAL_REPRESENTATION('',(#1637),#1641);
#1637 = LINE('',#1638,#1639);
#1638 = CARTESIAN_POINT('',(60.,0.));
#1639 = VECTOR('',#1640,1.);
#1640 = DIRECTION('',(0.,1.));
#1641 = ( GEOMETRIC_REPRESENTATION_CONTEXT(2) 
PARAMETRIC_REPRESENTATION_CONTEXT() REPRESENTATION_CONTEXT('2D SPACE',''
  ) );
#1642 = PCURVE('',#1417,#1643);
#1643 = DEFINITIONAL_REPRESENTATION('',(#1644),#1648);
#1644 = LINE('',#1645,#1646);
#1645 = CARTESIAN_POINT('',(0.,0.));
#1646 = VECTOR('',#1647,1.);
#1647 = DIRECTION('',(0.,-1.));
#1648 = ( GEOMETRIC_REPRESENTATION_CONTEXT(2) 
PARAMETRIC_REPRESENTATION_CONTEXT() REPRESENTATION_CONTEXT('2D SPACE',''
  ) );
#1649 = ORIENTED_EDGE('',*,*,#1481,.F.);
#1650 = ADVANCED_FACE('',(#1651),#1307,.F.);
#1651 = FACE_BOUND('',#1652,.F.);
#1652 = EDGE_LOOP('',(#1653,#1654,#1655,#1656));
#1653 = ORIENTED_EDGE('',*,*,#1291,.F.);
#1654 = ORIENTED_EDGE('',*,*,#1457,.T.);
#1655 = ORIENTED_EDGE('',*,*,#1506,.T.);
#1656 = ORIENTED_EDGE('',*,*,#1657,.F.);
#1657 = EDGE_CURVE('',#1292,#1507,#1658,.T.);
#1658 = SURFACE_CURVE('',#1659,(#1663,#1670),.PCURVE_S1.);
#1659 = LINE('',#1660,#1661);
#1660 = CARTESIAN_POINT('',(-8.,-60.,138.));
#1661 = VECTOR('',#1662,1.);
#1662 = DIRECTION('',(0.,1.,0.));
#1663 = PCURVE('',#1307,#1664);
#1664 = DEFINITIONAL_REPRESENTATION('',(#1665),#1669);
#1665 = LINE('',#1666,#1667);
#1666 = CARTESIAN_POINT('',(130.,0.));
#1667 = VECTOR('',#1668,1.);
#1668 = DIRECTION('',(0.,-1.));
#1669 = ( GEOMETRIC_REPRESENTATION_CONTEXT(2) 
PARAMETRIC_REPRESENTATION_CONTEXT() REPRESENTATION_CONTEXT('2D SPACE',''
  ) );
#1670 = PCURVE('',#1335,#1671);
#1671 = DEFINITIONAL_REPRESENTATION('',(#1672),#1676);
#1672 = LINE('',#1673,#1674);
#1673 = CARTESIAN_POINT('',(0.,0.));
#1674 = VECTOR('',#1675,1.);
#1675 = DIRECTION('',(0.,1.));
#1676 = ( GEOMETRIC_REPRESENTATION_CONTEXT(2) 
PARAMETRIC_REPRESENTATION_CONTEXT() REPRESENTATION_CONTEXT('2D SPACE',''
  ) );
#1677 = ADVANCED_FACE('',(#1678),#1335,.T.);
#1678 = FACE_BOUND('',#1679,.T.);
#1679 = EDGE_LOOP('',(#1680,#1681,#1682,#1703));
#1680 = ORIENTED_EDGE('',*,*,#1657,.F.);
#1681 = ORIENTED_EDGE('',*,*,#1319,.T.);
#1682 = ORIENTED_EDGE('',*,*,#1683,.T.);
#1683 = EDGE_CURVE('',#1320,#1530,#1684,.T.);
#1684 = SURFACE_CURVE('',#1685,(#1689,#1696),.PCURVE_S1.);
#1685 = LINE('',#1686,#1687);
#1686 = CARTESIAN_POINT('',(8.,-60.,138.));
#1687 = VECTOR('',#1688,1.);
#1688 = DIRECTION('',(0.,1.,0.));
#1689 = PCURVE('',#1335,#1690);
#1690 = DEFINITIONAL_REPRESENTATION('',(#1691),#1695);
#1691 = LINE('',#1692,#1693);
#1692 = CARTESIAN_POINT('',(16.,0.));
#1693 = VECTOR('',#1694,1.);
#1694 = DIRECTION('',(0.,1.));
#1695 = ( GEOMETRIC_REPRESENTATION_CONTEXT(2) 
PARAMETRIC_REPRESENTATION_CONTEXT() REPRESENTATION_CONTEXT('2D SPACE',''
  ) );
#1696 = PCURVE('',#1363,#1697);
#1697 = DEFINITIONAL_REPRESENTATION('',(#1698),#1702);
#1698 = LINE('',#1699,#1700);
#1699 = CARTESIAN_POINT('',(130.,0.));
#1700 = VECTOR('',#1701,1.);
#1701 = DIRECTION('',(0.,-1.));
#1702 = ( GEOMETRIC_REPRESENTATION_CONTEXT(2) 
PARAMETRIC_REPRESENTATION_CONTEXT() REPRESENTATION_CONTEXT('2D SPACE',''
  ) );
#1703 = ORIENTED_EDGE('',*,*,#1529,.F.);
#1704 = ADVANCED_FACE('',(#1705),#1363,.T.);
#1705 = FACE_BOUND('',#1706,.T.);
#1706 = EDGE_LOOP('',(#1707,#1708,#1709,#1732,#1760,#1788,#1816,#1837));
#1707 = ORIENTED_EDGE('',*,*,#1683,.F.);
#1708 = ORIENTED_EDGE('',*,*,#1347,.F.);
#1709 = ORIENTED_EDGE('',*,*,#1710,.T.);
#1710 = EDGE_CURVE('',#1348,#1711,#1713,.T.);
#1711 = VERTEX_POINT('',#1712);
#1712 = CARTESIAN_POINT('',(8.,-18.,8.));
#1713 = SURFACE_CURVE('',#1714,(#1718,#1725),.PCURVE_S1.);
#1714 = LINE('',#1715,#1716);
#1715 = CARTESIAN_POINT('',(8.,-60.,8.));
#1716 = VECTOR('',#1717,1.);
#1717 = DIRECTION('',(0.,1.,0.));
#1718 = PCURVE('',#1363,#1719);
#1719 = DEFINITIONAL_REPRESENTATION('',(#1720),#1724);
#1720 = LINE('',#1721,#1722);
#1721 = CARTESIAN_POINT('',(0.,0.));
#1722 = VECTOR('',#1723,1.);
#1723 = DIRECTION('',(0.,-1.));
#1724 = ( GEOMETRIC_REPRESENTATION_CONTEXT(2) 
PARAMETRIC_REPRESENTATION_CONTEXT() REPRESENTATION_CONTEXT('2D SPACE',''
  ) );
#1725 = PCURVE('',#1391,#1726);
#1726 = DEFINITIONAL_REPRESENTATION('',(#1727),#1731);
#1727 = LINE('',#1728,#1729);
#1728 = CARTESIAN_POINT('',(38.,0.));
#1729 = VECTOR('',#1730,1.);
#1730 = DIRECTION('',(0.,1.));
#1731 = ( GEOMETRIC_REPRESENTATION_CONTEXT(2) 
PARAMETRIC_REPRESENTATION_CONTEXT() REPRESENTATION_CONTEXT('2D SPACE',''
  ) );
#1732 = ORIENTED_EDGE('',*,*,#1733,.F.);
#1733 = EDGE_CURVE('',#1734,#1711,#1736,.T.);
#1734 = VERTEX_POINT('',#1735);
#1735 = CARTESIAN_POINT('',(8.,-18.,88.));
#1736 = SURFACE_CURVE('',#1737,(#1741,#1748),.PCURVE_S1.);
#1737 = LINE('',#1738,#1739);
#1738 = CARTESIAN_POINT('',(8.,-18.,88.));
#1739 = VECTOR('',#1740,1.);
#1740 = DIRECTION('',(0.,0.,-1.));
#1741 = PCURVE('',#1363,#1742);
#1742 = DEFINITIONAL_REPRESENTATION('',(#1743),#1747);
#1743 = LINE('',#1744,#1745);
#1744 = CARTESIAN_POINT('',(80.,-42.));
#1745 = VECTOR('',#1746,1.);
#1746 = DIRECTION('',(-1.,0.));
#1747 = ( GEOMETRIC_REPRESENTATION_CONTEXT(2) 
PARAMETRIC_REPRESENTATION_CONTEXT() REPRESENTATION_CONTEXT('2D SPACE',''
  ) );
#1748 = PCURVE('',#1749,#1754);
#1749 = PLANE('',#1750);
#1750 = AXIS2_PLACEMENT_3D('',#1751,#1752,#1753);
#1751 = CARTESIAN_POINT('',(20.360679774998,-18.,40.360679774998));
#1752 = DIRECTION('',(-0.,-1.,-0.));
#1753 = DIRECTION('',(0.,0.,-1.));
#1754 = DEFINITIONAL_REPRESENTATION('',(#1755),#1759);
#1755 = LINE('',#1756,#1757);
#1756 = CARTESIAN_POINT('',(-47.639320225,-12.36067977499));
#1757 = VECTOR('',#1758,1.);
#1758 = DIRECTION('',(1.,0.));
#1759 = ( GEOMETRIC_REPRESENTATION_CONTEXT(2) 
PARAMETRIC_REPRESENTATION_CONTEXT() REPRESENTATION_CONTEXT('2D SPACE',''
  ) );
#1760 = ORIENTED_EDGE('',*,*,#1761,.T.);
#1761 = EDGE_CURVE('',#1734,#1762,#1764,.T.);
#1762 = VERTEX_POINT('',#1763);
#1763 = CARTESIAN_POINT('',(8.,18.,88.));
#1764 = SURFACE_CURVE('',#1765,(#1769,#1776),.PCURVE_S1.);
#1765 = LINE('',#1766,#1767);
#1766 = CARTESIAN_POINT('',(8.,-18.,88.));
#1767 = VECTOR('',#1768,1.);
#1768 = DIRECTION('',(0.,1.,0.));
#1769 = PCURVE('',#1363,#1770);
#1770 = DEFINITIONAL_REPRESENTATION('',(#1771),#1775);
#1771 = LINE('',#1772,#1773);
#1772 = CARTESIAN_POINT('',(80.,-42.));
#1773 = VECTOR('',#1774,1.);
#1774 = DIRECTION('',(0.,-1.));
#1775 = ( GEOMETRIC_REPRESENTATION_CONTEXT(2) 
PARAMETRIC_REPRESENTATION_CONTEXT() REPRESENTATION_CONTEXT('2D SPACE',''
  ) );
#1776 = PCURVE('',#1777,#1782);
#1777 = PLANE('',#1778);
#1778 = AXIS2_PLACEMENT_3D('',#1779,#1780,#1781);
#1779 = CARTESIAN_POINT('',(48.,0.,8.));
#1780 = DIRECTION('',(-0.894427191,-0.,-0.4472135955));
#1781 = DIRECTION('',(-0.4472135955,0.,0.894427191));
#1782 = DEFINITIONAL_REPRESENTATION('',(#1783),#1787);
#1783 = LINE('',#1784,#1785);
#1784 = CARTESIAN_POINT('',(89.442719099992,-18.));
#1785 = VECTOR('',#1786,1.);
#1786 = DIRECTION('',(0.,1.));
#1787 = ( GEOMETRIC_REPRESENTATION_CONTEXT(2) 
PARAMETRIC_REPRESENTATION_CONTEXT() REPRESENTATION_CONTEXT('2D SPACE',''
  ) );
#1788 = ORIENTED_EDGE('',*,*,#1789,.T.);
#1789 = EDGE_CURVE('',#1762,#1790,#1792,.T.);
#1790 = VERTEX_POINT('',#1791);
#1791 = CARTESIAN_POINT('',(8.,18.,8.));
#1792 = SURFACE_CURVE('',#1793,(#1797,#1804),.PCURVE_S1.);
#1793 = LINE('',#1794,#1795);
#1794 = CARTESIAN_POINT('',(8.,18.,88.));
#1795 = VECTOR('',#1796,1.);
#1796 = DIRECTION('',(0.,0.,-1.));
#1797 = PCURVE('',#1363,#1798);
#1798 = DEFINITIONAL_REPRESENTATION('',(#1799),#1803);
#1799 = LINE('',#1800,#1801);
#1800 = CARTESIAN_POINT('',(80.,-78.));
#1801 = VECTOR('',#1802,1.);
#1802 = DIRECTION('',(-1.,0.));
#1803 = ( GEOMETRIC_REPRESENTATION_CONTEXT(2) 
PARAMETRIC_REPRESENTATION_CONTEXT() REPRESENTATION_CONTEXT('2D SPACE',''
  ) );
#1804 = PCURVE('',#1805,#1810);
#1805 = PLANE('',#1806);
#1806 = AXIS2_PLACEMENT_3D('',#1807,#1808,#1809);
#1807 = CARTESIAN_POINT('',(20.360679774998,18.,40.360679774998));
#1808 = DIRECTION('',(-0.,-1.,-0.));
#1809 = DIRECTION('',(0.,0.,-1.));
#1810 = DEFINITIONAL_REPRESENTATION('',(#1811),#1815);
#1811 = LINE('',#1812,#1813);
#1812 = CARTESIAN_POINT('',(-47.639320225,-12.36067977499));
#1813 = VECTOR('',#1814,1.);
#1814 = DIRECTION('',(1.,0.));
#1815 = ( GEOMETRIC_REPRESENTATION_CONTEXT(2) 
PARAMETRIC_REPRESENTATION_CONTEXT() REPRESENTATION_CONTEXT('2D SPACE',''
  ) );
#1816 = ORIENTED_EDGE('',*,*,#1817,.T.);
#1817 = EDGE_CURVE('',#1790,#1553,#1818,.T.);
#1818 = SURFACE_CURVE('',#1819,(#1823,#1830),.PCURVE_S1.);
#1819 = LINE('',#1820,#1821);
#1820 = CARTESIAN_POINT('',(8.,-60.,8.));
#1821 = VECTOR('',#1822,1.);
#1822 = DIRECTION('',(0.,1.,0.));
#1823 = PCURVE('',#1363,#1824);
#1824 = DEFINITIONAL_REPRESENTATION('',(#1825),#1829);
#1825 = LINE('',#1826,#1827);
#1826 = CARTESIAN_POINT('',(0.,0.));
#1827 = VECTOR('',#1828,1.);
#1828 = DIRECTION('',(0.,-1.));
#1829 = ( GEOMETRIC_REPRESENTATION_CONTEXT(2) 
PARAMETRIC_REPRESENTATION_CONTEXT() REPRESENTATION_CONTEXT('2D SPACE',''
  ) );
#1830 = PCURVE('',#1591,#1831);
#1831 = DEFINITIONAL_REPRESENTATION('',(#1832),#1836);
#1832 = LINE('',#1833,#1834);
#1833 = CARTESIAN_POINT('',(38.,0.));
#1834 = VECTOR('',#1835,1.);
#1835 = DIRECTION('',(0.,1.));
#1836 = ( GEOMETRIC_REPRESENTATION_CONTEXT(2) 
PARAMETRIC_REPRESENTATION_CONTEXT() REPRESENTATION_CONTEXT('2D SPACE',''
  ) );
#1837 = ORIENTED_EDGE('',*,*,#1552,.T.);
#1838 = ADVANCED_FACE('',(#1839),#1391,.T.);
#1839 = FACE_BOUND('',#1840,.T.);
#1840 = EDGE_LOOP('',(#1841,#1864,#1865,#1866));
#1841 = ORIENTED_EDGE('',*,*,#1842,.F.);
#1842 = EDGE_CURVE('',#1711,#1843,#1845,.T.);
#1843 = VERTEX_POINT('',#1844);
#1844 = CARTESIAN_POINT('',(30.,-18.,8.));
#1845 = SURFACE_CURVE('',#1846,(#1850,#1857),.PCURVE_S1.);
#1846 = LINE('',#1847,#1848);
#1847 = CARTESIAN_POINT('',(8.,-18.,8.));
#1848 = VECTOR('',#1849,1.);
#1849 = DIRECTION('',(1.,0.,0.));
#1850 = PCURVE('',#1391,#1851);
#1851 = DEFINITIONAL_REPRESENTATION('',(#1852),#1856);
#1852 = LINE('',#1853,#1854);
#1853 = CARTESIAN_POINT('',(38.,42.));
#1854 = VECTOR('',#1855,1.);
#1855 = DIRECTION('',(1.,0.));
#1856 = ( GEOMETRIC_REPRESENTATION_CONTEXT(2) 
PARAMETRIC_REPRESENTATION_CONTEXT() REPRESENTATION_CONTEXT('2D SPACE',''
  ) );
#1857 = PCURVE('',#1749,#1858);
#1858 = DEFINITIONAL_REPRESENTATION('',(#1859),#1863);
#1859 = LINE('',#1860,#1861);
#1860 = CARTESIAN_POINT('',(32.360679774998,-12.36067977499));
#1861 = VECTOR('',#1862,1.);
#1862 = DIRECTION('',(0.,1.));
#1863 = ( GEOMETRIC_REPRESENTATION_CONTEXT(2) 
PARAMETRIC_REPRESENTATION_CONTEXT() REPRESENTATION_CONTEXT('2D SPACE',''
  ) );
#1864 = ORIENTED_EDGE('',*,*,#1710,.F.);
#1865 = ORIENTED_EDGE('',*,*,#1375,.T.);
#1866 = ORIENTED_EDGE('',*,*,#1867,.T.);
#1867 = EDGE_CURVE('',#1376,#1843,#1868,.T.);
#1868 = SURFACE_CURVE('',#1869,(#1873,#1880),.PCURVE_S1.);
#1869 = LINE('',#1870,#1871);
#1870 = CARTESIAN_POINT('',(30.,-60.,8.));
#1871 = VECTOR('',#1872,1.);
#1872 = DIRECTION('',(0.,1.,0.));
#1873 = PCURVE('',#1391,#1874);
#1874 = DEFINITIONAL_REPRESENTATION('',(#1875),#1879);
#1875 = LINE('',#1876,#1877);
#1876 = CARTESIAN_POINT('',(60.,0.));
#1877 = VECTOR('',#1878,1.);
#1878 = DIRECTION('',(0.,1.));
#1879 = ( GEOMETRIC_REPRESENTATION_CONTEXT(2) 
PARAMETRIC_REPRESENTATION_CONTEXT() REPRESENTATION_CONTEXT('2D SPACE',''
  ) );
#1880 = PCURVE('',#1417,#1881);
#1881 = DEFINITIONAL_REPRESENTATION('',(#1882),#1886);
#1882 = LINE('',#1883,#1884);
#1883 = CARTESIAN_POINT('',(16.,0.));
#1884 = VECTOR('',#1885,1.);
#1885 = DIRECTION('',(0.,-1.));
#1886 = ( GEOMETRIC_REPRESENTATION_CONTEXT(2) 
PARAMETRIC_REPRESENTATION_CONTEXT() REPRESENTATION_CONTEXT('2D SPACE',''
  ) );
#1887 = ADVANCED_FACE('',(#1888),#1417,.T.);
#1888 = FACE_BOUND('',#1889,.T.);
#1889 = EDGE_LOOP('',(#1890,#1891,#1892,#1893,#1916,#1942));
#1890 = ORIENTED_EDGE('',*,*,#1403,.F.);
#1891 = ORIENTED_EDGE('',*,*,#1629,.T.);
#1892 = ORIENTED_EDGE('',*,*,#1603,.T.);
#1893 = ORIENTED_EDGE('',*,*,#1894,.F.);
#1894 = EDGE_CURVE('',#1895,#1576,#1897,.T.);
#1895 = VERTEX_POINT('',#1896);
#1896 = CARTESIAN_POINT('',(30.,18.,8.));
#1897 = SURFACE_CURVE('',#1898,(#1902,#1909),.PCURVE_S1.);
#1898 = LINE('',#1899,#1900);
#1899 = CARTESIAN_POINT('',(30.,-60.,8.));
#1900 = VECTOR('',#1901,1.);
#1901 = DIRECTION('',(0.,1.,0.));
#1902 = PCURVE('',#1417,#1903);
#1903 = DEFINITIONAL_REPRESENTATION('',(#1904),#1908);
#1904 = LINE('',#1905,#1906);
#1905 = CARTESIAN_POINT('',(16.,0.));
#1906 = VECTOR('',#1907,1.);
#1907 = DIRECTION('',(0.,-1.));
#1908 = ( GEOMETRIC_REPRESENTATION_CONTEXT(2) 
PARAMETRIC_REPRESENTATION_CONTEXT() REPRESENTATION_CONTEXT('2D SPACE',''
  ) );
#1909 = PCURVE('',#1591,#1910);
#1910 = DEFINITIONAL_REPRESENTATION('',(#1911),#1915);
#1911 = LINE('',#1912,#1913);
#1912 = CARTESIAN_POINT('',(60.,0.));
#1913 = VECTOR('',#1914,1.);
#1914 = DIRECTION('',(0.,1.));
#1915 = ( GEOMETRIC_REPRESENTATION_CONTEXT(2) 
PARAMETRIC_REPRESENTATION_CONTEXT() REPRESENTATION_CONTEXT('2D SPACE',''
  ) );
#1916 = ORIENTED_EDGE('',*,*,#1917,.F.);
#1917 = EDGE_CURVE('',#1843,#1895,#1918,.T.);
#1918 = SURFACE_CURVE('',#1919,(#1923,#1930),.PCURVE_S1.);
#1919 = LINE('',#1920,#1921);
#1920 = CARTESIAN_POINT('',(30.,-60.,8.));
#1921 = VECTOR('',#1922,1.);
#1922 = DIRECTION('',(0.,1.,0.));
#1923 = PCURVE('',#1417,#1924);
#1924 = DEFINITIONAL_REPRESENTATION('',(#1925),#1929);
#1925 = LINE('',#1926,#1927);
#1926 = CARTESIAN_POINT('',(16.,0.));
#1927 = VECTOR('',#1928,1.);
#1928 = DIRECTION('',(0.,-1.));
#1929 = ( GEOMETRIC_REPRESENTATION_CONTEXT(2) 
PARAMETRIC_REPRESENTATION_CONTEXT() REPRESENTATION_CONTEXT('2D SPACE',''
  ) );
#1930 = PCURVE('',#1931,#1936);
#1931 = PLANE('',#1932);
#1932 = AXIS2_PLACEMENT_3D('',#1933,#1934,#1935);
#1933 = CARTESIAN_POINT('',(8.,0.,8.));
#1934 = DIRECTION('',(-0.,0.,1.));
#1935 = DIRECTION('',(1.,0.,0.));
#1936 = DEFINITIONAL_REPRESENTATION('',(#1937),#1941);
#1937 = LINE('',#1938,#1939);
#1938 = CARTESIAN_POINT('',(22.,-60.));
#1939 = VECTOR('',#1940,1.);
#1940 = DIRECTION('',(0.,1.));
#1941 = ( GEOMETRIC_REPRESENTATION_CONTEXT(2) 
PARAMETRIC_REPRESENTATION_CONTEXT() REPRESENTATION_CONTEXT('2D SPACE',''
  ) );
#1942 = ORIENTED_EDGE('',*,*,#1867,.F.);
#1943 = ADVANCED_FACE('',(#1944),#1591,.T.);
#1944 = FACE_BOUND('',#1945,.T.);
#1945 = EDGE_LOOP('',(#1946,#1947,#1948,#1969));
#1946 = ORIENTED_EDGE('',*,*,#1575,.F.);
#1947 = ORIENTED_EDGE('',*,*,#1817,.F.);
#1948 = ORIENTED_EDGE('',*,*,#1949,.T.);
#1949 = EDGE_CURVE('',#1790,#1895,#1950,.T.);
#1950 = SURFACE_CURVE('',#1951,(#1955,#1962),.PCURVE_S1.);
#1951 = LINE('',#1952,#1953);
#1952 = CARTESIAN_POINT('',(8.,18.,8.));
#1953 = VECTOR('',#1954,1.);
#1954 = DIRECTION('',(1.,0.,0.));
#1955 = PCURVE('',#1591,#1956);
#1956 = DEFINITIONAL_REPRESENTATION('',(#1957),#1961);
#1957 = LINE('',#1958,#1959);
#1958 = CARTESIAN_POINT('',(38.,78.));
#1959 = VECTOR('',#1960,1.);
#1960 = DIRECTION('',(1.,0.));
#1961 = ( GEOMETRIC_REPRESENTATION_CONTEXT(2) 
PARAMETRIC_REPRESENTATION_CONTEXT() REPRESENTATION_CONTEXT('2D SPACE',''
  ) );
#1962 = PCURVE('',#1805,#1963);
#1963 = DEFINITIONAL_REPRESENTATION('',(#1964),#1968);
#1964 = LINE('',#1965,#1966);
#1965 = CARTESIAN_POINT('',(32.360679774998,-12.36067977499));
#1966 = VECTOR('',#1967,1.);
#1967 = DIRECTION('',(0.,1.));
#1968 = ( GEOMETRIC_REPRESENTATION_CONTEXT(2) 
PARAMETRIC_REPRESENTATION_CONTEXT() REPRESENTATION_CONTEXT('2D SPACE',''
  ) );
#1969 = ORIENTED_EDGE('',*,*,#1894,.T.);
#1970 = ADVANCED_FACE('',(#1971),#1805,.F.);
#1971 = FACE_BOUND('',#1972,.F.);
#1972 = EDGE_LOOP('',(#1973,#1974,#1997,#2018));
#1973 = ORIENTED_EDGE('',*,*,#1949,.T.);
#1974 = ORIENTED_EDGE('',*,*,#1975,.T.);
#1975 = EDGE_CURVE('',#1895,#1976,#1978,.T.);
#1976 = VERTEX_POINT('',#1977);
#1977 = CARTESIAN_POINT('',(48.,18.,8.));
#1978 = SURFACE_CURVE('',#1979,(#1983,#1990),.PCURVE_S1.);
#1979 = LINE('',#1980,#1981);
#1980 = CARTESIAN_POINT('',(8.,18.,8.));
#1981 = VECTOR('',#1982,1.);
#1982 = DIRECTION('',(1.,0.,0.));
#1983 = PCURVE('',#1805,#1984);
#1984 = DEFINITIONAL_REPRESENTATION('',(#1985),#1989);
#1985 = LINE('',#1986,#1987);
#1986 = CARTESIAN_POINT('',(32.360679774998,-12.36067977499));
#1987 = VECTOR('',#1988,1.);
#1988 = DIRECTION('',(0.,1.));
#1989 = ( GEOMETRIC_REPRESENTATION_CONTEXT(2) 
PARAMETRIC_REPRESENTATION_CONTEXT() REPRESENTATION_CONTEXT('2D SPACE',''
  ) );
#1990 = PCURVE('',#1931,#1991);
#1991 = DEFINITIONAL_REPRESENTATION('',(#1992),#1996);
#1992 = LINE('',#1993,#1994);
#1993 = CARTESIAN_POINT('',(0.,18.));
#1994 = VECTOR('',#1995,1.);
#1995 = DIRECTION('',(1.,0.));
#1996 = ( GEOMETRIC_REPRESENTATION_CONTEXT(2) 
PARAMETRIC_REPRESENTATION_CONTEXT() REPRESENTATION_CONTEXT('2D SPACE',''
  ) );
#1997 = ORIENTED_EDGE('',*,*,#1998,.T.);
#1998 = EDGE_CURVE('',#1976,#1762,#1999,.T.);
#1999 = SURFACE_CURVE('',#2000,(#2004,#2011),.PCURVE_S1.);
#2000 = LINE('',#2001,#2002);
#2001 = CARTESIAN_POINT('',(48.,18.,8.));
#2002 = VECTOR('',#2003,1.);
#2003 = DIRECTION('',(-0.4472135955,0.,0.894427191));
#2004 = PCURVE('',#1805,#2005);
#2005 = DEFINITIONAL_REPRESENTATION('',(#2006),#2010);
#2006 = LINE('',#2007,#2008);
#2007 = CARTESIAN_POINT('',(32.360679774998,27.639320225002));
#2008 = VECTOR('',#2009,1.);
#2009 = DIRECTION('',(-0.894427191,-0.4472135955));
#2010 = ( GEOMETRIC_REPRESENTATION_CONTEXT(2) 
PARAMETRIC_REPRESENTATION_CONTEXT() REPRESENTATION_CONTEXT('2D SPACE',''
  ) );
#2011 = PCURVE('',#1777,#2012);
#2012 = DEFINITIONAL_REPRESENTATION('',(#2013),#2017);
#2013 = LINE('',#2014,#2015);
#2014 = CARTESIAN_POINT('',(0.,18.));
#2015 = VECTOR('',#2016,1.);
#2016 = DIRECTION('',(1.,0.));
#2017 = ( GEOMETRIC_REPRESENTATION_CONTEXT(2) 
PARAMETRIC_REPRESENTATION_CONTEXT() REPRESENTATION_CONTEXT('2D SPACE',''
  ) );
#2018 = ORIENTED_EDGE('',*,*,#1789,.T.);
#2019 = ADVANCED_FACE('',(#2020),#1777,.F.);
#2020 = FACE_BOUND('',#2021,.F.);
#2021 = EDGE_LOOP('',(#2022,#2045,#2046,#2047));
#2022 = ORIENTED_EDGE('',*,*,#2023,.T.);
#2023 = EDGE_CURVE('',#2024,#1734,#2026,.T.);
#2024 = VERTEX_POINT('',#2025);
#2025 = CARTESIAN_POINT('',(48.,-18.,8.));
#2026 = SURFACE_CURVE('',#2027,(#2031,#2038),.PCURVE_S1.);
#2027 = LINE('',#2028,#2029);
#2028 = CARTESIAN_POINT('',(48.,-18.,8.));
#2029 = VECTOR('',#2030,1.);
#2030 = DIRECTION('',(-0.4472135955,0.,0.894427191));
#2031 = PCURVE('',#1777,#2032);
#2032 = DEFINITIONAL_REPRESENTATION('',(#2033),#2037);
#2033 = LINE('',#2034,#2035);
#2034 = CARTESIAN_POINT('',(0.,-18.));
#2035 = VECTOR('',#2036,1.);
#2036 = DIRECTION('',(1.,0.));
#2037 = ( GEOMETRIC_REPRESENTATION_CONTEXT(2) 
PARAMETRIC_REPRESENTATION_CONTEXT() REPRESENTATION_CONTEXT('2D SPACE',''
  ) );
#2038 = PCURVE('',#1749,#2039);
#2039 = DEFINITIONAL_REPRESENTATION('',(#2040),#2044);
#2040 = LINE('',#2041,#2042);
#2041 = CARTESIAN_POINT('',(32.360679774998,27.639320225002));
#2042 = VECTOR('',#2043,1.);
#2043 = DIRECTION('',(-0.894427191,-0.4472135955));
#2044 = ( GEOMETRIC_REPRESENTATION_CONTEXT(2) 
PARAMETRIC_REPRESENTATION_CONTEXT() REPRESENTATION_CONTEXT('2D SPACE',''
  ) );
#2045 = ORIENTED_EDGE('',*,*,#1761,.T.);
#2046 = ORIENTED_EDGE('',*,*,#1998,.F.);
#2047 = ORIENTED_EDGE('',*,*,#2048,.T.);
#2048 = EDGE_CURVE('',#1976,#2024,#2049,.T.);
#2049 = SURFACE_CURVE('',#2050,(#2054,#2061),.PCURVE_S1.);
#2050 = LINE('',#2051,#2052);
#2051 = CARTESIAN_POINT('',(48.,18.,8.));
#2052 = VECTOR('',#2053,1.);
#2053 = DIRECTION('',(0.,-1.,0.));
#2054 = PCURVE('',#1777,#2055);
#2055 = DEFINITIONAL_REPRESENTATION('',(#2056),#2060);
#2056 = LINE('',#2057,#2058);
#2057 = CARTESIAN_POINT('',(0.,18.));
#2058 = VECTOR('',#2059,1.);
#2059 = DIRECTION('',(0.,-1.));
#2060 = ( GEOMETRIC_REPRESENTATION_CONTEXT(2) 
PARAMETRIC_REPRESENTATION_CONTEXT() REPRESENTATION_CONTEXT('2D SPACE',''
  ) );
#2061 = PCURVE('',#1931,#2062);
#2062 = DEFINITIONAL_REPRESENTATION('',(#2063),#2067);
#2063 = LINE('',#2064,#2065);
#2064 = CARTESIAN_POINT('',(40.,18.));
#2065 = VECTOR('',#2066,1.);
#2066 = DIRECTION('',(0.,-1.));
#2067 = ( GEOMETRIC_REPRESENTATION_CONTEXT(2) 
PARAMETRIC_REPRESENTATION_CONTEXT() REPRESENTATION_CONTEXT('2D SPACE',''
  ) );
#2068 = ADVANCED_FACE('',(#2069),#1749,.T.);
#2069 = FACE_BOUND('',#2070,.T.);
#2070 = EDGE_LOOP('',(#2071,#2072,#2093,#2094));
#2071 = ORIENTED_EDGE('',*,*,#1842,.T.);
#2072 = ORIENTED_EDGE('',*,*,#2073,.T.);
#2073 = EDGE_CURVE('',#1843,#2024,#2074,.T.);
#2074 = SURFACE_CURVE('',#2075,(#2079,#2086),.PCURVE_S1.);
#2075 = LINE('',#2076,#2077);
#2076 = CARTESIAN_POINT('',(8.,-18.,8.));
#2077 = VECTOR('',#2078,1.);
#2078 = DIRECTION('',(1.,0.,0.));
#2079 = PCURVE('',#1749,#2080);
#2080 = DEFINITIONAL_REPRESENTATION('',(#2081),#2085);
#2081 = LINE('',#2082,#2083);
#2082 = CARTESIAN_POINT('',(32.360679774998,-12.36067977499));
#2083 = VECTOR('',#2084,1.);
#2084 = DIRECTION('',(0.,1.));
#2085 = ( GEOMETRIC_REPRESENTATION_CONTEXT(2) 
PARAMETRIC_REPRESENTATION_CONTEXT() REPRESENTATION_CONTEXT('2D SPACE',''
  ) );
#2086 = PCURVE('',#1931,#2087);
#2087 = DEFINITIONAL_REPRESENTATION('',(#2088),#2092);
#2088 = LINE('',#2089,#2090);
#2089 = CARTESIAN_POINT('',(0.,-18.));
#2090 = VECTOR('',#2091,1.);
#2091 = DIRECTION('',(1.,0.));
#2092 = ( GEOMETRIC_REPRESENTATION_CONTEXT(2) 
PARAMETRIC_REPRESENTATION_CONTEXT() REPRESENTATION_CONTEXT('2D SPACE',''
  ) );
#2093 = ORIENTED_EDGE('',*,*,#2023,.T.);
#2094 = ORIENTED_EDGE('',*,*,#1733,.T.);
#2095 = ADVANCED_FACE('',(#2096),#1931,.F.);
#2096 = FACE_BOUND('',#2097,.F.);
#2097 = EDGE_LOOP('',(#2098,#2099,#2100,#2101));
#2098 = ORIENTED_EDGE('',*,*,#1917,.F.);
#2099 = ORIENTED_EDGE('',*,*,#2073,.T.);
#2100 = ORIENTED_EDGE('',*,*,#2048,.F.);
#2101 = ORIENTED_EDGE('',*,*,#1975,.F.);
#2102 = ( GEOMETRIC_REPRESENTATION_CONTEXT(3) 
GLOBAL_UNCERTAINTY_ASSIGNED_CONTEXT((#2106)) 
GLOBAL_UNIT_ASSIGNED_CONTEXT((#2103,#2104,#2105)) REPRESENTATION_CONTEXT
('Context #1','3D Context with UNIT and UNCERTAINTY') );
#2103 = ( LENGTH_UNIT() NAMED_UNIT(*) SI_UNIT(.MILLI.,.METRE.) );
#2104 = ( NAMED_UNIT(*) PLANE_ANGLE_UNIT() SI_UNIT($,.RADIAN.) );
#2105 = ( NAMED_UNIT(*) SI_UNIT($,.STERADIAN.) SOLID_ANGLE_UNIT() );
#2106 = UNCERTAINTY_MEASURE_WITH_UNIT(LENGTH_MEASURE(1.E-07),#2103,
  'distance_accuracy_value','confusion accuracy');
#2107 = CONTEXT_DEPENDENT_SHAPE_REPRESENTATION(#2108,#2110);
#2108 = ( REPRESENTATION_RELATIONSHIP('','',#1117,#10) 
REPRESENTATION_RELATIONSHIP_WITH_TRANSFORMATION(#2109) 
SHAPE_REPRESENTATION_RELATIONSHIP() );
#2109 = ITEM_DEFINED_TRANSFORMATION('','',#11,#19);
#2110 = PRODUCT_DEFINITION_SHAPE('Placement','Placement of an item',
  #2111);
#2111 = NEXT_ASSEMBLY_USAGE_OCCURRENCE('2','BR-2100 Support Bracket','',
  #5,#1112,$);
#2112 = PRODUCT_RELATED_PRODUCT_CATEGORY('part',$,(#1114));
#2113 = SHAPE_DEFINITION_REPRESENTATION(#2114,#2120);
#2114 = PRODUCT_DEFINITION_SHAPE('','',#2115);
#2115 = PRODUCT_DEFINITION('design','',#2116,#2119);
#2116 = PRODUCT_DEFINITION_FORMATION('','',#2117);
#2117 = PRODUCT('HS-3200 Bearing Housing','HS-3200 Bearing Housing','',(
    #2118));
#2118 = PRODUCT_CONTEXT('',#2,'mechanical');
#2119 = PRODUCT_DEFINITION_CONTEXT('part definition',#2,'design');
#2120 = ADVANCED_BREP_SHAPE_REPRESENTATION('',(#11,#2121),#2737);
#2121 = MANIFOLD_SOLID_BREP('',#2122);
#2122 = CLOSED_SHELL('',(#2123,#2315,#2370,#2420,#2470,#2520,#2579,#2629
    ,#2680,#2710));
#2123 = ADVANCED_FACE('',(#2124,#2160,#2191,#2222,#2253,#2284),#2137,.F.
  );
#2124 = FACE_BOUND('',#2125,.F.);
#2125 = EDGE_LOOP('',(#2126));
#2126 = ORIENTED_EDGE('',*,*,#2127,.T.);
#2127 = EDGE_CURVE('',#2128,#2128,#2130,.T.);
#2128 = VERTEX_POINT('',#2129);
#2129 = CARTESIAN_POINT('',(0.,65.,0.));
#2130 = SURFACE_CURVE('',#2131,(#2136,#2148),.PCURVE_S1.);
#2131 = CIRCLE('',#2132,65.);
#2132 = AXIS2_PLACEMENT_3D('',#2133,#2134,#2135);
#2133 = CARTESIAN_POINT('',(0.,0.,0.));
#2134 = DIRECTION('',(1.,0.,0.));
#2135 = DIRECTION('',(0.,1.,0.));
#2136 = PCURVE('',#2137,#2142);
#2137 = PLANE('',#2138);
#2138 = AXIS2_PLACEMENT_3D('',#2139,#2140,#2141);
#2139 = CARTESIAN_POINT('',(0.,-3.889607488112E-15,1.07833545335E-16));
#2140 = DIRECTION('',(1.,0.,0.));
#2141 = DIRECTION('',(-0.,0.,1.));
#2142 = DEFINITIONAL_REPRESENTATION('',(#2143),#2147);
#2143 = CIRCLE('',#2144,65.);
#2144 = AXIS2_PLACEMENT_2D('',#2145,#2146);
#2145 = CARTESIAN_POINT('',(-1.07833545335E-16,-3.889607488112E-15));
#2146 = DIRECTION('',(0.,-1.));
#2147 = ( GEOMETRIC_REPRESENTATION_CONTEXT(2) 
PARAMETRIC_REPRESENTATION_CONTEXT() REPRESENTATION_CONTEXT('2D SPACE',''
  ) );
#2148 = PCURVE('',#2149,#2154);
#2149 = CYLINDRICAL_SURFACE('',#2150,65.);
#2150 = AXIS2_PLACEMENT_3D('',#2151,#2152,#2153);
#2151 = CARTESIAN_POINT('',(0.,0.,0.));
#2152 = DIRECTION('',(-1.,-0.,-0.));
#2153 = DIRECTION('',(0.,1.,0.));
#2154 = DEFINITIONAL_REPRESENTATION('',(#2155),#2159);
#2155 = LINE('',#2156,#2157);
#2156 = CARTESIAN_POINT('',(-0.,0.));
#2157 = VECTOR('',#2158,1.);
#2158 = DIRECTION('',(-1.,0.));
#2159 = ( GEOMETRIC_REPRESENTATION_CONTEXT(2) 
PARAMETRIC_REPRESENTATION_CONTEXT() REPRESENTATION_CONTEXT('2D SPACE',''
  ) );
#2160 = FACE_BOUND('',#2161,.F.);
#2161 = EDGE_LOOP('',(#2162));
#2162 = ORIENTED_EDGE('',*,*,#2163,.F.);
#2163 = EDGE_CURVE('',#2164,#2164,#2166,.T.);
#2164 = VERTEX_POINT('',#2165);
#2165 = CARTESIAN_POINT('',(0.,42.683766184074,-38.18376618407));
#2166 = SURFACE_CURVE('',#2167,(#2172,#2179),.PCURVE_S1.);
#2167 = CIRCLE('',#2168,4.5);
#2168 = AXIS2_PLACEMENT_3D('',#2169,#2170,#2171);
#2169 = CARTESIAN_POINT('',(0.,38.183766184074,-38.18376618407));
#2170 = DIRECTION('',(1.,0.,0.));
#2171 = DIRECTION('',(0.,1.,0.));
#2172 = PCURVE('',#2137,#2173);
#2173 = DEFINITIONAL_REPRESENTATION('',(#2174),#2178);
#2174 = CIRCLE('',#2175,4.5);
#2175 = AXIS2_PLACEMENT_2D('',#2176,#2177);
#2176 = CARTESIAN_POINT('',(-38.18376618407,-38.18376618407));
#2177 = DIRECTION('',(0.,-1.));
#2178 = ( GEOMETRIC_REPRESENTATION_CONTEXT(2) 
PARAMETRIC_REPRESENTATION_CONTEXT() REPRESENTATION_CONTEXT('2D SPACE',''
  ) );
#2179 = PCURVE('',#2180,#2185);
#2180 = CYLINDRICAL_SURFACE('',#2181,4.5);
#2181 = AXIS2_PLACEMENT_3D('',#2182,#2183,#2184);
#2182 = CARTESIAN_POINT('',(0.,38.183766184074,-38.18376618407));
#2183 = DIRECTION('',(-1.,-0.,-0.));
#2184 = DIRECTION('',(0.,1.,0.));
#2185 = DEFINITIONAL_REPRESENTATION('',(#2186),#2190);
#2186 = LINE('',#2187,#2188);
#2187 = CARTESIAN_POINT('',(-0.,0.));
#2188 = VECTOR('',#2189,1.);
#2189 = DIRECTION('',(-1.,0.));
#2190 = ( GEOMETRIC_REPRESENTATION_CONTEXT(2) 
PARAMETRIC_REPRESENTATION_CONTEXT() REPRESENTATION_CONTEXT('2D SPACE',''
  ) );
#2191 = FACE_BOUND('',#2192,.F.);
#2192 = EDGE_LOOP('',(#2193));
#2193 = ORIENTED_EDGE('',*,*,#2194,.F.);
#2194 = EDGE_CURVE('',#2195,#2195,#2197,.T.);
#2195 = VERTEX_POINT('',#2196);
#2196 = CARTESIAN_POINT('',(0.,42.683766184074,38.183766184074));
#2197 = SURFACE_CURVE('',#2198,(#2203,#2210),.PCURVE_S1.);
#2198 = CIRCLE('',#2199,4.5);
#2199 = AXIS2_PLACEMENT_3D('',#2200,#2201,#2202);
#2200 = CARTESIAN_POINT('',(0.,38.183766184074,38.183766184074));
#2201 = DIRECTION('',(1.,0.,0.));
#2202 = DIRECTION('',(0.,1.,0.));
#2203 = PCURVE('',#2137,#2204);
#2204 = DEFINITIONAL_REPRESENTATION('',(#2205),#2209);
#2205 = CIRCLE('',#2206,4.5);
#2206 = AXIS2_PLACEMENT_2D('',#2207,#2208);
#2207 = CARTESIAN_POINT('',(38.183766184074,-38.18376618407));
#2208 = DIRECTION('',(0.,-1.));
#2209 = ( GEOMETRIC_REPRESENTATION_CONTEXT(2) 
PARAMETRIC_REPRESENTATION_CONTEXT() REPRESENTATION_CONTEXT('2D SPACE',''
  ) );
#2210 = PCURVE('',#2211,#2216);
#2211 = CYLINDRICAL_SURFACE('',#2212,4.5);
#2212 = AXIS2_PLACEMENT_3D('',#2213,#2214,#2215);
#2213 = CARTESIAN_POINT('',(0.,38.183766184074,38.183766184074));
#2214 = DIRECTION('',(-1.,-0.,-0.));
#2215 = DIRECTION('',(0.,1.,0.));
#2216 = DEFINITIONAL_REPRESENTATION('',(#2217),#2221);
#2217 = LINE('',#2218,#2219);
#2218 = CARTESIAN_POINT('',(-0.,0.));
#2219 = VECTOR('',#2220,1.);
#2220 = DIRECTION('',(-1.,0.));
#2221 = ( GEOMETRIC_REPRESENTATION_CONTEXT(2) 
PARAMETRIC_REPRESENTATION_CONTEXT() REPRESENTATION_CONTEXT('2D SPACE',''
  ) );
#2222 = FACE_BOUND('',#2223,.F.);
#2223 = EDGE_LOOP('',(#2224));
#2224 = ORIENTED_EDGE('',*,*,#2225,.F.);
#2225 = EDGE_CURVE('',#2226,#2226,#2228,.T.);
#2226 = VERTEX_POINT('',#2227);
#2227 = CARTESIAN_POINT('',(0.,-33.68376618407,-38.18376618407));
#2228 = SURFACE_CURVE('',#2229,(#2234,#2241),.PCURVE_S1.);
#2229 = CIRCLE('',#2230,4.5);
#2230 = AXIS2_PLACEMENT_3D('',#2231,#2232,#2233);
#2231 = CARTESIAN_POINT('',(0.,-38.18376618407,-38.18376618407));
#2232 = DIRECTION('',(1.,0.,0.));
#2233 = DIRECTION('',(0.,1.,0.));
#2234 = PCURVE('',#2137,#2235);
#2235 = DEFINITIONAL_REPRESENTATION('',(#2236),#2240);
#2236 = CIRCLE('',#2237,4.5);
#2237 = AXIS2_PLACEMENT_2D('',#2238,#2239);
#2238 = CARTESIAN_POINT('',(-38.18376618407,38.183766184074));
#2239 = DIRECTION('',(0.,-1.));
#2240 = ( GEOMETRIC_REPRESENTATION_CONTEXT(2) 
PARAMETRIC_REPRESENTATION_CONTEXT() REPRESENTATION_CONTEXT('2D SPACE',''
  ) );
#2241 = PCURVE('',#2242,#2247);
#2242 = CYLINDRICAL_SURFACE('',#2243,4.5);
#2243 = AXIS2_PLACEMENT_3D('',#2244,#2245,#2246);
#2244 = CARTESIAN_POINT('',(0.,-38.18376618407,-38.18376618407));
#2245 = DIRECTION('',(-1.,-0.,-0.));
#2246 = DIRECTION('',(0.,1.,0.));
#2247 = DEFINITIONAL_REPRESENTATION('',(#2248),#2252);
#2248 = LINE('',#2249,#2250);
#2249 = CARTESIAN_POINT('',(-0.,0.));
#2250 = VECTOR('',#2251,1.);
#2251 = DIRECTION('',(-1.,0.));
#2252 = ( GEOMETRIC_REPRESENTATION_CONTEXT(2) 
PARAMETRIC_REPRESENTATION_CONTEXT() REPRESENTATION_CONTEXT('2D SPACE',''
  ) );
#2253 = FACE_BOUND('',#2254,.F.);
#2254 = EDGE_LOOP('',(#2255));
#2255 = ORIENTED_EDGE('',*,*,#2256,.F.);
#2256 = EDGE_CURVE('',#2257,#2257,#2259,.T.);
#2257 = VERTEX_POINT('',#2258);
#2258 = CARTESIAN_POINT('',(0.,22.5,0.));
#2259 = SURFACE_CURVE('',#2260,(#2265,#2272),.PCURVE_S1.);
#2260 = CIRCLE('',#2261,22.5);
#2261 = AXIS2_PLACEMENT_3D('',#2262,#2263,#2264);
#2262 = CARTESIAN_POINT('',(0.,0.,0.));
#2263 = DIRECTION('',(1.,0.,0.));
#2264 = DIRECTION('',(0.,1.,0.));
#2265 = PCURVE('',#2137,#2266);
#2266 = DEFINITIONAL_REPRESENTATION('',(#2267),#2271);
#2267 = CIRCLE('',#2268,22.5);
#2268 = AXIS2_PLACEMENT_2D('',#2269,#2270);
#2269 = CARTESIAN_POINT('',(-1.07833545335E-16,-3.889607488112E-15));
#2270 = DIRECTION('',(0.,-1.));
#2271 = ( GEOMETRIC_REPRESENTATION_CONTEXT(2) 
PARAMETRIC_REPRESENTATION_CONTEXT() REPRESENTATION_CONTEXT('2D SPACE',''
  ) );
#2272 = PCURVE('',#2273,#2278);
#2273 = CYLINDRICAL_SURFACE('',#2274,22.5);
#2274 = AXIS2_PLACEMENT_3D('',#2275,#2276,#2277);
#2275 = CARTESIAN_POINT('',(0.,0.,0.));
#2276 = DIRECTION('',(-1.,-0.,-0.));
#2277 = DIRECTION('',(0.,1.,0.));
#2278 = DEFINITIONAL_REPRESENTATION('',(#2279),#2283);
#2279 = LINE('',#2280,#2281);
#2280 = CARTESIAN_POINT('',(-0.,0.));
#2281 = VECTOR('',#2282,1.);
#2282 = DIRECTION('',(-1.,0.));
#2283 = ( GEOMETRIC_REPRESENTATION_CONTEXT(2) 
PARAMETRIC_REPRESENTATION_CONTEXT() REPRESENTATION_CONTEXT('2D SPACE',''
  ) );
#2284 = FACE_BOUND('',#2285,.F.);
#2285 = EDGE_LOOP('',(#2286));
#2286 = ORIENTED_EDGE('',*,*,#2287,.F.);
#2287 = EDGE_CURVE('',#2288,#2288,#2290,.T.);
#2288 = VERTEX_POINT('',#2289);
#2289 = CARTESIAN_POINT('',(0.,-33.68376618407,38.183766184074));
#2290 = SURFACE_CURVE('',#2291,(#2296,#2303),.PCURVE_S1.);
#2291 = CIRCLE('',#2292,4.5);
#2292 = AXIS2_PLACEMENT_3D('',#2293,#2294,#2295);
#2293 = CARTESIAN_POINT('',(0.,-38.18376618407,38.183766184074));
#2294 = DIRECTION('',(1.,0.,0.));
#2295 = DIRECTION('',(0.,1.,0.));
#2296 = PCURVE('',#2137,#2297);
#2297 = DEFINITIONAL_REPRESENTATION('',(#2298),#2302);
#2298 = CIRCLE('',#2299,4.5);
#2299 = AXIS2_PLACEMENT_2D('',#2300,#2301);
#2300 = CARTESIAN_POINT('',(38.183766184074,38.183766184074));
#2301 = DIRECTION('',(0.,-1.));
#2302 = ( GEOMETRIC_REPRESENTATION_CONTEXT(2) 
PARAMETRIC_REPRESENTATION_CONTEXT() REPRESENTATION_CONTEXT('2D SPACE',''
  ) );
#2303 = PCURVE('',#2304,#2309);
#2304 = CYLINDRICAL_SURFACE('',#2305,4.5);
#2305 = AXIS2_PLACEMENT_3D('',#2306,#2307,#2308);
#2306 = CARTESIAN_POINT('',(0.,-38.18376618407,38.183766184074));
#2307 = DIRECTION('',(-1.,-0.,-0.));
#2308 = DIRECTION('',(0.,1.,0.));
#2309 = DEFINITIONAL_REPRESENTATION('',(#2310),#2314);
#2310 = LINE('',#2311,#2312);
#2311 = CARTESIAN_POINT('',(-0.,0.));
#2312 = VECTOR('',#2313,1.);
#2313 = DIRECTION('',(-1.,0.));
#2314 = ( GEOMETRIC_REPRESENTATION_CONTEXT(2) 
PARAMETRIC_REPRESENTATION_CONTEXT() REPRESENTATION_CONTEXT('2D SPACE',''
  ) );
#2315 = ADVANCED_FACE('',(#2316),#2149,.T.);
#2316 = FACE_BOUND('',#2317,.F.);
#2317 = EDGE_LOOP('',(#2318,#2341,#2368,#2369));
#2318 = ORIENTED_EDGE('',*,*,#2319,.T.);
#2319 = EDGE_CURVE('',#2128,#2320,#2322,.T.);
#2320 = VERTEX_POINT('',#2321);
#2321 = CARTESIAN_POINT('',(14.,65.,0.));
#2322 = SEAM_CURVE('',#2323,(#2327,#2334),.PCURVE_S1.);
#2323 = LINE('',#2324,#2325);
#2324 = CARTESIAN_POINT('',(0.,65.,0.));
#2325 = VECTOR('',#2326,1.);
#2326 = DIRECTION('',(1.,0.,0.));
#2327 = PCURVE('',#2149,#2328);
#2328 = DEFINITIONAL_REPRESENTATION('',(#2329),#2333);
#2329 = LINE('',#2330,#2331);
#2330 = CARTESIAN_POINT('',(-0.,0.));
#2331 = VECTOR('',#2332,1.);
#2332 = DIRECTION('',(-0.,-1.));
#2333 = ( GEOMETRIC_REPRESENTATION_CONTEXT(2) 
PARAMETRIC_REPRESENTATION_CONTEXT() REPRESENTATION_CONTEXT('2D SPACE',''
  ) );
#2334 = PCURVE('',#2149,#2335);
#2335 = DEFINITIONAL_REPRESENTATION('',(#2336),#2340);
#2336 = LINE('',#2337,#2338);
#2337 = CARTESIAN_POINT('',(-6.28318530718,0.));
#2338 = VECTOR('',#2339,1.);
#2339 = DIRECTION('',(-0.,-1.));
#2340 = ( GEOMETRIC_REPRESENTATION_CONTEXT(2) 
PARAMETRIC_REPRESENTATION_CONTEXT() REPRESENTATION_CONTEXT('2D SPACE',''
  ) );
#2341 = ORIENTED_EDGE('',*,*,#2342,.T.);
#2342 = EDGE_CURVE('',#2320,#2320,#2343,.T.);
#2343 = SURFACE_CURVE('',#2344,(#2349,#2356),.PCURVE_S1.);
#2344 = CIRCLE('',#2345,65.);
#2345 = AXIS2_PLACEMENT_3D('',#2346,#2347,#2348);
#2346 = CARTESIAN_POINT('',(14.,0.,0.));
#2347 = DIRECTION('',(1.,0.,0.));
#2348 = DIRECTION('',(0.,1.,0.));
#2349 = PCURVE('',#2149,#2350);
#2350 = DEFINITIONAL_REPRESENTATION('',(#2351),#2355);
#2351 = LINE('',#2352,#2353);
#2352 = CARTESIAN_POINT('',(-0.,-14.));
#2353 = VECTOR('',#2354,1.);
#2354 = DIRECTION('',(-1.,0.));
#2355 = ( GEOMETRIC_REPRESENTATION_CONTEXT(2) 
PARAMETRIC_REPRESENTATION_CONTEXT() REPRESENTATION_CONTEXT('2D SPACE',''
  ) );
#2356 = PCURVE('',#2357,#2362);
#2357 = PLANE('',#2358);
#2358 = AXIS2_PLACEMENT_3D('',#2359,#2360,#2361);
#2359 = CARTESIAN_POINT('',(14.,-6.732012960194E-15,-2.653401398153E-15)
  );
#2360 = DIRECTION('',(1.,0.,0.));
#2361 = DIRECTION('',(-0.,0.,1.));
#2362 = DEFINITIONAL_REPRESENTATION('',(#2363),#2367);
#2363 = CIRCLE('',#2364,65.);
#2364 = AXIS2_PLACEMENT_2D('',#2365,#2366);
#2365 = CARTESIAN_POINT('',(2.653401398153E-15,-6.732012960194E-15));
#2366 = DIRECTION('',(0.,-1.));
#2367 = ( GEOMETRIC_REPRESENTATION_CONTEXT(2) 
PARAMETRIC_REPRESENTATION_CONTEXT() REPRESENTATION_CONTEXT('2D SPACE',''
  ) );
#2368 = ORIENTED_EDGE('',*,*,#2319,.F.);
#2369 = ORIENTED_EDGE('',*,*,#2127,.F.);
#2370 = ADVANCED_FACE('',(#2371),#2180,.F.);
#2371 = FACE_BOUND('',#2372,.T.);
#2372 = EDGE_LOOP('',(#2373,#2396,#2418,#2419));
#2373 = ORIENTED_EDGE('',*,*,#2374,.T.);
#2374 = EDGE_CURVE('',#2164,#2375,#2377,.T.);
#2375 = VERTEX_POINT('',#2376);
#2376 = CARTESIAN_POINT('',(14.,42.683766184074,-38.18376618407));
#2377 = SEAM_CURVE('',#2378,(#2382,#2389),.PCURVE_S1.);
#2378 = LINE('',#2379,#2380);
#2379 = CARTESIAN_POINT('',(0.,42.683766184074,-38.18376618407));
#2380 = VECTOR('',#2381,1.);
#2381 = DIRECTION('',(1.,0.,0.));
#2382 = PCURVE('',#2180,#2383);
#2383 = DEFINITIONAL_REPRESENTATION('',(#2384),#2388);
#2384 = LINE('',#2385,#2386);
#2385 = CARTESIAN_POINT('',(-0.,0.));
#2386 = VECTOR('',#2387,1.);
#2387 = DIRECTION('',(-0.,-1.));
#2388 = ( GEOMETRIC_REPRESENTATION_CONTEXT(2) 
PARAMETRIC_REPRESENTATION_CONTEXT() REPRESENTATION_CONTEXT('2D SPACE',''
  ) );
#2389 = PCURVE('',#2180,#2390);
#2390 = DEFINITIONAL_REPRESENTATION('',(#2391),#2395);
#2391 = LINE('',#2392,#2393);
#2392 = CARTESIAN_POINT('',(-6.28318530718,0.));
#2393 = VECTOR('',#2394,1.);
#2394 = DIRECTION('',(-0.,-1.));
#2395 = ( GEOMETRIC_REPRESENTATION_CONTEXT(2) 
PARAMETRIC_REPRESENTATION_CONTEXT() REPRESENTATION_CONTEXT('2D SPACE',''
  ) );
#2396 = ORIENTED_EDGE('',*,*,#2397,.T.);
#2397 = EDGE_CURVE('',#2375,#2375,#2398,.T.);
#2398 = SURFACE_CURVE('',#2399,(#2404,#2411),.PCURVE_S1.);
#2399 = CIRCLE('',#2400,4.5);
#2400 = AXIS2_PLACEMENT_3D('',#2401,#2402,#2403);
#2401 = CARTESIAN_POINT('',(14.,38.183766184074,-38.18376618407));
#2402 = DIRECTION('',(1.,0.,0.));
#2403 = DIRECTION('',(0.,1.,0.));
#2404 = PCURVE('',#2180,#2405);
#2405 = DEFINITIONAL_REPRESENTATION('',(#2406),#2410);
#2406 = LINE('',#2407,#2408);
#2407 = CARTESIAN_POINT('',(-0.,-14.));
#2408 = VECTOR('',#2409,1.);
#2409 = DIRECTION('',(-1.,0.));
#2410 = ( GEOMETRIC_REPRESENTATION_CONTEXT(2) 
PARAMETRIC_REPRESENTATION_CONTEXT() REPRESENTATION_CONTEXT('2D SPACE',''
  ) );
#2411 = PCURVE('',#2357,#2412);
#2412 = DEFINITIONAL_REPRESENTATION('',(#2413),#2417);
#2413 = CIRCLE('',#2414,4.5);
#2414 = AXIS2_PLACEMENT_2D('',#2415,#2416);
#2415 = CARTESIAN_POINT('',(-38.18376618407,-38.18376618407));
#2416 = DIRECTION('',(0.,-1.));
#2417 = ( GEOMETRIC_REPRESENTATION_CONTEXT(2) 
PARAMETRIC_REPRESENTATION_CONTEXT() REPRESENTATION_CONTEXT('2D SPACE',''
  ) );
#2418 = ORIENTED_EDGE('',*,*,#2374,.F.);
#2419 = ORIENTED_EDGE('',*,*,#2163,.F.);
#2420 = ADVANCED_FACE('',(#2421),#2211,.F.);
#2421 = FACE_BOUND('',#2422,.T.);
#2422 = EDGE_LOOP('',(#2423,#2446,#2468,#2469));
#2423 = ORIENTED_EDGE('',*,*,#2424,.T.);
#2424 = EDGE_CURVE('',#2195,#2425,#2427,.T.);
#2425 = VERTEX_POINT('',#2426);
#2426 = CARTESIAN_POINT('',(14.,42.683766184074,38.183766184074));
#2427 = SEAM_CURVE('',#2428,(#2432,#2439),.PCURVE_S1.);
#2428 = LINE('',#2429,#2430);
#2429 = CARTESIAN_POINT('',(0.,42.683766184074,38.183766184074));
#2430 = VECTOR('',#2431,1.);
#2431 = DIRECTION('',(1.,0.,0.));
#2432 = PCURVE('',#2211,#2433);
#2433 = DEFINITIONAL_REPRESENTATION('',(#2434),#2438);
#2434 = LINE('',#2435,#2436);
#2435 = CARTESIAN_POINT('',(-0.,0.));
#2436 = VECTOR('',#2437,1.);
#2437 = DIRECTION('',(-0.,-1.));
#2438 = ( GEOMETRIC_REPRESENTATION_CONTEXT(2) 
PARAMETRIC_REPRESENTATION_CONTEXT() REPRESENTATION_CONTEXT('2D SPACE',''
  ) );
#2439 = PCURVE('',#2211,#2440);
#2440 = DEFINITIONAL_REPRESENTATION('',(#2441),#2445);
#2441 = LINE('',#2442,#2443);
#2442 = CARTESIAN_POINT('',(-6.28318530718,0.));
#2443 = VECTOR('',#2444,1.);
#2444 = DIRECTION('',(-0.,-1.));
#2445 = ( GEOMETRIC_REPRESENTATION_CONTEXT(2) 
PARAMETRIC_REPRESENTATION_CONTEXT() REPRESENTATION_CONTEXT('2D SPACE',''
  ) );
#2446 = ORIENTED_EDGE('',*,*,#2447,.T.);
#2447 = EDGE_CURVE('',#2425,#2425,#2448,.T.);
#2448 = SURFACE_CURVE('',#2449,(#2454,#2461),.PCURVE_S1.);
#2449 = CIRCLE('',#2450,4.5);
#2450 = AXIS2_PLACEMENT_3D('',#2451,#2452,#2453);
#2451 = CARTESIAN_POINT('',(14.,38.183766184074,38.183766184074));
#2452 = DIRECTION('',(1.,0.,0.));
#2453 = DIRECTION('',(0.,1.,0.));
#2454 = PCURVE('',#2211,#2455);
#2455 = DEFINITIONAL_REPRESENTATION('',(#2456),#2460);
#2456 = LINE('',#2457,#2458);
#2457 = CARTESIAN_POINT('',(-0.,-14.));
#2458 = VECTOR('',#2459,1.);
#2459 = DIRECTION('',(-1.,0.));
#2460 = ( GEOMETRIC_REPRESENTATION_CONTEXT(2) 
PARAMETRIC_REPRESENTATION_CONTEXT() REPRESENTATION_CONTEXT('2D SPACE',''
  ) );
#2461 = PCURVE('',#2357,#2462);
#2462 = DEFINITIONAL_REPRESENTATION('',(#2463),#2467);
#2463 = CIRCLE('',#2464,4.5);
#2464 = AXIS2_PLACEMENT_2D('',#2465,#2466);
#2465 = CARTESIAN_POINT('',(38.183766184074,-38.18376618407));
#2466 = DIRECTION('',(0.,-1.));
#2467 = ( GEOMETRIC_REPRESENTATION_CONTEXT(2) 
PARAMETRIC_REPRESENTATION_CONTEXT() REPRESENTATION_CONTEXT('2D SPACE',''
  ) );
#2468 = ORIENTED_EDGE('',*,*,#2424,.F.);
#2469 = ORIENTED_EDGE('',*,*,#2194,.F.);
#2470 = ADVANCED_FACE('',(#2471),#2242,.F.);
#2471 = FACE_BOUND('',#2472,.T.);
#2472 = EDGE_LOOP('',(#2473,#2496,#2518,#2519));
#2473 = ORIENTED_EDGE('',*,*,#2474,.T.);
#2474 = EDGE_CURVE('',#2226,#2475,#2477,.T.);
#2475 = VERTEX_POINT('',#2476);
#2476 = CARTESIAN_POINT('',(14.,-33.68376618407,-38.18376618407));
#2477 = SEAM_CURVE('',#2478,(#2482,#2489),.PCURVE_S1.);
#2478 = LINE('',#2479,#2480);
#2479 = CARTESIAN_POINT('',(0.,-33.68376618407,-38.18376618407));
#2480 = VECTOR('',#2481,1.);
#2481 = DIRECTION('',(1.,0.,0.));
#2482 = PCURVE('',#2242,#2483);
#2483 = DEFINITIONAL_REPRESENTATION('',(#2484),#2488);
#2484 = LINE('',#2485,#2486);
#2485 = CARTESIAN_POINT('',(-0.,0.));
#2486 = VECTOR('',#2487,1.);
#2487 = DIRECTION('',(-0.,-1.));
#2488 = ( GEOMETRIC_REPRESENTATION_CONTEXT(2) 
PARAMETRIC_REPRESENTATION_CONTEXT() REPRESENTATION_CONTEXT('2D SPACE',''
  ) );
#2489 = PCURVE('',#2242,#2490);
#2490 = DEFINITIONAL_REPRESENTATION('',(#2491),#2495);
#2491 = LINE('',#2492,#2493);
#2492 = CARTESIAN_POINT('',(-6.28318530718,0.));
#2493 = VECTOR('',#2494,1.);
#2494 = DIRECTION('',(-0.,-1.));
#2495 = ( GEOMETRIC_REPRESENTATION_CONTEXT(2) 
PARAMETRIC_REPRESENTATION_CONTEXT() REPRESENTATION_CONTEXT('2D SPACE',''
  ) );
#2496 = ORIENTED_EDGE('',*,*,#2497,.T.);
#2497 = EDGE_CURVE('',#2475,#2475,#2498,.T.);
#2498 = SURFACE_CURVE('',#2499,(#2504,#2511),.PCURVE_S1.);
#2499 = CIRCLE('',#2500,4.5);
#2500 = AXIS2_PLACEMENT_3D('',#2501,#2502,#2503);
#2501 = CARTESIAN_POINT('',(14.,-38.18376618407,-38.18376618407));
#2502 = DIRECTION('',(1.,0.,0.));
#2503 = DIRECTION('',(0.,1.,0.));
#2504 = PCURVE('',#2242,#2505);
#2505 = DEFINITIONAL_REPRESENTATION('',(#2506),#2510);
#2506 = LINE('',#2507,#2508);
#2507 = CARTESIAN_POINT('',(-0.,-14.));
#2508 = VECTOR('',#2509,1.);
#2509 = DIRECTION('',(-1.,0.));
#2510 = ( GEOMETRIC_REPRESENTATION_CONTEXT(2) 
PARAMETRIC_REPRESENTATION_CONTEXT() REPRESENTATION_CONTEXT('2D SPACE',''
  ) );
#2511 = PCURVE('',#2357,#2512);
#2512 = DEFINITIONAL_REPRESENTATION('',(#2513),#2517);
#2513 = CIRCLE('',#2514,4.5);
#2514 = AXIS2_PLACEMENT_2D('',#2515,#2516);
#2515 = CARTESIAN_POINT('',(-38.18376618407,38.183766184074));
#2516 = DIRECTION('',(0.,-1.));
#2517 = ( GEOMETRIC_REPRESENTATION_CONTEXT(2) 
PARAMETRIC_REPRESENTATION_CONTEXT() REPRESENTATION_CONTEXT('2D SPACE',''
  ) );
#2518 = ORIENTED_EDGE('',*,*,#2474,.F.);
#2519 = ORIENTED_EDGE('',*,*,#2225,.F.);
#2520 = ADVANCED_FACE('',(#2521),#2273,.F.);
#2521 = FACE_BOUND('',#2522,.T.);
#2522 = EDGE_LOOP('',(#2523,#2524,#2547,#2578));
#2523 = ORIENTED_EDGE('',*,*,#2256,.F.);
#2524 = ORIENTED_EDGE('',*,*,#2525,.T.);
#2525 = EDGE_CURVE('',#2257,#2526,#2528,.T.);
#2526 = VERTEX_POINT('',#2527);
#2527 = CARTESIAN_POINT('',(60.,22.5,0.));
#2528 = SEAM_CURVE('',#2529,(#2533,#2540),.PCURVE_S1.);
#2529 = LINE('',#2530,#2531);
#2530 = CARTESIAN_POINT('',(0.,22.5,0.));
#2531 = VECTOR('',#2532,1.);
#2532 = DIRECTION('',(1.,0.,0.));
#2533 = PCURVE('',#2273,#2534);
#2534 = DEFINITIONAL_REPRESENTATION('',(#2535),#2539);
#2535 = LINE('',#2536,#2537);
#2536 = CARTESIAN_POINT('',(-6.28318530718,0.));
#2537 = VECTOR('',#2538,1.);
#2538 = DIRECTION('',(-0.,-1.));
#2539 = ( GEOMETRIC_REPRESENTATION_CONTEXT(2) 
PARAMETRIC_REPRESENTATION_CONTEXT() REPRESENTATION_CONTEXT('2D SPACE',''
  ) );
#2540 = PCURVE('',#2273,#2541);
#2541 = DEFINITIONAL_REPRESENTATION('',(#2542),#2546);
#2542 = LINE('',#2543,#2544);
#2543 = CARTESIAN_POINT('',(-0.,0.));
#2544 = VECTOR('',#2545,1.);
#2545 = DIRECTION('',(-0.,-1.));
#2546 = ( GEOMETRIC_REPRESENTATION_CONTEXT(2) 
PARAMETRIC_REPRESENTATION_CONTEXT() REPRESENTATION_CONTEXT('2D SPACE',''
  ) );
#2547 = ORIENTED_EDGE('',*,*,#2548,.F.);
#2548 = EDGE_CURVE('',#2526,#2526,#2549,.T.);
#2549 = SURFACE_CURVE('',#2550,(#2555,#2562),.PCURVE_S1.);
#2550 = CIRCLE('',#2551,22.5);
#2551 = AXIS2_PLACEMENT_3D('',#2552,#2553,#2554);
#2552 = CARTESIAN_POINT('',(60.,0.,0.));
#2553 = DIRECTION('',(-1.,0.,0.));
#2554 = DIRECTION('',(0.,1.,0.));
#2555 = PCURVE('',#2273,#2556);
#2556 = DEFINITIONAL_REPRESENTATION('',(#2557),#2561);
#2557 = LINE('',#2558,#2559);
#2558 = CARTESIAN_POINT('',(-6.28318530718,-60.));
#2559 = VECTOR('',#2560,1.);
#2560 = DIRECTION('',(1.,-0.));
#2561 = ( GEOMETRIC_REPRESENTATION_CONTEXT(2) 
PARAMETRIC_REPRESENTATION_CONTEXT() REPRESENTATION_CONTEXT('2D SPACE',''
  ) );
#2562 = PCURVE('',#2563,#2568);
#2563 = PLANE('',#2564);
#2564 = AXIS2_PLACEMENT_3D('',#2565,#2566,#2567);
#2565 = CARTESIAN_POINT('',(60.,-3.889607488112E-15,1.07833545335E-16));
#2566 = DIRECTION('',(1.,0.,0.));
#2567 = DIRECTION('',(-0.,0.,1.));
#2568 = DEFINITIONAL_REPRESENTATION('',(#2569),#2577);
#2569 = ( BOUNDED_CURVE() B_SPLINE_CURVE(2,(#2570,#2571,#2572,#2573,
#2574,#2575,#2576),.UNSPECIFIED.,.T.,.F.) B_SPLINE_CURVE_WITH_KNOTS((1,2
    ,2,2,2,1),(-2.094395102393,0.,2.094395102393,4.188790204786,
6.28318530718,8.377580409573),.UNSPECIFIED.) CURVE() 
GEOMETRIC_REPRESENTATION_ITEM() RATIONAL_B_SPLINE_CURVE((1.,0.5,1.,0.5,
1.,0.5,1.)) REPRESENTATION_ITEM('') );
#2570 = CARTESIAN_POINT('',(-1.07833545335E-16,-22.5));
#2571 = CARTESIAN_POINT('',(-38.9711431703,-22.5));
#2572 = CARTESIAN_POINT('',(-19.48557158515,11.25));
#2573 = CARTESIAN_POINT('',(-5.618744141498E-15,45.));
#2574 = CARTESIAN_POINT('',(19.48557158515,11.25));
#2575 = CARTESIAN_POINT('',(38.9711431703,-22.5));
#2576 = CARTESIAN_POINT('',(-1.07833545335E-16,-22.5));
#2577 = ( GEOMETRIC_REPRESENTATION_CONTEXT(2) 
PARAMETRIC_REPRESENTATION_CONTEXT() REPRESENTATION_CONTEXT('2D SPACE',''
  ) );
#2578 = ORIENTED_EDGE('',*,*,#2525,.F.);
#2579 = ADVANCED_FACE('',(#2580),#2304,.F.);
#2580 = FACE_BOUND('',#2581,.T.);
#2581 = EDGE_LOOP('',(#2582,#2605,#2627,#2628));
#2582 = ORIENTED_EDGE('',*,*,#2583,.T.);
#2583 = EDGE_CURVE('',#2288,#2584,#2586,.T.);
#2584 = VERTEX_POINT('',#2585);
#2585 = CARTESIAN_POINT('',(14.,-33.68376618407,38.183766184074));
#2586 = SEAM_CURVE('',#2587,(#2591,#2598),.PCURVE_S1.);
#2587 = LINE('',#2588,#2589);
#2588 = CARTESIAN_POINT('',(0.,-33.68376618407,38.183766184074));
#2589 = VECTOR('',#2590,1.);
#2590 = DIRECTION('',(1.,0.,0.));
#2591 = PCURVE('',#2304,#2592);
#2592 = DEFINITIONAL_REPRESENTATION('',(#2593),#2597);
#2593 = LINE('',#2594,#2595);
#2594 = CARTESIAN_POINT('',(-0.,0.));
#2595 = VECTOR('',#2596,1.);
#2596 = DIRECTION('',(-0.,-1.));
#2597 = ( GEOMETRIC_REPRESENTATION_CONTEXT(2) 
PARAMETRIC_REPRESENTATION_CONTEXT() REPRESENTATION_CONTEXT('2D SPACE',''
  ) );
#2598 = PCURVE('',#2304,#2599);
#2599 = DEFINITIONAL_REPRESENTATION('',(#2600),#2604);
#2600 = LINE('',#2601,#2602);
#2601 = CARTESIAN_POINT('',(-6.28318530718,0.));
#2602 = VECTOR('',#2603,1.);
#2603 = DIRECTION('',(-0.,-1.));
#2604 = ( GEOMETRIC_REPRESENTATION_CONTEXT(2) 
PARAMETRIC_REPRESENTATION_CONTEXT() REPRESENTATION_CONTEXT('2D SPACE',''
  ) );
#2605 = ORIENTED_EDGE('',*,*,#2606,.T.);
#2606 = EDGE_CURVE('',#2584,#2584,#2607,.T.);
#2607 = SURFACE_CURVE('',#2608,(#2613,#2620),.PCURVE_S1.);
#2608 = CIRCLE('',#2609,4.5);
#2609 = AXIS2_PLACEMENT_3D('',#2610,#2611,#2612);
#2610 = CARTESIAN_POINT('',(14.,-38.18376618407,38.183766184074));
#2611 = DIRECTION('',(1.,0.,0.));
#2612 = DIRECTION('',(0.,1.,0.));
#2613 = PCURVE('',#2304,#2614);
#2614 = DEFINITIONAL_REPRESENTATION('',(#2615),#2619);
#2615 = LINE('',#2616,#2617);
#2616 = CARTESIAN_POINT('',(-0.,-14.));
#2617 = VECTOR('',#2618,1.);
#2618 = DIRECTION('',(-1.,0.));
#2619 = ( GEOMETRIC_REPRESENTATION_CONTEXT(2) 
PARAMETRIC_REPRESENTATION_CONTEXT() REPRESENTATION_CONTEXT('2D SPACE',''
  ) );
#2620 = PCURVE('',#2357,#2621);
#2621 = DEFINITIONAL_REPRESENTATION('',(#2622),#2626);
#2622 = CIRCLE('',#2623,4.5);
#2623 = AXIS2_PLACEMENT_2D('',#2624,#2625);
#2624 = CARTESIAN_POINT('',(38.183766184074,38.183766184074));
#2625 = DIRECTION('',(0.,-1.));
#2626 = ( GEOMETRIC_REPRESENTATION_CONTEXT(2) 
PARAMETRIC_REPRESENTATION_CONTEXT() REPRESENTATION_CONTEXT('2D SPACE',''
  ) );
#2627 = ORIENTED_EDGE('',*,*,#2583,.F.);
#2628 = ORIENTED_EDGE('',*,*,#2287,.F.);
#2629 = ADVANCED_FACE('',(#2630,#2633,#2636,#2639,#2642,#2677),#2357,.T.
  );
#2630 = FACE_BOUND('',#2631,.T.);
#2631 = EDGE_LOOP('',(#2632));
#2632 = ORIENTED_EDGE('',*,*,#2342,.T.);
#2633 = FACE_BOUND('',#2634,.T.);
#2634 = EDGE_LOOP('',(#2635));
#2635 = ORIENTED_EDGE('',*,*,#2397,.F.);
#2636 = FACE_BOUND('',#2637,.T.);
#2637 = EDGE_LOOP('',(#2638));
#2638 = ORIENTED_EDGE('',*,*,#2447,.F.);
#2639 = FACE_BOUND('',#2640,.T.);
#2640 = EDGE_LOOP('',(#2641));
#2641 = ORIENTED_EDGE('',*,*,#2497,.F.);
#2642 = FACE_BOUND('',#2643,.T.);
#2643 = EDGE_LOOP('',(#2644));
#2644 = ORIENTED_EDGE('',*,*,#2645,.T.);
#2645 = EDGE_CURVE('',#2646,#2646,#2648,.T.);
#2646 = VERTEX_POINT('',#2647);
#2647 = CARTESIAN_POINT('',(14.,45.,0.));
#2648 = SURFACE_CURVE('',#2649,(#2654,#2665),.PCURVE_S1.);
#2649 = CIRCLE('',#2650,45.);
#2650 = AXIS2_PLACEMENT_3D('',#2651,#2652,#2653);
#2651 = CARTESIAN_POINT('',(14.,0.,0.));
#2652 = DIRECTION('',(-1.,0.,0.));
#2653 = DIRECTION('',(0.,1.,0.));
#2654 = PCURVE('',#2357,#2655);
#2655 = DEFINITIONAL_REPRESENTATION('',(#2656),#2664);
#2656 = ( BOUNDED_CURVE() B_SPLINE_CURVE(2,(#2657,#2658,#2659,#2660,
#2661,#2662,#2663),.UNSPECIFIED.,.T.,.F.) B_SPLINE_CURVE_WITH_KNOTS((1,2
    ,2,2,2,1),(-2.094395102393,0.,2.094395102393,4.188790204786,
6.28318530718,8.377580409573),.UNSPECIFIED.) CURVE() 
GEOMETRIC_REPRESENTATION_ITEM() RATIONAL_B_SPLINE_CURVE((1.,0.5,1.,0.5,
1.,0.5,1.)) REPRESENTATION_ITEM('') );
#2657 = CARTESIAN_POINT('',(2.653401398153E-15,-45.));
#2658 = CARTESIAN_POINT('',(-77.94228634059,-45.));
#2659 = CARTESIAN_POINT('',(-38.9711431703,22.5));
#2660 = CARTESIAN_POINT('',(-8.368419794174E-15,90.));
#2661 = CARTESIAN_POINT('',(38.9711431703,22.5));
#2662 = CARTESIAN_POINT('',(77.942286340599,-45.));
#2663 = CARTESIAN_POINT('',(2.653401398153E-15,-45.));
#2664 = ( GEOMETRIC_REPRESENTATION_CONTEXT(2) 
PARAMETRIC_REPRESENTATION_CONTEXT() REPRESENTATION_CONTEXT('2D SPACE',''
  ) );
#2665 = PCURVE('',#2666,#2671);
#2666 = CYLINDRICAL_SURFACE('',#2667,45.);
#2667 = AXIS2_PLACEMENT_3D('',#2668,#2669,#2670);
#2668 = CARTESIAN_POINT('',(0.,0.,0.));
#2669 = DIRECTION('',(-1.,-0.,-0.));
#2670 = DIRECTION('',(0.,1.,0.));
#2671 = DEFINITIONAL_REPRESENTATION('',(#2672),#2676);
#2672 = LINE('',#2673,#2674);
#2673 = CARTESIAN_POINT('',(-6.28318530718,-14.));
#2674 = VECTOR('',#2675,1.);
#2675 = DIRECTION('',(1.,-0.));
#2676 = ( GEOMETRIC_REPRESENTATION_CONTEXT(2) 
PARAMETRIC_REPRESENTATION_CONTEXT() REPRESENTATION_CONTEXT('2D SPACE',''
  ) );
#2677 = FACE_BOUND('',#2678,.T.);
#2678 = EDGE_LOOP('',(#2679));
#2679 = ORIENTED_EDGE('',*,*,#2606,.F.);
#2680 = ADVANCED_FACE('',(#2681,#2707),#2563,.T.);
#2681 = FACE_BOUND('',#2682,.T.);
#2682 = EDGE_LOOP('',(#2683));
#2683 = ORIENTED_EDGE('',*,*,#2684,.T.);
#2684 = EDGE_CURVE('',#2685,#2685,#2687,.T.);
#2685 = VERTEX_POINT('',#2686);
#2686 = CARTESIAN_POINT('',(60.,45.,0.));
#2687 = SURFACE_CURVE('',#2688,(#2693,#2700),.PCURVE_S1.);
#2688 = CIRCLE('',#2689,45.);
#2689 = AXIS2_PLACEMENT_3D('',#2690,#2691,#2692);
#2690 = CARTESIAN_POINT('',(60.,0.,0.));
#2691 = DIRECTION('',(1.,0.,0.));
#2692 = DIRECTION('',(0.,1.,0.));
#2693 = PCURVE('',#2563,#2694);
#2694 = DEFINITIONAL_REPRESENTATION('',(#2695),#2699);
#2695 = CIRCLE('',#2696,45.);
#2696 = AXIS2_PLACEMENT_2D('',#2697,#2698);
#2697 = CARTESIAN_POINT('',(-1.07833545335E-16,-3.889607488112E-15));
#2698 = DIRECTION('',(0.,-1.));
#2699 = ( GEOMETRIC_REPRESENTATION_CONTEXT(2) 
PARAMETRIC_REPRESENTATION_CONTEXT() REPRESENTATION_CONTEXT('2D SPACE',''
  ) );
#2700 = PCURVE('',#2666,#2701);
#2701 = DEFINITIONAL_REPRESENTATION('',(#2702),#2706);
#2702 = LINE('',#2703,#2704);
#2703 = CARTESIAN_POINT('',(-0.,-60.));
#2704 = VECTOR('',#2705,1.);
#2705 = DIRECTION('',(-1.,0.));
#2706 = ( GEOMETRIC_REPRESENTATION_CONTEXT(2) 
PARAMETRIC_REPRESENTATION_CONTEXT() REPRESENTATION_CONTEXT('2D SPACE',''
  ) );
#2707 = FACE_BOUND('',#2708,.T.);
#2708 = EDGE_LOOP('',(#2709));
#2709 = ORIENTED_EDGE('',*,*,#2548,.T.);
#2710 = ADVANCED_FACE('',(#2711),#2666,.T.);
#2711 = FACE_BOUND('',#2712,.F.);
#2712 = EDGE_LOOP('',(#2713,#2714,#2735,#2736));
#2713 = ORIENTED_EDGE('',*,*,#2645,.T.);
#2714 = ORIENTED_EDGE('',*,*,#2715,.T.);
#2715 = EDGE_CURVE('',#2646,#2685,#2716,.T.);
#2716 = SEAM_CURVE('',#2717,(#2721,#2728),.PCURVE_S1.);
#2717 = LINE('',#2718,#2719);
#2718 = CARTESIAN_POINT('',(0.,45.,0.));
#2719 = VECTOR('',#2720,1.);
#2720 = DIRECTION('',(1.,0.,0.));
#2721 = PCURVE('',#2666,#2722);
#2722 = DEFINITIONAL_REPRESENTATION('',(#2723),#2727);
#2723 = LINE('',#2724,#2725);
#2724 = CARTESIAN_POINT('',(-6.28318530718,0.));
#2725 = VECTOR('',#2726,1.);
#2726 = DIRECTION('',(-0.,-1.));
#2727 = ( GEOMETRIC_REPRESENTATION_CONTEXT(2) 
PARAMETRIC_REPRESENTATION_CONTEXT() REPRESENTATION_CONTEXT('2D SPACE',''
  ) );
#2728 = PCURVE('',#2666,#2729);
#2729 = DEFINITIONAL_REPRESENTATION('',(#2730),#2734);
#2730 = LINE('',#2731,#2732);
#2731 = CARTESIAN_POINT('',(-0.,0.));
#2732 = VECTOR('',#2733,1.);
#2733 = DIRECTION('',(-0.,-1.));
#2734 = ( GEOMETRIC_REPRESENTATION_CONTEXT(2) 
PARAMETRIC_REPRESENTATION_CONTEXT() REPRESENTATION_CONTEXT('2D SPACE',''
  ) );
#2735 = ORIENTED_EDGE('',*,*,#2684,.T.);
#2736 = ORIENTED_EDGE('',*,*,#2715,.F.);
#2737 = ( GEOMETRIC_REPRESENTATION_CONTEXT(3) 
GLOBAL_UNCERTAINTY_ASSIGNED_CONTEXT((#2741)) 
GLOBAL_UNIT_ASSIGNED_CONTEXT((#2738,#2739,#2740)) REPRESENTATION_CONTEXT
('Context #1','3D Context with UNIT and UNCERTAINTY') );
#2738 = ( LENGTH_UNIT() NAMED_UNIT(*) SI_UNIT(.MILLI.,.METRE.) );
#2739 = ( NAMED_UNIT(*) PLANE_ANGLE_UNIT() SI_UNIT($,.RADIAN.) );
#2740 = ( NAMED_UNIT(*) SI_UNIT($,.STERADIAN.) SOLID_ANGLE_UNIT() );
#2741 = UNCERTAINTY_MEASURE_WITH_UNIT(LENGTH_MEASURE(1.E-07),#2738,
  'distance_accuracy_value','confusion accuracy');
#2742 = CONTEXT_DEPENDENT_SHAPE_REPRESENTATION(#2743,#2745);
#2743 = ( REPRESENTATION_RELATIONSHIP('','',#2120,#10) 
REPRESENTATION_RELATIONSHIP_WITH_TRANSFORMATION(#2744) 
SHAPE_REPRESENTATION_RELATIONSHIP() );
#2744 = ITEM_DEFINED_TRANSFORMATION('','',#11,#23);
#2745 = PRODUCT_DEFINITION_SHAPE('Placement','Placement of an item',
  #2746);
#2746 = NEXT_ASSEMBLY_USAGE_OCCURRENCE('3','HS-3200 Bearing Housing','',
  #5,#2115,$);
#2747 = PRODUCT_RELATED_PRODUCT_CATEGORY('part',$,(#2117));
#2748 = SHAPE_DEFINITION_REPRESENTATION(#2749,#2755);
#2749 = PRODUCT_DEFINITION_SHAPE('','',#2750);
#2750 = PRODUCT_DEFINITION('design','',#2751,#2754);
#2751 = PRODUCT_DEFINITION_FORMATION('','',#2752);
#2752 = PRODUCT('SH-4300 Drive Shaft','SH-4300 Drive Shaft','',(#2753));
#2753 = PRODUCT_CONTEXT('',#2,'mechanical');
#2754 = PRODUCT_DEFINITION_CONTEXT('part definition',#2,'design');
#2755 = ADVANCED_BREP_SHAPE_REPRESENTATION('',(#11,#2756),#2960);
#2756 = MANIFOLD_SOLID_BREP('',#2757);
#2757 = CLOSED_SHELL('',(#2758,#2846,#2899,#2952,#2956));
#2758 = ADVANCED_FACE('',(#2759),#2773,.T.);
#2759 = FACE_BOUND('',#2760,.F.);
#2760 = EDGE_LOOP('',(#2761,#2791,#2818,#2819));
#2761 = ORIENTED_EDGE('',*,*,#2762,.T.);
#2762 = EDGE_CURVE('',#2763,#2765,#2767,.T.);
#2763 = VERTEX_POINT('',#2764);
#2764 = CARTESIAN_POINT('',(2.,22.,0.));
#2765 = VERTEX_POINT('',#2766);
#2766 = CARTESIAN_POINT('',(208.,22.,0.));
#2767 = SEAM_CURVE('',#2768,(#2772,#2784),.PCURVE_S1.);
#2768 = LINE('',#2769,#2770);
#2769 = CARTESIAN_POINT('',(0.,22.,0.));
#2770 = VECTOR('',#2771,1.);
#2771 = DIRECTION('',(1.,0.,0.));
#2772 = PCURVE('',#2773,#2778);
#2773 = CYLINDRICAL_SURFACE('',#2774,22.);
#2774 = AXIS2_PLACEMENT_3D('',#2775,#2776,#2777);
#2775 = CARTESIAN_POINT('',(0.,0.,0.));
#2776 = DIRECTION('',(-1.,-0.,-0.));
#2777 = DIRECTION('',(0.,1.,0.));
#2778 = DEFINITIONAL_REPRESENTATION('',(#2779),#2783);
#2779 = LINE('',#2780,#2781);
#2780 = CARTESIAN_POINT('',(-0.,0.));
#2781 = VECTOR('',#2782,1.);
#2782 = DIRECTION('',(-0.,-1.));
#2783 = ( GEOMETRIC_REPRESENTATION_CONTEXT(2) 
PARAMETRIC_REPRESENTATION_CONTEXT() REPRESENTATION_CONTEXT('2D SPACE',''
  ) );
#2784 = PCURVE('',#2773,#2785);
#2785 = DEFINITIONAL_REPRESENTATION('',(#2786),#2790);
#2786 = LINE('',#2787,#2788);
#2787 = CARTESIAN_POINT('',(-6.28318530718,0.));
#2788 = VECTOR('',#2789,1.);
#2789 = DIRECTION('',(-0.,-1.));
#2790 = ( GEOMETRIC_REPRESENTATION_CONTEXT(2) 
PARAMETRIC_REPRESENTATION_CONTEXT() REPRESENTATION_CONTEXT('2D SPACE',''
  ) );
#2791 = ORIENTED_EDGE('',*,*,#2792,.T.);
#2792 = EDGE_CURVE('',#2765,#2765,#2793,.T.);
#2793 = SURFACE_CURVE('',#2794,(#2799,#2806),.PCURVE_S1.);
#2794 = CIRCLE('',#2795,22.);
#2795 = AXIS2_PLACEMENT_3D('',#2796,#2797,#2798);
#2796 = CARTESIAN_POINT('',(208.,0.,0.));
#2797 = DIRECTION('',(1.,0.,0.));
#2798 = DIRECTION('',(-0.,1.,0.));
#2799 = PCURVE('',#2773,#2800);
#2800 = DEFINITIONAL_REPRESENTATION('',(#2801),#2805);
#2801 = LINE('',#2802,#2803);
#2802 = CARTESIAN_POINT('',(-0.,-208.));
#2803 = VECTOR('',#2804,1.);
#2804 = DIRECTION('',(-1.,0.));
#2805 = ( GEOMETRIC_REPRESENTATION_CONTEXT(2) 
PARAMETRIC_REPRESENTATION_CONTEXT() REPRESENTATION_CONTEXT('2D SPACE',''
  ) );
#2806 = PCURVE('',#2807,#2812);
#2807 = CONICAL_SURFACE('',#2808,22.,0.785398163397);
#2808 = AXIS2_PLACEMENT_3D('',#2809,#2810,#2811);
#2809 = CARTESIAN_POINT('',(208.,0.,0.));
#2810 = DIRECTION('',(-1.,-0.,-0.));
#2811 = DIRECTION('',(0.,1.,0.));
#2812 = DEFINITIONAL_REPRESENTATION('',(#2813),#2817);
#2813 = LINE('',#2814,#2815);
#2814 = CARTESIAN_POINT('',(-0.,-0.));
#2815 = VECTOR('',#2816,1.);
#2816 = DIRECTION('',(-1.,-0.));
#2817 = ( GEOMETRIC_REPRESENTATION_CONTEXT(2) 
PARAMETRIC_REPRESENTATION_CONTEXT() REPRESENTATION_CONTEXT('2D SPACE',''
  ) );
#2818 = ORIENTED_EDGE('',*,*,#2762,.F.);
#2819 = ORIENTED_EDGE('',*,*,#2820,.F.);
#2820 = EDGE_CURVE('',#2763,#2763,#2821,.T.);
#2821 = SURFACE_CURVE('',#2822,(#2827,#2834),.PCURVE_S1.);
#2822 = CIRCLE('',#2823,22.);
#2823 = AXIS2_PLACEMENT_3D('',#2824,#2825,#2826);
#2824 = CARTESIAN_POINT('',(2.,0.,0.));
#2825 = DIRECTION('',(1.,0.,0.));
#2826 = DIRECTION('',(-0.,1.,0.));
#2827 = PCURVE('',#2773,#2828);
#2828 = DEFINITIONAL_REPRESENTATION('',(#2829),#2833);
#2829 = LINE('',#2830,#2831);
#2830 = CARTESIAN_POINT('',(-0.,-2.));
#2831 = VECTOR('',#2832,1.);
#2832 = DIRECTION('',(-1.,0.));
#2833 = ( GEOMETRIC_REPRESENTATION_CONTEXT(2) 
PARAMETRIC_REPRESENTATION_CONTEXT() REPRESENTATION_CONTEXT('2D SPACE',''
  ) );
#2834 = PCURVE('',#2835,#2840);
#2835 = CONICAL_SURFACE('',#2836,22.,0.785398163397);
#2836 = AXIS2_PLACEMENT_3D('',#2837,#2838,#2839);
#2837 = CARTESIAN_POINT('',(2.,0.,0.));
#2838 = DIRECTION('',(1.,0.,0.));
#2839 = DIRECTION('',(-0.,1.,0.));
#2840 = DEFINITIONAL_REPRESENTATION('',(#2841),#2845);
#2841 = LINE('',#2842,#2843);
#2842 = CARTESIAN_POINT('',(0.,-0.));
#2843 = VECTOR('',#2844,1.);
#2844 = DIRECTION('',(1.,-0.));
#2845 = ( GEOMETRIC_REPRESENTATION_CONTEXT(2) 
PARAMETRIC_REPRESENTATION_CONTEXT() REPRESENTATION_CONTEXT('2D SPACE',''
  ) );
#2846 = ADVANCED_FACE('',(#2847),#2835,.T.);
#2847 = FACE_BOUND('',#2848,.F.);
#2848 = EDGE_LOOP('',(#2849,#2870,#2871,#2872));
#2849 = ORIENTED_EDGE('',*,*,#2850,.F.);
#2850 = EDGE_CURVE('',#2763,#2851,#2853,.T.);
#2851 = VERTEX_POINT('',#2852);
#2852 = CARTESIAN_POINT('',(0.,20.,0.));
#2853 = SEAM_CURVE('',#2854,(#2858,#2864),.PCURVE_S1.);
#2854 = LINE('',#2855,#2856);
#2855 = CARTESIAN_POINT('',(2.,22.,0.));
#2856 = VECTOR('',#2857,1.);
#2857 = DIRECTION('',(-0.707106781187,-0.707106781187,-0.));
#2858 = PCURVE('',#2835,#2859);
#2859 = DEFINITIONAL_REPRESENTATION('',(#2860),#2863);
#2860 = B_SPLINE_CURVE_WITH_KNOTS('',1,(#2861,#2862),.UNSPECIFIED.,.F.,
  .F.,(2,2),(0.,2.828427124746),.PIECEWISE_BEZIER_KNOTS.);
#2861 = CARTESIAN_POINT('',(0.,0.));
#2862 = CARTESIAN_POINT('',(0.,-2.));
#2863 = ( GEOMETRIC_REPRESENTATION_CONTEXT(2) 
PARAMETRIC_REPRESENTATION_CONTEXT() REPRESENTATION_CONTEXT('2D SPACE',''
  ) );
#2864 = PCURVE('',#2835,#2865);
#2865 = DEFINITIONAL_REPRESENTATION('',(#2866),#2869);
#2866 = B_SPLINE_CURVE_WITH_KNOTS('',1,(#2867,#2868),.UNSPECIFIED.,.F.,
  .F.,(2,2),(0.,2.828427124746),.PIECEWISE_BEZIER_KNOTS.);
#2867 = CARTESIAN_POINT('',(6.28318530718,0.));
#2868 = CARTESIAN_POINT('',(6.28318530718,-2.));
#2869 = ( GEOMETRIC_REPRESENTATION_CONTEXT(2) 
PARAMETRIC_REPRESENTATION_CONTEXT() REPRESENTATION_CONTEXT('2D SPACE',''
  ) );
#2870 = ORIENTED_EDGE('',*,*,#2820,.T.);
#2871 = ORIENTED_EDGE('',*,*,#2850,.T.);
#2872 = ORIENTED_EDGE('',*,*,#2873,.F.);
#2873 = EDGE_CURVE('',#2851,#2851,#2874,.T.);
#2874 = SURFACE_CURVE('',#2875,(#2880,#2887),.PCURVE_S1.);
#2875 = CIRCLE('',#2876,20.);
#2876 = AXIS2_PLACEMENT_3D('',#2877,#2878,#2879);
#2877 = CARTESIAN_POINT('',(0.,0.,0.));
#2878 = DIRECTION('',(1.,0.,0.));
#2879 = DIRECTION('',(-0.,1.,0.));
#2880 = PCURVE('',#2835,#2881);
#2881 = DEFINITIONAL_REPRESENTATION('',(#2882),#2886);
#2882 = LINE('',#2883,#2884);
#2883 = CARTESIAN_POINT('',(0.,-2.));
#2884 = VECTOR('',#2885,1.);
#2885 = DIRECTION('',(1.,-0.));
#2886 = ( GEOMETRIC_REPRESENTATION_CONTEXT(2) 
PARAMETRIC_REPRESENTATION_CONTEXT() REPRESENTATION_CONTEXT('2D SPACE',''
  ) );
#2887 = PCURVE('',#2888,#2893);
#2888 = PLANE('',#2889);
#2889 = AXIS2_PLACEMENT_3D('',#2890,#2891,#2892);
#2890 = CARTESIAN_POINT('',(0.,-1.491752871861E-15,-8.980743193747E-16)
  );
#2891 = DIRECTION('',(1.,0.,0.));
#2892 = DIRECTION('',(-0.,0.,1.));
#2893 = DEFINITIONAL_REPRESENTATION('',(#2894),#2898);
#2894 = CIRCLE('',#2895,20.);
#2895 = AXIS2_PLACEMENT_2D('',#2896,#2897);
#2896 = CARTESIAN_POINT('',(8.980743193747E-16,-1.491752871861E-15));
#2897 = DIRECTION('',(0.,-1.));
#2898 = ( GEOMETRIC_REPRESENTATION_CONTEXT(2) 
PARAMETRIC_REPRESENTATION_CONTEXT() REPRESENTATION_CONTEXT('2D SPACE',''
  ) );
#2899 = ADVANCED_FACE('',(#2900),#2807,.T.);
#2900 = FACE_BOUND('',#2901,.T.);
#2901 = EDGE_LOOP('',(#2902,#2923,#2924,#2925));
#2902 = ORIENTED_EDGE('',*,*,#2903,.F.);
#2903 = EDGE_CURVE('',#2765,#2904,#2906,.T.);
#2904 = VERTEX_POINT('',#2905);
#2905 = CARTESIAN_POINT('',(210.,20.,0.));
#2906 = SEAM_CURVE('',#2907,(#2911,#2917),.PCURVE_S1.);
#2907 = LINE('',#2908,#2909);
#2908 = CARTESIAN_POINT('',(208.,22.,0.));
#2909 = VECTOR('',#2910,1.);
#2910 = DIRECTION('',(0.707106781187,-0.707106781187,0.));
#2911 = PCURVE('',#2807,#2912);
#2912 = DEFINITIONAL_REPRESENTATION('',(#2913),#2916);
#2913 = B_SPLINE_CURVE_WITH_KNOTS('',1,(#2914,#2915),.UNSPECIFIED.,.F.,
  .F.,(2,2),(0.,2.828427124746),.PIECEWISE_BEZIER_KNOTS.);
#2914 = CARTESIAN_POINT('',(0.,0.));
#2915 = CARTESIAN_POINT('',(0.,-2.));
#2916 = ( GEOMETRIC_REPRESENTATION_CONTEXT(2) 
PARAMETRIC_REPRESENTATION_CONTEXT() REPRESENTATION_CONTEXT('2D SPACE',''
  ) );
#2917 = PCURVE('',#2807,#2918);
#2918 = DEFINITIONAL_REPRESENTATION('',(#2919),#2922);
#2919 = B_SPLINE_CURVE_WITH_KNOTS('',1,(#2920,#2921),.UNSPECIFIED.,.F.,
  .F.,(2,2),(0.,2.828427124746),.PIECEWISE_BEZIER_KNOTS.);
#2920 = CARTESIAN_POINT('',(-6.28318530718,0.));
#2921 = CARTESIAN_POINT('',(-6.28318530718,-2.));
#2922 = ( GEOMETRIC_REPRESENTATION_CONTEXT(2) 
PARAMETRIC_REPRESENTATION_CONTEXT() REPRESENTATION_CONTEXT('2D SPACE',''
  ) );
#2923 = ORIENTED_EDGE('',*,*,#2792,.T.);
#2924 = ORIENTED_EDGE('',*,*,#2903,.T.);
#2925 = ORIENTED_EDGE('',*,*,#2926,.F.);
#2926 = EDGE_CURVE('',#2904,#2904,#2927,.T.);
#2927 = SURFACE_CURVE('',#2928,(#2933,#2940),.PCURVE_S1.);
#2928 = CIRCLE('',#2929,20.);
#2929 = AXIS2_PLACEMENT_3D('',#2930,#2931,#2932);
#2930 = CARTESIAN_POINT('',(210.,0.,0.));
#2931 = DIRECTION('',(1.,0.,0.));
#2932 = DIRECTION('',(-0.,1.,0.));
#2933 = PCURVE('',#2807,#2934);
#2934 = DEFINITIONAL_REPRESENTATION('',(#2935),#2939);
#2935 = LINE('',#2936,#2937);
#2936 = CARTESIAN_POINT('',(-0.,-2.));
#2937 = VECTOR('',#2938,1.);
#2938 = DIRECTION('',(-1.,-0.));
#2939 = ( GEOMETRIC_REPRESENTATION_CONTEXT(2) 
PARAMETRIC_REPRESENTATION_CONTEXT() REPRESENTATION_CONTEXT('2D SPACE',''
  ) );
#2940 = PCURVE('',#2941,#2946);
#2941 = PLANE('',#2942);
#2942 = AXIS2_PLACEMENT_3D('',#2943,#2944,#2945);
#2943 = CARTESIAN_POINT('',(210.,-1.491752871861E-15,-8.980743193747E-16
    ));
#2944 = DIRECTION('',(1.,0.,0.));
#2945 = DIRECTION('',(-0.,0.,1.));
#2946 = DEFINITIONAL_REPRESENTATION('',(#2947),#2951);
#2947 = CIRCLE('',#2948,20.);
#2948 = AXIS2_PLACEMENT_2D('',#2949,#2950);
#2949 = CARTESIAN_POINT('',(8.980743193747E-16,-1.491752871861E-15));
#2950 = DIRECTION('',(0.,-1.));
#2951 = ( GEOMETRIC_REPRESENTATION_CONTEXT(2) 
PARAMETRIC_REPRESENTATION_CONTEXT() REPRESENTATION_CONTEXT('2D SPACE',''
  ) );
#2952 = ADVANCED_FACE('',(#2953),#2888,.F.);
#2953 = FACE_BOUND('',#2954,.F.);
#2954 = EDGE_LOOP('',(#2955));
#2955 = ORIENTED_EDGE('',*,*,#2873,.T.);
#2956 = ADVANCED_FACE('',(#2957),#2941,.T.);
#2957 = FACE_BOUND('',#2958,.T.);
#2958 = EDGE_LOOP('',(#2959));
#2959 = ORIENTED_EDGE('',*,*,#2926,.T.);
#2960 = ( GEOMETRIC_REPRESENTATION_CONTEXT(3) 
GLOBAL_UNCERTAINTY_ASSIGNED_CONTEXT((#2964)) 
GLOBAL_UNIT_ASSIGNED_CONTEXT((#2961,#2962,#2963)) REPRESENTATION_CONTEXT
('Context #1','3D Context with UNIT and UNCERTAINTY') );
#2961 = ( LENGTH_UNIT() NAMED_UNIT(*) SI_UNIT(.MILLI.,.METRE.) );
#2962 = ( NAMED_UNIT(*) PLANE_ANGLE_UNIT() SI_UNIT($,.RADIAN.) );
#2963 = ( NAMED_UNIT(*) SI_UNIT($,.STERADIAN.) SOLID_ANGLE_UNIT() );
#2964 = UNCERTAINTY_MEASURE_WITH_UNIT(LENGTH_MEASURE(1.E-07),#2961,
  'distance_accuracy_value','confusion accuracy');
#2965 = CONTEXT_DEPENDENT_SHAPE_REPRESENTATION(#2966,#2968);
#2966 = ( REPRESENTATION_RELATIONSHIP('','',#2755,#10) 
REPRESENTATION_RELATIONSHIP_WITH_TRANSFORMATION(#2967) 
SHAPE_REPRESENTATION_RELATIONSHIP() );
#2967 = ITEM_DEFINED_TRANSFORMATION('','',#11,#27);
#2968 = PRODUCT_DEFINITION_SHAPE('Placement','Placement of an item',
  #2969);
#2969 = NEXT_ASSEMBLY_USAGE_OCCURRENCE('4','SH-4300 Drive Shaft','',#5,
  #2750,$);
#2970 = PRODUCT_RELATED_PRODUCT_CATEGORY('part',$,(#2752));
#2971 = SHAPE_DEFINITION_REPRESENTATION(#2972,#2978);
#2972 = PRODUCT_DEFINITION_SHAPE('','',#2973);
#2973 = PRODUCT_DEFINITION('design','',#2974,#2977);
#2974 = PRODUCT_DEFINITION_FORMATION('','',#2975);
#2975 = PRODUCT('CV-5400 End Cover','CV-5400 End Cover','',(#2976));
#2976 = PRODUCT_CONTEXT('',#2,'mechanical');
#2977 = PRODUCT_DEFINITION_CONTEXT('part definition',#2,'design');
#2978 = ADVANCED_BREP_SHAPE_REPRESENTATION('',(#11,#2979),#3497);
#2979 = MANIFOLD_SOLID_BREP('',#2980);
#2980 = CLOSED_SHELL('',(#2981,#3069,#3228,#3362,#3389,#3416,#3443,#3470
    ));
#2981 = ADVANCED_FACE('',(#2982),#2996,.T.);
#2982 = FACE_BOUND('',#2983,.F.);
#2983 = EDGE_LOOP('',(#2984,#3014,#3041,#3042));
#2984 = ORIENTED_EDGE('',*,*,#2985,.T.);
#2985 = EDGE_CURVE('',#2986,#2988,#2990,.T.);
#2986 = VERTEX_POINT('',#2987);
#2987 = CARTESIAN_POINT('',(0.,65.,0.));
#2988 = VERTEX_POINT('',#2989);
#2989 = CARTESIAN_POINT('',(10.,65.,0.));
#2990 = SEAM_CURVE('',#2991,(#2995,#3007),.PCURVE_S1.);
#2991 = LINE('',#2992,#2993);
#2992 = CARTESIAN_POINT('',(0.,65.,0.));
#2993 = VECTOR('',#2994,1.);
#2994 = DIRECTION('',(1.,0.,0.));
#2995 = PCURVE('',#2996,#3001);
#2996 = CYLINDRICAL_SURFACE('',#2997,65.);
#2997 = AXIS2_PLACEMENT_3D('',#2998,#2999,#3000);
#2998 = CARTESIAN_POINT('',(0.,0.,0.));
#2999 = DIRECTION('',(-1.,-0.,-0.));
#3000 = DIRECTION('',(0.,1.,0.));
#3001 = DEFINITIONAL_REPRESENTATION('',(#3002),#3006);
#3002 = LINE('',#3003,#3004);
#3003 = CARTESIAN_POINT('',(-0.,0.));
#3004 = VECTOR('',#3005,1.);
#3005 = DIRECTION('',(-0.,-1.));
#3006 = ( GEOMETRIC_REPRESENTATION_CONTEXT(2) 
PARAMETRIC_REPRESENTATION_CONTEXT() REPRESENTATION_CONTEXT('2D SPACE',''
  ) );
#3007 = PCURVE('',#2996,#3008);
#3008 = DEFINITIONAL_REPRESENTATION('',(#3009),#3013);
#3009 = LINE('',#3010,#3011);
#3010 = CARTESIAN_POINT('',(-6.28318530718,0.));
#3011 = VECTOR('',#3012,1.);
#3012 = DIRECTION('',(-0.,-1.));
#3013 = ( GEOMETRIC_REPRESENTATION_CONTEXT(2) 
PARAMETRIC_REPRESENTATION_CONTEXT() REPRESENTATION_CONTEXT('2D SPACE',''
  ) );
#3014 = ORIENTED_EDGE('',*,*,#3015,.T.);
#3015 = EDGE_CURVE('',#2988,#2988,#3016,.T.);
#3016 = SURFACE_CURVE('',#3017,(#3022,#3029),.PCURVE_S1.);
#3017 = CIRCLE('',#3018,65.);
#3018 = AXIS2_PLACEMENT_3D('',#3019,#3020,#3021);
#3019 = CARTESIAN_POINT('',(10.,0.,0.));
#3020 = DIRECTION('',(1.,0.,0.));
#3021 = DIRECTION('',(0.,1.,0.));
#3022 = PCURVE('',#2996,#3023);
#3023 = DEFINITIONAL_REPRESENTATION('',(#3024),#3028);
#3024 = LINE('',#3025,#3026);
#3025 = CARTESIAN_POINT('',(-0.,-10.));
#3026 = VECTOR('',#3027,1.);
#3027 = DIRECTION('',(-1.,0.));
#3028 = ( GEOMETRIC_REPRESENTATION_CONTEXT(2) 
PARAMETRIC_REPRESENTATION_CONTEXT() REPRESENTATION_CONTEXT('2D SPACE',''
  ) );
#3029 = PCURVE('',#3030,#3035);
#3030 = PLANE('',#3031);
#3031 = AXIS2_PLACEMENT_3D('',#3032,#3033,#3034);
#3032 = CARTESIAN_POINT('',(10.,-6.732012960194E-15,-2.653401398153E-15)
  );
#3033 = DIRECTION('',(1.,0.,0.));
#3034 = DIRECTION('',(-0.,0.,1.));
#3035 = DEFINITIONAL_REPRESENTATION('',(#3036),#3040);
#3036 = CIRCLE('',#3037,65.);
#3037 = AXIS2_PLACEMENT_2D('',#3038,#3039);
#3038 = CARTESIAN_POINT('',(2.653401398153E-15,-6.732012960194E-15));
#3039 = DIRECTION('',(0.,-1.));
#3040 = ( GEOMETRIC_REPRESENTATION_CONTEXT(2) 
PARAMETRIC_REPRESENTATION_CONTEXT() REPRESENTATION_CONTEXT('2D SPACE',''
  ) );
#3041 = ORIENTED_EDGE('',*,*,#2985,.F.);
#3042 = ORIENTED_EDGE('',*,*,#3043,.F.);
#3043 = EDGE_CURVE('',#2986,#2986,#3044,.T.);
#3044 = SURFACE_CURVE('',#3045,(#3050,#3057),.PCURVE_S1.);
#3045 = CIRCLE('',#3046,65.);
#3046 = AXIS2_PLACEMENT_3D('',#3047,#3048,#3049);
#3047 = CARTESIAN_POINT('',(0.,0.,0.));
#3048 = DIRECTION('',(1.,0.,0.));
#3049 = DIRECTION('',(0.,1.,0.));
#3050 = PCURVE('',#2996,#3051);
#3051 = DEFINITIONAL_REPRESENTATION('',(#3052),#3056);
#3052 = LINE('',#3053,#3054);
#3053 = CARTESIAN_POINT('',(-0.,0.));
#3054 = VECTOR('',#3055,1.);
#3055 = DIRECTION('',(-1.,0.));
#3056 = ( GEOMETRIC_REPRESENTATION_CONTEXT(2) 
PARAMETRIC_REPRESENTATION_CONTEXT() REPRESENTATION_CONTEXT('2D SPACE',''
  ) );
#3057 = PCURVE('',#3058,#3063);
#3058 = PLANE('',#3059);
#3059 = AXIS2_PLACEMENT_3D('',#3060,#3061,#3062);
#3060 = CARTESIAN_POINT('',(0.,-6.732012960194E-15,-2.653401398153E-15)
  );
#3061 = DIRECTION('',(1.,0.,0.));
#3062 = DIRECTION('',(-0.,0.,1.));
#3063 = DEFINITIONAL_REPRESENTATION('',(#3064),#3068);
#3064 = CIRCLE('',#3065,65.);
#3065 = AXIS2_PLACEMENT_2D('',#3066,#3067);
#3066 = CARTESIAN_POINT('',(2.653401398153E-15,-6.732012960194E-15));
#3067 = DIRECTION('',(0.,-1.));
#3068 = ( GEOMETRIC_REPRESENTATION_CONTEXT(2) 
PARAMETRIC_REPRESENTATION_CONTEXT() REPRESENTATION_CONTEXT('2D SPACE',''
  ) );
#3069 = ADVANCED_FACE('',(#3070,#3073,#3104,#3135,#3166,#3197),#3058,.F.
  );
#3070 = FACE_BOUND('',#3071,.F.);
#3071 = EDGE_LOOP('',(#3072));
#3072 = ORIENTED_EDGE('',*,*,#3043,.T.);
#3073 = FACE_BOUND('',#3074,.F.);
#3074 = EDGE_LOOP('',(#3075));
#3075 = ORIENTED_EDGE('',*,*,#3076,.F.);
#3076 = EDGE_CURVE('',#3077,#3077,#3079,.T.);
#3077 = VERTEX_POINT('',#3078);
#3078 = CARTESIAN_POINT('',(0.,42.683766184074,-38.18376618407));
#3079 = SURFACE_CURVE('',#3080,(#3085,#3092),.PCURVE_S1.);
#3080 = CIRCLE('',#3081,4.5);
#3081 = AXIS2_PLACEMENT_3D('',#3082,#3083,#3084);
#3082 = CARTESIAN_POINT('',(0.,38.183766184074,-38.18376618407));
#3083 = DIRECTION('',(1.,0.,0.));
#3084 = DIRECTION('',(0.,1.,0.));
#3085 = PCURVE('',#3058,#3086);
#3086 = DEFINITIONAL_REPRESENTATION('',(#3087),#3091);
#3087 = CIRCLE('',#3088,4.5);
#3088 = AXIS2_PLACEMENT_2D('',#3089,#3090);
#3089 = CARTESIAN_POINT('',(-38.18376618407,-38.18376618407));
#3090 = DIRECTION('',(0.,-1.));
#3091 = ( GEOMETRIC_REPRESENTATION_CONTEXT(2) 
PARAMETRIC_REPRESENTATION_CONTEXT() REPRESENTATION_CONTEXT('2D SPACE',''
  ) );
#3092 = PCURVE('',#3093,#3098);
#3093 = CYLINDRICAL_SURFACE('',#3094,4.5);
#3094 = AXIS2_PLACEMENT_3D('',#3095,#3096,#3097);
#3095 = CARTESIAN_POINT('',(0.,38.183766184074,-38.18376618407));
#3096 = DIRECTION('',(-1.,-0.,-0.));
#3097 = DIRECTION('',(0.,1.,0.));
#3098 = DEFINITIONAL_REPRESENTATION('',(#3099),#3103);
#3099 = LINE('',#3100,#3101);
#3100 = CARTESIAN_POINT('',(-0.,0.));
#3101 = VECTOR('',#3102,1.);
#3102 = DIRECTION('',(-1.,0.));
#3103 = ( GEOMETRIC_REPRESENTATION_CONTEXT(2) 
PARAMETRIC_REPRESENTATION_CONTEXT() REPRESENTATION_CONTEXT('2D SPACE',''
  ) );
#3104 = FACE_BOUND('',#3105,.F.);
#3105 = EDGE_LOOP('',(#3106));
#3106 = ORIENTED_EDGE('',*,*,#3107,.F.);
#3107 = EDGE_CURVE('',#3108,#3108,#3110,.T.);
#3108 = VERTEX_POINT('',#3109);
#3109 = CARTESIAN_POINT('',(0.,42.683766184074,38.183766184074));
#3110 = SURFACE_CURVE('',#3111,(#3116,#3123),.PCURVE_S1.);
#3111 = CIRCLE('',#3112,4.5);
#3112 = AXIS2_PLACEMENT_3D('',#3113,#3114,#3115);
#3113 = CARTESIAN_POINT('',(0.,38.183766184074,38.183766184074));
#3114 = DIRECTION('',(1.,0.,0.));
#3115 = DIRECTION('',(0.,1.,0.));
#3116 = PCURVE('',#3058,#3117);
#3117 = DEFINITIONAL_REPRESENTATION('',(#3118),#3122);
#3118 = CIRCLE('',#3119,4.5);
#3119 = AXIS2_PLACEMENT_2D('',#3120,#3121);
#3120 = CARTESIAN_POINT('',(38.183766184074,-38.18376618407));
#3121 = DIRECTION('',(0.,-1.));
#3122 = ( GEOMETRIC_REPRESENTATION_CONTEXT(2) 
PARAMETRIC_REPRESENTATION_CONTEXT() REPRESENTATION_CONTEXT('2D SPACE',''
  ) );
#3123 = PCURVE('',#3124,#3129);
#3124 = CYLINDRICAL_SURFACE('',#3125,4.5);
#3125 = AXIS2_PLACEMENT_3D('',#3126,#3127,#3128);
#3126 = CARTESIAN_POINT('',(0.,38.183766184074,38.183766184074));
#3127 = DIRECTION('',(-1.,-0.,-0.));
#3128 = DIRECTION('',(0.,1.,0.));
#3129 = DEFINITIONAL_REPRESENTATION('',(#3130),#3134);
#3130 = LINE('',#3131,#3132);
#3131 = CARTESIAN_POINT('',(-0.,0.));
#3132 = VECTOR('',#3133,1.);
#3133 = DIRECTION('',(-1.,0.));
#3134 = ( GEOMETRIC_REPRESENTATION_CONTEXT(2) 
PARAMETRIC_REPRESENTATION_CONTEXT() REPRESENTATION_CONTEXT('2D SPACE',''
  ) );
#3135 = FACE_BOUND('',#3136,.F.);
#3136 = EDGE_LOOP('',(#3137));
#3137 = ORIENTED_EDGE('',*,*,#3138,.F.);
#3138 = EDGE_CURVE('',#3139,#3139,#3141,.T.);
#3139 = VERTEX_POINT('',#3140);
#3140 = CARTESIAN_POINT('',(0.,23.5,0.));
#3141 = SURFACE_CURVE('',#3142,(#3147,#3154),.PCURVE_S1.);
#3142 = CIRCLE('',#3143,23.5);
#3143 = AXIS2_PLACEMENT_3D('',#3144,#3145,#3146);
#3144 = CARTESIAN_POINT('',(0.,0.,0.));
#3145 = DIRECTION('',(1.,0.,0.));
#3146 = DIRECTION('',(0.,1.,0.));
#3147 = PCURVE('',#3058,#3148);
#3148 = DEFINITIONAL_REPRESENTATION('',(#3149),#3153);
#3149 = CIRCLE('',#3150,23.5);
#3150 = AXIS2_PLACEMENT_2D('',#3151,#3152);
#3151 = CARTESIAN_POINT('',(2.653401398153E-15,-6.732012960194E-15));
#3152 = DIRECTION('',(0.,-1.));
#3153 = ( GEOMETRIC_REPRESENTATION_CONTEXT(2) 
PARAMETRIC_REPRESENTATION_CONTEXT() REPRESENTATION_CONTEXT('2D SPACE',''
  ) );
#3154 = PCURVE('',#3155,#3160);
#3155 = CYLINDRICAL_SURFACE('',#3156,23.5);
#3156 = AXIS2_PLACEMENT_3D('',#3157,#3158,#3159);
#3157 = CARTESIAN_POINT('',(0.,0.,0.));
#3158 = DIRECTION('',(-1.,-0.,-0.));
#3159 = DIRECTION('',(0.,1.,0.));
#3160 = DEFINITIONAL_REPRESENTATION('',(#3161),#3165);
#3161 = LINE('',#3162,#3163);
#3162 = CARTESIAN_POINT('',(-0.,0.));
#3163 = VECTOR('',#3164,1.);
#3164 = DIRECTION('',(-1.,0.));
#3165 = ( GEOMETRIC_REPRESENTATION_CONTEXT(2) 
PARAMETRIC_REPRESENTATION_CONTEXT() REPRESENTATION_CONTEXT('2D SPACE',''
  ) );
#3166 = FACE_BOUND('',#3167,.F.);
#3167 = EDGE_LOOP('',(#3168));
#3168 = ORIENTED_EDGE('',*,*,#3169,.F.);
#3169 = EDGE_CURVE('',#3170,#3170,#3172,.T.);
#3170 = VERTEX_POINT('',#3171);
#3171 = CARTESIAN_POINT('',(0.,-33.68376618407,-38.18376618407));
#3172 = SURFACE_CURVE('',#3173,(#3178,#3185),.PCURVE_S1.);
#3173 = CIRCLE('',#3174,4.5);
#3174 = AXIS2_PLACEMENT_3D('',#3175,#3176,#3177);
#3175 = CARTESIAN_POINT('',(0.,-38.18376618407,-38.18376618407));
#3176 = DIRECTION('',(1.,0.,0.));
#3177 = DIRECTION('',(0.,1.,0.));
#3178 = PCURVE('',#3058,#3179);
#3179 = DEFINITIONAL_REPRESENTATION('',(#3180),#3184);
#3180 = CIRCLE('',#3181,4.5);
#3181 = AXIS2_PLACEMENT_2D('',#3182,#3183);
#3182 = CARTESIAN_POINT('',(-38.18376618407,38.183766184074));
#3183 = DIRECTION('',(0.,-1.));
#3184 = ( GEOMETRIC_REPRESENTATION_CONTEXT(2) 
PARAMETRIC_REPRESENTATION_CONTEXT() REPRESENTATION_CONTEXT('2D SPACE',''
  ) );
#3185 = PCURVE('',#3186,#3191);
#3186 = CYLINDRICAL_SURFACE('',#3187,4.5);
#3187 = AXIS2_PLACEMENT_3D('',#3188,#3189,#3190);
#3188 = CARTESIAN_POINT('',(0.,-38.18376618407,-38.18376618407));
#3189 = DIRECTION('',(-1.,-0.,-0.));
#3190 = DIRECTION('',(0.,1.,0.));
#3191 = DEFINITIONAL_REPRESENTATION('',(#3192),#3196);
#3192 = LINE('',#3193,#3194);
#3193 = CARTESIAN_POINT('',(-0.,0.));
#3194 = VECTOR('',#3195,1.);
#3195 = DIRECTION('',(-1.,0.));
#3196 = ( GEOMETRIC_REPRESENTATION_CONTEXT(2) 
PARAMETRIC_REPRESENTATION_CONTEXT() REPRESENTATION_CONTEXT('2D SPACE',''
  ) );
#3197 = FACE_BOUND('',#3198,.F.);
#3198 = EDGE_LOOP('',(#3199));
#3199 = ORIENTED_EDGE('',*,*,#3200,.F.);
#3200 = EDGE_CURVE('',#3201,#3201,#3203,.T.);
#3201 = VERTEX_POINT('',#3202);
#3202 = CARTESIAN_POINT('',(0.,-33.68376618407,38.183766184074));
#3203 = SURFACE_CURVE('',#3204,(#3209,#3216),.PCURVE_S1.);
#3204 = CIRCLE('',#3205,4.5);
#3205 = AXIS2_PLACEMENT_3D('',#3206,#3207,#3208);
#3206 = CARTESIAN_POINT('',(0.,-38.18376618407,38.183766184074));
#3207 = DIRECTION('',(1.,0.,0.));
#3208 = DIRECTION('',(0.,1.,0.));
#3209 = PCURVE('',#3058,#3210);
#3210 = DEFINITIONAL_REPRESENTATION('',(#3211),#3215);
#3211 = CIRCLE('',#3212,4.5);
#3212 = AXIS2_PLACEMENT_2D('',#3213,#3214);
#3213 = CARTESIAN_POINT('',(38.183766184074,38.183766184074));
#3214 = DIRECTION('',(0.,-1.));
#3215 = ( GEOMETRIC_REPRESENTATION_CONTEXT(2) 
PARAMETRIC_REPRESENTATION_CONTEXT() REPRESENTATION_CONTEXT('2D SPACE',''
  ) );
#3216 = PCURVE('',#3217,#3222);
#3217 = CYLINDRICAL_SURFACE('',#3218,4.5);
#3218 = AXIS2_PLACEMENT_3D('',#3219,#3220,#3221);
#3219 = CARTESIAN_POINT('',(0.,-38.18376618407,38.183766184074));
#3220 = DIRECTION('',(-1.,-0.,-0.));
#3221 = DIRECTION('',(0.,1.,0.));
#3222 = DEFINITIONAL_REPRESENTATION('',(#3223),#3227);
#3223 = LINE('',#3224,#3225);
#3224 = CARTESIAN_POINT('',(-0.,0.));
#3225 = VECTOR('',#3226,1.);
#3226 = DIRECTION('',(-1.,0.));
#3227 = ( GEOMETRIC_REPRESENTATION_CONTEXT(2) 
PARAMETRIC_REPRESENTATION_CONTEXT() REPRESENTATION_CONTEXT('2D SPACE',''
  ) );
#3228 = ADVANCED_FACE('',(#3229,#3232,#3258,#3284,#3310,#3336),#3030,.T.
  );
#3229 = FACE_BOUND('',#3230,.T.);
#3230 = EDGE_LOOP('',(#3231));
#3231 = ORIENTED_EDGE('',*,*,#3015,.T.);
#3232 = FACE_BOUND('',#3233,.T.);
#3233 = EDGE_LOOP('',(#3234));
#3234 = ORIENTED_EDGE('',*,*,#3235,.F.);
#3235 = EDGE_CURVE('',#3236,#3236,#3238,.T.);
#3236 = VERTEX_POINT('',#3237);
#3237 = CARTESIAN_POINT('',(10.,42.683766184074,-38.18376618407));
#3238 = SURFACE_CURVE('',#3239,(#3244,#3251),.PCURVE_S1.);
#3239 = CIRCLE('',#3240,4.5);
#3240 = AXIS2_PLACEMENT_3D('',#3241,#3242,#3243);
#3241 = CARTESIAN_POINT('',(10.,38.183766184074,-38.18376618407));
#3242 = DIRECTION('',(1.,0.,0.));
#3243 = DIRECTION('',(0.,1.,0.));
#3244 = PCURVE('',#3030,#3245);
#3245 = DEFINITIONAL_REPRESENTATION('',(#3246),#3250);
#3246 = CIRCLE('',#3247,4.5);
#3247 = AXIS2_PLACEMENT_2D('',#3248,#3249);
#3248 = CARTESIAN_POINT('',(-38.18376618407,-38.18376618407));
#3249 = DIRECTION('',(0.,-1.));
#3250 = ( GEOMETRIC_REPRESENTATION_CONTEXT(2) 
PARAMETRIC_REPRESENTATION_CONTEXT() REPRESENTATION_CONTEXT('2D SPACE',''
  ) );
#3251 = PCURVE('',#3093,#3252);
#3252 = DEFINITIONAL_REPRESENTATION('',(#3253),#3257);
#3253 = LINE('',#3254,#3255);
#3254 = CARTESIAN_POINT('',(-0.,-10.));
#3255 = VECTOR('',#3256,1.);
#3256 = DIRECTION('',(-1.,0.));
#3257 = ( GEOMETRIC_REPRESENTATION_CONTEXT(2) 
PARAMETRIC_REPRESENTATION_CONTEXT() REPRESENTATION_CONTEXT('2D SPACE',''
  ) );
#3258 = FACE_BOUND('',#3259,.T.);
#3259 = EDGE_LOOP('',(#3260));
#3260 = ORIENTED_EDGE('',*,*,#3261,.F.);
#3261 = EDGE_CURVE('',#3262,#3262,#3264,.T.);
#3262 = VERTEX_POINT('',#3263);
#3263 = CARTESIAN_POINT('',(10.,42.683766184074,38.183766184074));
#3264 = SURFACE_CURVE('',#3265,(#3270,#3277),.PCURVE_S1.);
#3265 = CIRCLE('',#3266,4.5);
#3266 = AXIS2_PLACEMENT_3D('',#3267,#3268,#3269);
#3267 = CARTESIAN_POINT('',(10.,38.183766184074,38.183766184074));
#3268 = DIRECTION('',(1.,0.,0.));
#3269 = DIRECTION('',(0.,1.,0.));
#3270 = PCURVE('',#3030,#3271);
#3271 = DEFINITIONAL_REPRESENTATION('',(#3272),#3276);
#3272 = CIRCLE('',#3273,4.5);
#3273 = AXIS2_PLACEMENT_2D('',#3274,#3275);
#3274 = CARTESIAN_POINT('',(38.183766184074,-38.18376618407));
#3275 = DIRECTION('',(0.,-1.));
#3276 = ( GEOMETRIC_REPRESENTATION_CONTEXT(2) 
PARAMETRIC_REPRESENTATION_CONTEXT() REPRESENTATION_CONTEXT('2D SPACE',''
  ) );
#3277 = PCURVE('',#3124,#3278);
#3278 = DEFINITIONAL_REPRESENTATION('',(#3279),#3283);
#3279 = LINE('',#3280,#3281);
#3280 = CARTESIAN_POINT('',(-0.,-10.));
#3281 = VECTOR('',#3282,1.);
#3282 = DIRECTION('',(-1.,0.));
#3283 = ( GEOMETRIC_REPRESENTATION_CONTEXT(2) 
PARAMETRIC_REPRESENTATION_CONTEXT() REPRESENTATION_CONTEXT('2D SPACE',''
  ) );
#3284 = FACE_BOUND('',#3285,.T.);
#3285 = EDGE_LOOP('',(#3286));
#3286 = ORIENTED_EDGE('',*,*,#3287,.F.);
#3287 = EDGE_CURVE('',#3288,#3288,#3290,.T.);
#3288 = VERTEX_POINT('',#3289);
#3289 = CARTESIAN_POINT('',(10.,23.5,0.));
#3290 = SURFACE_CURVE('',#3291,(#3296,#3303),.PCURVE_S1.);
#3291 = CIRCLE('',#3292,23.5);
#3292 = AXIS2_PLACEMENT_3D('',#3293,#3294,#3295);
#3293 = CARTESIAN_POINT('',(10.,0.,0.));
#3294 = DIRECTION('',(1.,0.,0.));
#3295 = DIRECTION('',(0.,1.,0.));
#3296 = PCURVE('',#3030,#3297);
#3297 = DEFINITIONAL_REPRESENTATION('',(#3298),#3302);
#3298 = CIRCLE('',#3299,23.5);
#3299 = AXIS2_PLACEMENT_2D('',#3300,#3301);
#3300 = CARTESIAN_POINT('',(2.653401398153E-15,-6.732012960194E-15));
#3301 = DIRECTION('',(0.,-1.));
#3302 = ( GEOMETRIC_REPRESENTATION_CONTEXT(2) 
PARAMETRIC_REPRESENTATION_CONTEXT() REPRESENTATION_CONTEXT('2D SPACE',''
  ) );
#3303 = PCURVE('',#3155,#3304);
#3304 = DEFINITIONAL_REPRESENTATION('',(#3305),#3309);
#3305 = LINE('',#3306,#3307);
#3306 = CARTESIAN_POINT('',(-0.,-10.));
#3307 = VECTOR('',#3308,1.);
#3308 = DIRECTION('',(-1.,0.));
#3309 = ( GEOMETRIC_REPRESENTATION_CONTEXT(2) 
PARAMETRIC_REPRESENTATION_CONTEXT() REPRESENTATION_CONTEXT('2D SPACE',''
  ) );
#3310 = FACE_BOUND('',#3311,.T.);
#3311 = EDGE_LOOP('',(#3312));
#3312 = ORIENTED_EDGE('',*,*,#3313,.F.);
#3313 = EDGE_CURVE('',#3314,#3314,#3316,.T.);
#3314 = VERTEX_POINT('',#3315);
#3315 = CARTESIAN_POINT('',(10.,-33.68376618407,-38.18376618407));
#3316 = SURFACE_CURVE('',#3317,(#3322,#3329),.PCURVE_S1.);
#3317 = CIRCLE('',#3318,4.5);
#3318 = AXIS2_PLACEMENT_3D('',#3319,#3320,#3321);
#3319 = CARTESIAN_POINT('',(10.,-38.18376618407,-38.18376618407));
#3320 = DIRECTION('',(1.,0.,0.));
#3321 = DIRECTION('',(0.,1.,0.));
#3322 = PCURVE('',#3030,#3323);
#3323 = DEFINITIONAL_REPRESENTATION('',(#3324),#3328);
#3324 = CIRCLE('',#3325,4.5);
#3325 = AXIS2_PLACEMENT_2D('',#3326,#3327);
#3326 = CARTESIAN_POINT('',(-38.18376618407,38.183766184074));
#3327 = DIRECTION('',(0.,-1.));
#3328 = ( GEOMETRIC_REPRESENTATION_CONTEXT(2) 
PARAMETRIC_REPRESENTATION_CONTEXT() REPRESENTATION_CONTEXT('2D SPACE',''
  ) );
#3329 = PCURVE('',#3186,#3330);
#3330 = DEFINITIONAL_REPRESENTATION('',(#3331),#3335);
#3331 = LINE('',#3332,#3333);
#3332 = CARTESIAN_POINT('',(-0.,-10.));
#3333 = VECTOR('',#3334,1.);
#3334 = DIRECTION('',(-1.,0.));
#3335 = ( GEOMETRIC_REPRESENTATION_CONTEXT(2) 
PARAMETRIC_REPRESENTATION_CONTEXT() REPRESENTATION_CONTEXT('2D SPACE',''
  ) );
#3336 = FACE_BOUND('',#3337,.T.);
#3337 = EDGE_LOOP('',(#3338));
#3338 = ORIENTED_EDGE('',*,*,#3339,.F.);
#3339 = EDGE_CURVE('',#3340,#3340,#3342,.T.);
#3340 = VERTEX_POINT('',#3341);
#3341 = CARTESIAN_POINT('',(10.,-33.68376618407,38.183766184074));
#3342 = SURFACE_CURVE('',#3343,(#3348,#3355),.PCURVE_S1.);
#3343 = CIRCLE('',#3344,4.5);
#3344 = AXIS2_PLACEMENT_3D('',#3345,#3346,#3347);
#3345 = CARTESIAN_POINT('',(10.,-38.18376618407,38.183766184074));
#3346 = DIRECTION('',(1.,0.,0.));
#3347 = DIRECTION('',(0.,1.,0.));
#3348 = PCURVE('',#3030,#3349);
#3349 = DEFINITIONAL_REPRESENTATION('',(#3350),#3354);
#3350 = CIRCLE('',#3351,4.5);
#3351 = AXIS2_PLACEMENT_2D('',#3352,#3353);
#3352 = CARTESIAN_POINT('',(38.183766184074,38.183766184074));
#3353 = DIRECTION('',(0.,-1.));
#3354 = ( GEOMETRIC_REPRESENTATION_CONTEXT(2) 
PARAMETRIC_REPRESENTATION_CONTEXT() REPRESENTATION_CONTEXT('2D SPACE',''
  ) );
#3355 = PCURVE('',#3217,#3356);
#3356 = DEFINITIONAL_REPRESENTATION('',(#3357),#3361);
#3357 = LINE('',#3358,#3359);
#3358 = CARTESIAN_POINT('',(-0.,-10.));
#3359 = VECTOR('',#3360,1.);
#3360 = DIRECTION('',(-1.,0.));
#3361 = ( GEOMETRIC_REPRESENTATION_CONTEXT(2) 
PARAMETRIC_REPRESENTATION_CONTEXT() REPRESENTATION_CONTEXT('2D SPACE',''
  ) );
#3362 = ADVANCED_FACE('',(#3363),#3093,.F.);
#3363 = FACE_BOUND('',#3364,.T.);
#3364 = EDGE_LOOP('',(#3365,#3386,#3387,#3388));
#3365 = ORIENTED_EDGE('',*,*,#3366,.T.);
#3366 = EDGE_CURVE('',#3077,#3236,#3367,.T.);
#3367 = SEAM_CURVE('',#3368,(#3372,#3379),.PCURVE_S1.);
#3368 = LINE('',#3369,#3370);
#3369 = CARTESIAN_POINT('',(0.,42.683766184074,-38.18376618407));
#3370 = VECTOR('',#3371,1.);
#3371 = DIRECTION('',(1.,0.,0.));
#3372 = PCURVE('',#3093,#3373);
#3373 = DEFINITIONAL_REPRESENTATION('',(#3374),#3378);
#3374 = LINE('',#3375,#3376);
#3375 = CARTESIAN_POINT('',(-0.,0.));
#3376 = VECTOR('',#3377,1.);
#3377 = DIRECTION('',(-0.,-1.));
#3378 = ( GEOMETRIC_REPRESENTATION_CONTEXT(2) 
PARAMETRIC_REPRESENTATION_CONTEXT() REPRESENTATION_CONTEXT('2D SPACE',''
  ) );
#3379 = PCURVE('',#3093,#3380);
#3380 = DEFINITIONAL_REPRESENTATION('',(#3381),#3385);
#3381 = LINE('',#3382,#3383);
#3382 = CARTESIAN_POINT('',(-6.28318530718,0.));
#3383 = VECTOR('',#3384,1.);
#3384 = DIRECTION('',(-0.,-1.));
#3385 = ( GEOMETRIC_REPRESENTATION_CONTEXT(2) 
PARAMETRIC_REPRESENTATION_CONTEXT() REPRESENTATION_CONTEXT('2D SPACE',''
  ) );
#3386 = ORIENTED_EDGE('',*,*,#3235,.T.);
#3387 = ORIENTED_EDGE('',*,*,#3366,.F.);
#3388 = ORIENTED_EDGE('',*,*,#3076,.F.);
#3389 = ADVANCED_FACE('',(#3390),#3124,.F.);
#3390 = FACE_BOUND('',#3391,.T.);
#3391 = EDGE_LOOP('',(#3392,#3413,#3414,#3415));
#3392 = ORIENTED_EDGE('',*,*,#3393,.T.);
#3393 = EDGE_CURVE('',#3108,#3262,#3394,.T.);
#3394 = SEAM_CURVE('',#3395,(#3399,#3406),.PCURVE_S1.);
#3395 = LINE('',#3396,#3397);
#3396 = CARTESIAN_POINT('',(0.,42.683766184074,38.183766184074));
#3397 = VECTOR('',#3398,1.);
#3398 = DIRECTION('',(1.,0.,0.));
#3399 = PCURVE('',#3124,#3400);
#3400 = DEFINITIONAL_REPRESENTATION('',(#3401),#3405);
#3401 = LINE('',#3402,#3403);
#3402 = CARTESIAN_POINT('',(-0.,0.));
#3403 = VECTOR('',#3404,1.);
#3404 = DIRECTION('',(-0.,-1.));
#3405 = ( GEOMETRIC_REPRESENTATION_CONTEXT(2) 
PARAMETRIC_REPRESENTATION_CONTEXT() REPRESENTATION_CONTEXT('2D SPACE',''
  ) );
#3406 = PCURVE('',#3124,#3407);
#3407 = DEFINITIONAL_REPRESENTATION('',(#3408),#3412);
#3408 = LINE('',#3409,#3410);
#3409 = CARTESIAN_POINT('',(-6.28318530718,0.));
#3410 = VECTOR('',#3411,1.);
#3411 = DIRECTION('',(-0.,-1.));
#3412 = ( GEOMETRIC_REPRESENTATION_CONTEXT(2) 
PARAMETRIC_REPRESENTATION_CONTEXT() REPRESENTATION_CONTEXT('2D SPACE',''
  ) );
#3413 = ORIENTED_EDGE('',*,*,#3261,.T.);
#3414 = ORIENTED_EDGE('',*,*,#3393,.F.);
#3415 = ORIENTED_EDGE('',*,*,#3107,.F.);
#3416 = ADVANCED_FACE('',(#3417),#3155,.F.);
#3417 = FACE_BOUND('',#3418,.T.);
#3418 = EDGE_LOOP('',(#3419,#3440,#3441,#3442));
#3419 = ORIENTED_EDGE('',*,*,#3420,.T.);
#3420 = EDGE_CURVE('',#3139,#3288,#3421,.T.);
#3421 = SEAM_CURVE('',#3422,(#3426,#3433),.PCURVE_S1.);
#3422 = LINE('',#3423,#3424);
#3423 = CARTESIAN_POINT('',(0.,23.5,0.));
#3424 = VECTOR('',#3425,1.);
#3425 = DIRECTION('',(1.,0.,0.));
#3426 = PCURVE('',#3155,#3427);
#3427 = DEFINITIONAL_REPRESENTATION('',(#3428),#3432);
#3428 = LINE('',#3429,#3430);
#3429 = CARTESIAN_POINT('',(-0.,0.));
#3430 = VECTOR('',#3431,1.);
#3431 = DIRECTION('',(-0.,-1.));
#3432 = ( GEOMETRIC_REPRESENTATION_CONTEXT(2) 
PARAMETRIC_REPRESENTATION_CONTEXT() REPRESENTATION_CONTEXT('2D SPACE',''
  ) );
#3433 = PCURVE('',#3155,#3434);
#3434 = DEFINITIONAL_REPRESENTATION('',(#3435),#3439);
#3435 = LINE('',#3436,#3437);
#3436 = CARTESIAN_POINT('',(-6.28318530718,0.));
#3437 = VECTOR('',#3438,1.);
#3438 = DIRECTION('',(-0.,-1.));
#3439 = ( GEOMETRIC_REPRESENTATION_CONTEXT(2) 
PARAMETRIC_REPRESENTATION_CONTEXT() REPRESENTATION_CONTEXT('2D SPACE',''
  ) );
#3440 = ORIENTED_EDGE('',*,*,#3287,.T.);
#3441 = ORIENTED_EDGE('',*,*,#3420,.F.);
#3442 = ORIENTED_EDGE('',*,*,#3138,.F.);
#3443 = ADVANCED_FACE('',(#3444),#3186,.F.);
#3444 = FACE_BOUND('',#3445,.T.);
#3445 = EDGE_LOOP('',(#3446,#3467,#3468,#3469));
#3446 = ORIENTED_EDGE('',*,*,#3447,.T.);
#3447 = EDGE_CURVE('',#3170,#3314,#3448,.T.);
#3448 = SEAM_CURVE('',#3449,(#3453,#3460),.PCURVE_S1.);
#3449 = LINE('',#3450,#3451);
#3450 = CARTESIAN_POINT('',(0.,-33.68376618407,-38.18376618407));
#3451 = VECTOR('',#3452,1.);
#3452 = DIRECTION('',(1.,0.,0.));
#3453 = PCURVE('',#3186,#3454);
#3454 = DEFINITIONAL_REPRESENTATION('',(#3455),#3459);
#3455 = LINE('',#3456,#3457);
#3456 = CARTESIAN_POINT('',(-0.,0.));
#3457 = VECTOR('',#3458,1.);
#3458 = DIRECTION('',(-0.,-1.));
#3459 = ( GEOMETRIC_REPRESENTATION_CONTEXT(2) 
PARAMETRIC_REPRESENTATION_CONTEXT() REPRESENTATION_CONTEXT('2D SPACE',''
  ) );
#3460 = PCURVE('',#3186,#3461);
#3461 = DEFINITIONAL_REPRESENTATION('',(#3462),#3466);
#3462 = LINE('',#3463,#3464);
#3463 = CARTESIAN_POINT('',(-6.28318530718,0.));
#3464 = VECTOR('',#3465,1.);
#3465 = DIRECTION('',(-0.,-1.));
#3466 = ( GEOMETRIC_REPRESENTATION_CONTEXT(2) 
PARAMETRIC_REPRESENTATION_CONTEXT() REPRESENTATION_CONTEXT('2D SPACE',''
  ) );
#3467 = ORIENTED_EDGE('',*,*,#3313,.T.);
#3468 = ORIENTED_EDGE('',*,*,#3447,.F.);
#3469 = ORIENTED_EDGE('',*,*,#3169,.F.);
#3470 = ADVANCED_FACE('',(#3471),#3217,.F.);
#3471 = FACE_BOUND('',#3472,.T.);
#3472 = EDGE_LOOP('',(#3473,#3494,#3495,#3496));
#3473 = ORIENTED_EDGE('',*,*,#3474,.T.);
#3474 = EDGE_CURVE('',#3201,#3340,#3475,.T.);
#3475 = SEAM_CURVE('',#3476,(#3480,#3487),.PCURVE_S1.);
#3476 = LINE('',#3477,#3478);
#3477 = CARTESIAN_POINT('',(0.,-33.68376618407,38.183766184074));
#3478 = VECTOR('',#3479,1.);
#3479 = DIRECTION('',(1.,0.,0.));
#3480 = PCURVE('',#3217,#3481);
#3481 = DEFINITIONAL_REPRESENTATION('',(#3482),#3486);
#3482 = LINE('',#3483,#3484);
#3483 = CARTESIAN_POINT('',(-0.,0.));
#3484 = VECTOR('',#3485,1.);
#3485 = DIRECTION('',(-0.,-1.));
#3486 = ( GEOMETRIC_REPRESENTATION_CONTEXT(2) 
PARAMETRIC_REPRESENTATION_CONTEXT() REPRESENTATION_CONTEXT('2D SPACE',''
  ) );
#3487 = PCURVE('',#3217,#3488);
#3488 = DEFINITIONAL_REPRESENTATION('',(#3489),#3493);
#3489 = LINE('',#3490,#3491);
#3490 = CARTESIAN_POINT('',(-6.28318530718,0.));
#3491 = VECTOR('',#3492,1.);
#3492 = DIRECTION('',(-0.,-1.));
#3493 = ( GEOMETRIC_REPRESENTATION_CONTEXT(2) 
PARAMETRIC_REPRESENTATION_CONTEXT() REPRESENTATION_CONTEXT('2D SPACE',''
  ) );
#3494 = ORIENTED_EDGE('',*,*,#3339,.T.);
#3495 = ORIENTED_EDGE('',*,*,#3474,.F.);
#3496 = ORIENTED_EDGE('',*,*,#3200,.F.);
#3497 = ( GEOMETRIC_REPRESENTATION_CONTEXT(3) 
GLOBAL_UNCERTAINTY_ASSIGNED_CONTEXT((#3501)) 
GLOBAL_UNIT_ASSIGNED_CONTEXT((#3498,#3499,#3500)) REPRESENTATION_CONTEXT
('Context #1','3D Context with UNIT and UNCERTAINTY') );
#3498 = ( LENGTH_UNIT() NAMED_UNIT(*) SI_UNIT(.MILLI.,.METRE.) );
#3499 = ( NAMED_UNIT(*) PLANE_ANGLE_UNIT() SI_UNIT($,.RADIAN.) );
#3500 = ( NAMED_UNIT(*) SI_UNIT($,.STERADIAN.) SOLID_ANGLE_UNIT() );
#3501 = UNCERTAINTY_MEASURE_WITH_UNIT(LENGTH_MEASURE(1.E-07),#3498,
  'distance_accuracy_value','confusion accuracy');
#3502 = CONTEXT_DEPENDENT_SHAPE_REPRESENTATION(#3503,#3505);
#3503 = ( REPRESENTATION_RELATIONSHIP('','',#2978,#10) 
REPRESENTATION_RELATIONSHIP_WITH_TRANSFORMATION(#3504) 
SHAPE_REPRESENTATION_RELATIONSHIP() );
#3504 = ITEM_DEFINED_TRANSFORMATION('','',#11,#31);
#3505 = PRODUCT_DEFINITION_SHAPE('Placement','Placement of an item',
  #3506);
#3506 = NEXT_ASSEMBLY_USAGE_OCCURRENCE('5','CV-5400 End Cover','',#5,
  #2973,$);
#3507 = PRODUCT_RELATED_PRODUCT_CATEGORY('part',$,(#2975));
#3508 = SHAPE_DEFINITION_REPRESENTATION(#3509,#3515);
#3509 = PRODUCT_DEFINITION_SHAPE('','',#3510);
#3510 = PRODUCT_DEFINITION('design','',#3511,#3514);
#3511 = PRODUCT_DEFINITION_FORMATION('','',#3512);
#3512 = PRODUCT('SC-6500 Hex Bolt M10 1','SC-6500 Hex Bolt M10 1','',(
    #3513));
#3513 = PRODUCT_CONTEXT('',#2,'mechanical');
#3514 = PRODUCT_DEFINITION_CONTEXT('part definition',#2,'design');
#3515 = ADVANCED_BREP_SHAPE_REPRESENTATION('',(#11,#3516),#4092);
#3516 = MANIFOLD_SOLID_BREP('',#3517);
#3517 = CLOSED_SHELL('',(#3518,#3638,#3714,#3790,#3899,#3972,#3999,#4026
    ,#4033,#4088));
#3518 = ADVANCED_FACE('',(#3519),#3533,.F.);
#3519 = FACE_BOUND('',#3520,.F.);
#3520 = EDGE_LOOP('',(#3521,#3556,#3584,#3612));
#3521 = ORIENTED_EDGE('',*,*,#3522,.T.);
#3522 = EDGE_CURVE('',#3523,#3525,#3527,.T.);
#3523 = VERTEX_POINT('',#3524);
#3524 = CARTESIAN_POINT('',(0.,8.5,0.));
#3525 = VERTEX_POINT('',#3526);
#3526 = CARTESIAN_POINT('',(7.,8.5,0.));
#3527 = SURFACE_CURVE('',#3528,(#3532,#3544),.PCURVE_S1.);
#3528 = LINE('',#3529,#3530);
#3529 = CARTESIAN_POINT('',(0.,8.5,0.));
#3530 = VECTOR('',#3531,1.);
#3531 = DIRECTION('',(1.,0.,0.));
#3532 = PCURVE('',#3533,#3538);
#3533 = PLANE('',#3534);
#3534 = AXIS2_PLACEMENT_3D('',#3535,#3536,#3537);
#3535 = CARTESIAN_POINT('',(0.,8.5,0.));
#3536 = DIRECTION('',(0.,-0.866025403784,-0.5));
#3537 = DIRECTION('',(0.,-0.5,0.866025403784));
#3538 = DEFINITIONAL_REPRESENTATION('',(#3539),#3543);
#3539 = LINE('',#3540,#3541);
#3540 = CARTESIAN_POINT('',(0.,0.));
#3541 = VECTOR('',#3542,1.);
#3542 = DIRECTION('',(0.,-1.));
#3543 = ( GEOMETRIC_REPRESENTATION_CONTEXT(2) 
PARAMETRIC_REPRESENTATION_CONTEXT() REPRESENTATION_CONTEXT('2D SPACE',''
  ) );
#3544 = PCURVE('',#3545,#3550);
#3545 = PLANE('',#3546);
#3546 = AXIS2_PLACEMENT_3D('',#3547,#3548,#3549);
#3547 = CARTESIAN_POINT('',(0.,4.25,-7.361215932168));
#3548 = DIRECTION('',(0.,-0.866025403784,0.5));
#3549 = DIRECTION('',(0.,0.5,0.866025403784));
#3550 = DEFINITIONAL_REPRESENTATION('',(#3551),#3555);
#3551 = LINE('',#3552,#3553);
#3552 = CARTESIAN_POINT('',(8.5,0.));
#3553 = VECTOR('',#3554,1.);
#3554 = DIRECTION('',(0.,-1.));
#3555 = ( GEOMETRIC_REPRESENTATION_CONTEXT(2) 
PARAMETRIC_REPRESENTATION_CONTEXT() REPRESENTATION_CONTEXT('2D SPACE',''
  ) );
#3556 = ORIENTED_EDGE('',*,*,#3557,.T.);
#3557 = EDGE_CURVE('',#3525,#3558,#3560,.T.);
#3558 = VERTEX_POINT('',#3559);
#3559 = CARTESIAN_POINT('',(7.,4.25,7.361215932168));
#3560 = SURFACE_CURVE('',#3561,(#3565,#3572),.PCURVE_S1.);
#3561 = LINE('',#3562,#3563);
#3562 = CARTESIAN_POINT('',(7.,8.5,0.));
#3563 = VECTOR('',#3564,1.);
#3564 = DIRECTION('',(0.,-0.5,0.866025403784));
#3565 = PCURVE('',#3533,#3566);
#3566 = DEFINITIONAL_REPRESENTATION('',(#3567),#3571);
#3567 = LINE('',#3568,#3569);
#3568 = CARTESIAN_POINT('',(0.,-7.));
#3569 = VECTOR('',#3570,1.);
#3570 = DIRECTION('',(1.,0.));
#3571 = ( GEOMETRIC_REPRESENTATION_CONTEXT(2) 
PARAMETRIC_REPRESENTATION_CONTEXT() REPRESENTATION_CONTEXT('2D SPACE',''
  ) );
#3572 = PCURVE('',#3573,#3578);
#3573 = PLANE('',#3574);
#3574 = AXIS2_PLACEMENT_3D('',#3575,#3576,#3577);
#3575 = CARTESIAN_POINT('',(7.,-6.96610525255E-16,-3.483052626275E-16));
#3576 = DIRECTION('',(1.,0.,0.));
#3577 = DIRECTION('',(-0.,0.,1.));
#3578 = DEFINITIONAL_REPRESENTATION('',(#3579),#3583);
#3579 = LINE('',#3580,#3581);
#3580 = CARTESIAN_POINT('',(3.483052626275E-16,-8.5));
#3581 = VECTOR('',#3582,1.);
#3582 = DIRECTION('',(0.866025403784,0.5));
#3583 = ( GEOMETRIC_REPRESENTATION_CONTEXT(2) 
PARAMETRIC_REPRESENTATION_CONTEXT() REPRESENTATION_CONTEXT('2D SPACE',''
  ) );
#3584 = ORIENTED_EDGE('',*,*,#3585,.F.);
#3585 = EDGE_CURVE('',#3586,#3558,#3588,.T.);
#3586 = VERTEX_POINT('',#3587);
#3587 = CARTESIAN_POINT('',(0.,4.25,7.361215932168));
#3588 = SURFACE_CURVE('',#3589,(#3593,#3600),.PCURVE_S1.);
#3589 = LINE('',#3590,#3591);
#3590 = CARTESIAN_POINT('',(0.,4.25,7.361215932168));
#3591 = VECTOR('',#3592,1.);
#3592 = DIRECTION('',(1.,0.,0.));
#3593 = PCURVE('',#3533,#3594);
#3594 = DEFINITIONAL_REPRESENTATION('',(#3595),#3599);
#3595 = LINE('',#3596,#3597);
#3596 = CARTESIAN_POINT('',(8.5,0.));
#3597 = VECTOR('',#3598,1.);
#3598 = DIRECTION('',(0.,-1.));
#3599 = ( GEOMETRIC_REPRESENTATION_CONTEXT(2) 
PARAMETRIC_REPRESENTATION_CONTEXT() REPRESENTATION_CONTEXT('2D SPACE',''
  ) );
#3600 = PCURVE('',#3601,#3606);
#3601 = PLANE('',#3602);
#3602 = AXIS2_PLACEMENT_3D('',#3603,#3604,#3605);
#3603 = CARTESIAN_POINT('',(0.,4.25,7.361215932168));
#3604 = DIRECTION('',(0.,-1.044915787883E-16,-1.));
#3605 = DIRECTION('',(0.,-1.,1.044915787883E-16));
#3606 = DEFINITIONAL_REPRESENTATION('',(#3607),#3611);
#3607 = LINE('',#3608,#3609);
#3608 = CARTESIAN_POINT('',(0.,0.));
#3609 = VECTOR('',#3610,1.);
#3610 = DIRECTION('',(0.,-1.));
#3611 = ( GEOMETRIC_REPRESENTATION_CONTEXT(2) 
PARAMETRIC_REPRESENTATION_CONTEXT() REPRESENTATION_CONTEXT('2D SPACE',''
  ) );
#3612 = ORIENTED_EDGE('',*,*,#3613,.F.);
#3613 = EDGE_CURVE('',#3523,#3586,#3614,.T.);
#3614 = SURFACE_CURVE('',#3615,(#3619,#3626),.PCURVE_S1.);
#3615 = LINE('',#3616,#3617);
#3616 = CARTESIAN_POINT('',(0.,8.5,0.));
#3617 = VECTOR('',#3618,1.);
#3618 = DIRECTION('',(0.,-0.5,0.866025403784));
#3619 = PCURVE('',#3533,#3620);
#3620 = DEFINITIONAL_REPRESENTATION('',(#3621),#3625);
#3621 = LINE('',#3622,#3623);
#3622 = CARTESIAN_POINT('',(0.,0.));
#3623 = VECTOR('',#3624,1.);
#3624 = DIRECTION('',(1.,0.));
#3625 = ( GEOMETRIC_REPRESENTATION_CONTEXT(2) 
PARAMETRIC_REPRESENTATION_CONTEXT() REPRESENTATION_CONTEXT('2D SPACE',''
  ) );
#3626 = PCURVE('',#3627,#3632);
#3627 = PLANE('',#3628);
#3628 = AXIS2_PLACEMENT_3D('',#3629,#3630,#3631);
#3629 = CARTESIAN_POINT('',(0.,-6.96610525255E-16,-3.483052626275E-16));
#3630 = DIRECTION('',(1.,0.,0.));
#3631 = DIRECTION('',(-0.,0.,1.));
#3632 = DEFINITIONAL_REPRESENTATION('',(#3633),#3637);
#3633 = LINE('',#3634,#3635);
#3634 = CARTESIAN_POINT('',(3.483052626275E-16,-8.5));
#3635 = VECTOR('',#3636,1.);
#3636 = DIRECTION('',(0.866025403784,0.5));
#3637 = ( GEOMETRIC_REPRESENTATION_CONTEXT(2) 
PARAMETRIC_REPRESENTATION_CONTEXT() REPRESENTATION_CONTEXT('2D SPACE',''
  ) );
#3638 = ADVANCED_FACE('',(#3639),#3545,.F.);
#3639 = FACE_BOUND('',#3640,.F.);
#3640 = EDGE_LOOP('',(#3641,#3671,#3692,#3693));
#3641 = ORIENTED_EDGE('',*,*,#3642,.T.);
#3642 = EDGE_CURVE('',#3643,#3645,#3647,.T.);
#3643 = VERTEX_POINT('',#3644);
#3644 = CARTESIAN_POINT('',(0.,4.25,-7.361215932168));
#3645 = VERTEX_POINT('',#3646);
#3646 = CARTESIAN_POINT('',(7.,4.25,-7.361215932168));
#3647 = SURFACE_CURVE('',#3648,(#3652,#3659),.PCURVE_S1.);
#3648 = LINE('',#3649,#3650);
#3649 = CARTESIAN_POINT('',(0.,4.25,-7.361215932168));
#3650 = VECTOR('',#3651,1.);
#3651 = DIRECTION('',(1.,0.,0.));
#3652 = PCURVE('',#3545,#3653);
#3653 = DEFINITIONAL_REPRESENTATION('',(#3654),#3658);
#3654 = LINE('',#3655,#3656);
#3655 = CARTESIAN_POINT('',(0.,0.));
#3656 = VECTOR('',#3657,1.);
#3657 = DIRECTION('',(0.,-1.));
#3658 = ( GEOMETRIC_REPRESENTATION_CONTEXT(2) 
PARAMETRIC_REPRESENTATION_CONTEXT() REPRESENTATION_CONTEXT('2D SPACE',''
  ) );
#3659 = PCURVE('',#3660,#3665);
#3660 = PLANE('',#3661);
#3661 = AXIS2_PLACEMENT_3D('',#3662,#3663,#3664);
#3662 = CARTESIAN_POINT('',(0.,-4.25,-7.361215932168));
#3663 = DIRECTION('',(-0.,5.224578939413E-16,1.));
#3664 = DIRECTION('',(0.,1.,-5.224578939413E-16));
#3665 = DEFINITIONAL_REPRESENTATION('',(#3666),#3670);
#3666 = LINE('',#3667,#3668);
#3667 = CARTESIAN_POINT('',(8.5,0.));
#3668 = VECTOR('',#3669,1.);
#3669 = DIRECTION('',(0.,-1.));
#3670 = ( GEOMETRIC_REPRESENTATION_CONTEXT(2) 
PARAMETRIC_REPRESENTATION_CONTEXT() REPRESENTATION_CONTEXT('2D SPACE',''
  ) );
#3671 = ORIENTED_EDGE('',*,*,#3672,.T.);
#3672 = EDGE_CURVE('',#3645,#3525,#3673,.T.);
#3673 = SURFACE_CURVE('',#3674,(#3678,#3685),.PCURVE_S1.);
#3674 = LINE('',#3675,#3676);
#3675 = CARTESIAN_POINT('',(7.,4.25,-7.361215932168));
#3676 = VECTOR('',#3677,1.);
#3677 = DIRECTION('',(0.,0.5,0.866025403784));
#3678 = PCURVE('',#3545,#3679);
#3679 = DEFINITIONAL_REPRESENTATION('',(#3680),#3684);
#3680 = LINE('',#3681,#3682);
#3681 = CARTESIAN_POINT('',(0.,-7.));
#3682 = VECTOR('',#3683,1.);
#3683 = DIRECTION('',(1.,0.));
#3684 = ( GEOMETRIC_REPRESENTATION_CONTEXT(2) 
PARAMETRIC_REPRESENTATION_CONTEXT() REPRESENTATION_CONTEXT('2D SPACE',''
  ) );
#3685 = PCURVE('',#3573,#3686);
#3686 = DEFINITIONAL_REPRESENTATION('',(#3687),#3691);
#3687 = LINE('',#3688,#3689);
#3688 = CARTESIAN_POINT('',(-7.361215932168,-4.25));
#3689 = VECTOR('',#3690,1.);
#3690 = DIRECTION('',(0.866025403784,-0.5));
#3691 = ( GEOMETRIC_REPRESENTATION_CONTEXT(2) 
PARAMETRIC_REPRESENTATION_CONTEXT() REPRESENTATION_CONTEXT('2D SPACE',''
  ) );
#3692 = ORIENTED_EDGE('',*,*,#3522,.F.);
#3693 = ORIENTED_EDGE('',*,*,#3694,.F.);
#3694 = EDGE_CURVE('',#3643,#3523,#3695,.T.);
#3695 = SURFACE_CURVE('',#3696,(#3700,#3707),.PCURVE_S1.);
#3696 = LINE('',#3697,#3698);
#3697 = CARTESIAN_POINT('',(0.,4.25,-7.361215932168));
#3698 = VECTOR('',#3699,1.);
#3699 = DIRECTION('',(0.,0.5,0.866025403784));
#3700 = PCURVE('',#3545,#3701);
#3701 = DEFINITIONAL_REPRESENTATION('',(#3702),#3706);
#3702 = LINE('',#3703,#3704);
#3703 = CARTESIAN_POINT('',(0.,0.));
#3704 = VECTOR('',#3705,1.);
#3705 = DIRECTION('',(1.,0.));
#3706 = ( GEOMETRIC_REPRESENTATION_CONTEXT(2) 
PARAMETRIC_REPRESENTATION_CONTEXT() REPRESENTATION_CONTEXT('2D SPACE',''
  ) );
#3707 = PCURVE('',#3627,#3708);
#3708 = DEFINITIONAL_REPRESENTATION('',(#3709),#3713);
#3709 = LINE('',#3710,#3711);
#3710 = CARTESIAN_POINT('',(-7.361215932168,-4.25));
#3711 = VECTOR('',#3712,1.);
#3712 = DIRECTION('',(0.866025403784,-0.5));
#3713 = ( GEOMETRIC_REPRESENTATION_CONTEXT(2) 
PARAMETRIC_REPRESENTATION_CONTEXT() REPRESENTATION_CONTEXT('2D SPACE',''
  ) );
#3714 = ADVANCED_FACE('',(#3715),#3601,.F.);
#3715 = FACE_BOUND('',#3716,.F.);
#3716 = EDGE_LOOP('',(#3717,#3718,#3741,#3769));
#3717 = ORIENTED_EDGE('',*,*,#3585,.T.);
#3718 = ORIENTED_EDGE('',*,*,#3719,.T.);
#3719 = EDGE_CURVE('',#3558,#3720,#3722,.T.);
#3720 = VERTEX_POINT('',#3721);
#3721 = CARTESIAN_POINT('',(7.,-4.25,7.361215932168));
#3722 = SURFACE_CURVE('',#3723,(#3727,#3734),.PCURVE_S1.);
#3723 = LINE('',#3724,#3725);
#3724 = CARTESIAN_POINT('',(7.,4.25,7.361215932168));
#3725 = VECTOR('',#3726,1.);
#3726 = DIRECTION('',(0.,-1.,1.044915787883E-16));
#3727 = PCURVE('',#3601,#3728);
#3728 = DEFINITIONAL_REPRESENTATION('',(#3729),#3733);
#3729 = LINE('',#3730,#3731);
#3730 = CARTESIAN_POINT('',(0.,-7.));
#3731 = VECTOR('',#3732,1.);
#3732 = DIRECTION('',(1.,0.));
#3733 = ( GEOMETRIC_REPRESENTATION_CONTEXT(2) 
PARAMETRIC_REPRESENTATION_CONTEXT() REPRESENTATION_CONTEXT('2D SPACE',''
  ) );
#3734 = PCURVE('',#3573,#3735);
#3735 = DEFINITIONAL_REPRESENTATION('',(#3736),#3740);
#3736 = LINE('',#3737,#3738);
#3737 = CARTESIAN_POINT('',(7.361215932168,-4.25));
#3738 = VECTOR('',#3739,1.);
#3739 = DIRECTION('',(1.044915787883E-16,1.));
#3740 = ( GEOMETRIC_REPRESENTATION_CONTEXT(2) 
PARAMETRIC_REPRESENTATION_CONTEXT() REPRESENTATION_CONTEXT('2D SPACE',''
  ) );
#3741 = ORIENTED_EDGE('',*,*,#3742,.F.);
#3742 = EDGE_CURVE('',#3743,#3720,#3745,.T.);
#3743 = VERTEX_POINT('',#3744);
#3744 = CARTESIAN_POINT('',(0.,-4.25,7.361215932168));
#3745 = SURFACE_CURVE('',#3746,(#3750,#3757),.PCURVE_S1.);
#3746 = LINE('',#3747,#3748);
#3747 = CARTESIAN_POINT('',(0.,-4.25,7.361215932168));
#3748 = VECTOR('',#3749,1.);
#3749 = DIRECTION('',(1.,0.,0.));
#3750 = PCURVE('',#3601,#3751);
#3751 = DEFINITIONAL_REPRESENTATION('',(#3752),#3756);
#3752 = LINE('',#3753,#3754);
#3753 = CARTESIAN_POINT('',(8.5,0.));
#3754 = VECTOR('',#3755,1.);
#3755 = DIRECTION('',(0.,-1.));
#3756 = ( GEOMETRIC_REPRESENTATION_CONTEXT(2) 
PARAMETRIC_REPRESENTATION_CONTEXT() REPRESENTATION_CONTEXT('2D SPACE',''
  ) );
#3757 = PCURVE('',#3758,#3763);
#3758 = PLANE('',#3759);
#3759 = AXIS2_PLACEMENT_3D('',#3760,#3761,#3762);
#3760 = CARTESIAN_POINT('',(0.,-4.25,7.361215932168));
#3761 = DIRECTION('',(0.,0.866025403784,-0.5));
#3762 = DIRECTION('',(0.,-0.5,-0.866025403784));
#3763 = DEFINITIONAL_REPRESENTATION('',(#3764),#3768);
#3764 = LINE('',#3765,#3766);
#3765 = CARTESIAN_POINT('',(0.,0.));
#3766 = VECTOR('',#3767,1.);
#3767 = DIRECTION('',(0.,-1.));
#3768 = ( GEOMETRIC_REPRESENTATION_CONTEXT(2) 
PARAMETRIC_REPRESENTATION_CONTEXT() REPRESENTATION_CONTEXT('2D SPACE',''
  ) );
#3769 = ORIENTED_EDGE('',*,*,#3770,.F.);
#3770 = EDGE_CURVE('',#3586,#3743,#3771,.T.);
#3771 = SURFACE_CURVE('',#3772,(#3776,#3783),.PCURVE_S1.);
#3772 = LINE('',#3773,#3774);
#3773 = CARTESIAN_POINT('',(0.,4.25,7.361215932168));
#3774 = VECTOR('',#3775,1.);
#3775 = DIRECTION('',(0.,-1.,1.044915787883E-16));
#3776 = PCURVE('',#3601,#3777);
#3777 = DEFINITIONAL_REPRESENTATION('',(#3778),#3782);
#3778 = LINE('',#3779,#3780);
#3779 = CARTESIAN_POINT('',(0.,0.));
#3780 = VECTOR('',#3781,1.);
#3781 = DIRECTION('',(1.,0.));
#3782 = ( GEOMETRIC_REPRESENTATION_CONTEXT(2) 
PARAMETRIC_REPRESENTATION_CONTEXT() REPRESENTATION_CONTEXT('2D SPACE',''
  ) );
#3783 = PCURVE('',#3627,#3784);
#3784 = DEFINITIONAL_REPRESENTATION('',(#3785),#3789);
#3785 = LINE('',#3786,#3787);
#3786 = CARTESIAN_POINT('',(7.361215932168,-4.25));
#3787 = VECTOR('',#3788,1.);
#3788 = DIRECTION('',(1.044915787883E-16,1.));
#3789 = ( GEOMETRIC_REPRESENTATION_CONTEXT(2) 
PARAMETRIC_REPRESENTATION_CONTEXT() REPRESENTATION_CONTEXT('2D SPACE',''
  ) );
#3790 = ADVANCED_FACE('',(#3791,#3868),#3627,.F.);
#3791 = FACE_BOUND('',#3792,.F.);
#3792 = EDGE_LOOP('',(#3793,#3794,#3795,#3818,#3846,#3867));
#3793 = ORIENTED_EDGE('',*,*,#3613,.T.);
#3794 = ORIENTED_EDGE('',*,*,#3770,.T.);
#3795 = ORIENTED_EDGE('',*,*,#3796,.T.);
#3796 = EDGE_CURVE('',#3743,#3797,#3799,.T.);
#3797 = VERTEX_POINT('',#3798);
#3798 = CARTESIAN_POINT('',(0.,-8.5,1.040949779275E-15));
#3799 = SURFACE_CURVE('',#3800,(#3804,#3811),.PCURVE_S1.);
#3800 = LINE('',#3801,#3802);
#3801 = CARTESIAN_POINT('',(0.,-4.25,7.361215932168));
#3802 = VECTOR('',#3803,1.);
#3803 = DIRECTION('',(0.,-0.5,-0.866025403784));
#3804 = PCURVE('',#3627,#3805);
#3805 = DEFINITIONAL_REPRESENTATION('',(#3806),#3810);
#3806 = LINE('',#3807,#3808);
#3807 = CARTESIAN_POINT('',(7.361215932168,4.25));
#3808 = VECTOR('',#3809,1.);
#3809 = DIRECTION('',(-0.866025403784,0.5));
#3810 = ( GEOMETRIC_REPRESENTATION_CONTEXT(2) 
PARAMETRIC_REPRESENTATION_CONTEXT() REPRESENTATION_CONTEXT('2D SPACE',''
  ) );
#3811 = PCURVE('',#3758,#3812);
#3812 = DEFINITIONAL_REPRESENTATION('',(#3813),#3817);
#3813 = LINE('',#3814,#3815);
#3814 = CARTESIAN_POINT('',(0.,0.));
#3815 = VECTOR('',#3816,1.);
#3816 = DIRECTION('',(1.,0.));
#3817 = ( GEOMETRIC_REPRESENTATION_CONTEXT(2) 
PARAMETRIC_REPRESENTATION_CONTEXT() REPRESENTATION_CONTEXT('2D SPACE',''
  ) );
#3818 = ORIENTED_EDGE('',*,*,#3819,.T.);
#3819 = EDGE_CURVE('',#3797,#3820,#3822,.T.);
#3820 = VERTEX_POINT('',#3821);
#3821 = CARTESIAN_POINT('',(0.,-4.25,-7.361215932168));
#3822 = SURFACE_CURVE('',#3823,(#3827,#3834),.PCURVE_S1.);
#3823 = LINE('',#3824,#3825);
#3824 = CARTESIAN_POINT('',(0.,-8.5,1.040949779275E-15));
#3825 = VECTOR('',#3826,1.);
#3826 = DIRECTION('',(0.,0.5,-0.866025403784));
#3827 = PCURVE('',#3627,#3828);
#3828 = DEFINITIONAL_REPRESENTATION('',(#3829),#3833);
#3829 = LINE('',#3830,#3831);
#3830 = CARTESIAN_POINT('',(1.389255041903E-15,8.5));
#3831 = VECTOR('',#3832,1.);
#3832 = DIRECTION('',(-0.866025403784,-0.5));
#3833 = ( GEOMETRIC_REPRESENTATION_CONTEXT(2) 
PARAMETRIC_REPRESENTATION_CONTEXT() REPRESENTATION_CONTEXT('2D SPACE',''
  ) );
#3834 = PCURVE('',#3835,#3840);
#3835 = PLANE('',#3836);
#3836 = AXIS2_PLACEMENT_3D('',#3837,#3838,#3839);
#3837 = CARTESIAN_POINT('',(0.,-8.5,1.040949779275E-15));
#3838 = DIRECTION('',(-0.,0.866025403784,0.5));
#3839 = DIRECTION('',(0.,0.5,-0.866025403784));
#3840 = DEFINITIONAL_REPRESENTATION('',(#3841),#3845);
#3841 = LINE('',#3842,#3843);
#3842 = CARTESIAN_POINT('',(0.,0.));
#3843 = VECTOR('',#3844,1.);
#3844 = DIRECTION('',(1.,0.));
#3845 = ( GEOMETRIC_REPRESENTATION_CONTEXT(2) 
PARAMETRIC_REPRESENTATION_CONTEXT() REPRESENTATION_CONTEXT('2D SPACE',''
  ) );
#3846 = ORIENTED_EDGE('',*,*,#3847,.T.);
#3847 = EDGE_CURVE('',#3820,#3643,#3848,.T.);
#3848 = SURFACE_CURVE('',#3849,(#3853,#3860),.PCURVE_S1.);
#3849 = LINE('',#3850,#3851);
#3850 = CARTESIAN_POINT('',(0.,-4.25,-7.361215932168));
#3851 = VECTOR('',#3852,1.);
#3852 = DIRECTION('',(0.,1.,-5.224578939413E-16));
#3853 = PCURVE('',#3627,#3854);
#3854 = DEFINITIONAL_REPRESENTATION('',(#3855),#3859);
#3855 = LINE('',#3856,#3857);
#3856 = CARTESIAN_POINT('',(-7.361215932168,4.25));
#3857 = VECTOR('',#3858,1.);
#3858 = DIRECTION('',(-5.224578939413E-16,-1.));
#3859 = ( GEOMETRIC_REPRESENTATION_CONTEXT(2) 
PARAMETRIC_REPRESENTATION_CONTEXT() REPRESENTATION_CONTEXT('2D SPACE',''
  ) );
#3860 = PCURVE('',#3660,#3861);
#3861 = DEFINITIONAL_REPRESENTATION('',(#3862),#3866);
#3862 = LINE('',#3863,#3864);
#3863 = CARTESIAN_POINT('',(0.,0.));
#3864 = VECTOR('',#3865,1.);
#3865 = DIRECTION('',(1.,0.));
#3866 = ( GEOMETRIC_REPRESENTATION_CONTEXT(2) 
PARAMETRIC_REPRESENTATION_CONTEXT() REPRESENTATION_CONTEXT('2D SPACE',''
  ) );
#3867 = ORIENTED_EDGE('',*,*,#3694,.T.);
#3868 = FACE_BOUND('',#3869,.F.);
#3869 = EDGE_LOOP('',(#3870));
#3870 = ORIENTED_EDGE('',*,*,#3871,.F.);
#3871 = EDGE_CURVE('',#3872,#3872,#3874,.T.);
#3872 = VERTEX_POINT('',#3873);
#3873 = CARTESIAN_POINT('',(0.,5.,0.));
#3874 = SURFACE_CURVE('',#3875,(#3880,#3887),.PCURVE_S1.);
#3875 = CIRCLE('',#3876,5.);
#3876 = AXIS2_PLACEMENT_3D('',#3877,#3878,#3879);
#3877 = CARTESIAN_POINT('',(0.,0.,0.));
#3878 = DIRECTION('',(1.,0.,0.));
#3879 = DIRECTION('',(0.,1.,0.));
#3880 = PCURVE('',#3627,#3881);
#3881 = DEFINITIONAL_REPRESENTATION('',(#3882),#3886);
#3882 = CIRCLE('',#3883,5.);
#3883 = AXIS2_PLACEMENT_2D('',#3884,#3885);
#3884 = CARTESIAN_POINT('',(3.483052626275E-16,-6.96610525255E-16));
#3885 = DIRECTION('',(0.,-1.));
#3886 = ( GEOMETRIC_REPRESENTATION_CONTEXT(2) 
PARAMETRIC_REPRESENTATION_CONTEXT() REPRESENTATION_CONTEXT('2D SPACE',''
  ) );
#3887 = PCURVE('',#3888,#3893);
#3888 = CYLINDRICAL_SURFACE('',#3889,5.);
#3889 = AXIS2_PLACEMENT_3D('',#3890,#3891,#3892);
#3890 = CARTESIAN_POINT('',(0.,0.,0.));
#3891 = DIRECTION('',(1.,0.,0.));
#3892 = DIRECTION('',(0.,1.,0.));
#3893 = DEFINITIONAL_REPRESENTATION('',(#3894),#3898);
#3894 = LINE('',#3895,#3896);
#3895 = CARTESIAN_POINT('',(0.,0.));
#3896 = VECTOR('',#3897,1.);
#3897 = DIRECTION('',(1.,0.));
#3898 = ( GEOMETRIC_REPRESENTATION_CONTEXT(2) 
PARAMETRIC_REPRESENTATION_CONTEXT() REPRESENTATION_CONTEXT('2D SPACE',''
  ) );
#3899 = ADVANCED_FACE('',(#3900),#3573,.T.);
#3900 = FACE_BOUND('',#3901,.T.);
#3901 = EDGE_LOOP('',(#3902,#3903,#3904,#3927,#3950,#3971));
#3902 = ORIENTED_EDGE('',*,*,#3557,.T.);
#3903 = ORIENTED_EDGE('',*,*,#3719,.T.);
#3904 = ORIENTED_EDGE('',*,*,#3905,.T.);
#3905 = EDGE_CURVE('',#3720,#3906,#3908,.T.);
#3906 = VERTEX_POINT('',#3907);
#3907 = CARTESIAN_POINT('',(7.,-8.5,1.040949779275E-15));
#3908 = SURFACE_CURVE('',#3909,(#3913,#3920),.PCURVE_S1.);
#3909 = LINE('',#3910,#3911);
#3910 = CARTESIAN_POINT('',(7.,-4.25,7.361215932168));
#3911 = VECTOR('',#3912,1.);
#3912 = DIRECTION('',(0.,-0.5,-0.866025403784));
#3913 = PCURVE('',#3573,#3914);
#3914 = DEFINITIONAL_REPRESENTATION('',(#3915),#3919);
#3915 = LINE('',#3916,#3917);
#3916 = CARTESIAN_POINT('',(7.361215932168,4.25));
#3917 = VECTOR('',#3918,1.);
#3918 = DIRECTION('',(-0.866025403784,0.5));
#3919 = ( GEOMETRIC_REPRESENTATION_CONTEXT(2) 
PARAMETRIC_REPRESENTATION_CONTEXT() REPRESENTATION_CONTEXT('2D SPACE',''
  ) );
#3920 = PCURVE('',#3758,#3921);
#3921 = DEFINITIONAL_REPRESENTATION('',(#3922),#3926);
#3922 = LINE('',#3923,#3924);
#3923 = CARTESIAN_POINT('',(0.,-7.));
#3924 = VECTOR('',#3925,1.);
#3925 = DIRECTION('',(1.,0.));
#3926 = ( GEOMETRIC_REPRESENTATION_CONTEXT(2) 
PARAMETRIC_REPRESENTATION_CONTEXT() REPRESENTATION_CONTEXT('2D SPACE',''
  ) );
#3927 = ORIENTED_EDGE('',*,*,#3928,.T.);
#3928 = EDGE_CURVE('',#3906,#3929,#3931,.T.);
#3929 = VERTEX_POINT('',#3930);
#3930 = CARTESIAN_POINT('',(7.,-4.25,-7.361215932168));
#3931 = SURFACE_CURVE('',#3932,(#3936,#3943),.PCURVE_S1.);
#3932 = LINE('',#3933,#3934);
#3933 = CARTESIAN_POINT('',(7.,-8.5,1.040949779275E-15));
#3934 = VECTOR('',#3935,1.);
#3935 = DIRECTION('',(0.,0.5,-0.866025403784));
#3936 = PCURVE('',#3573,#3937);
#3937 = DEFINITIONAL_REPRESENTATION('',(#3938),#3942);
#3938 = LINE('',#3939,#3940);
#3939 = CARTESIAN_POINT('',(1.389255041903E-15,8.5));
#3940 = VECTOR('',#3941,1.);
#3941 = DIRECTION('',(-0.866025403784,-0.5));
#3942 = ( GEOMETRIC_REPRESENTATION_CONTEXT(2) 
PARAMETRIC_REPRESENTATION_CONTEXT() REPRESENTATION_CONTEXT('2D SPACE',''
  ) );
#3943 = PCURVE('',#3835,#3944);
#3944 = DEFINITIONAL_REPRESENTATION('',(#3945),#3949);
#3945 = LINE('',#3946,#3947);
#3946 = CARTESIAN_POINT('',(0.,-7.));
#3947 = VECTOR('',#3948,1.);
#3948 = DIRECTION('',(1.,0.));
#3949 = ( GEOMETRIC_REPRESENTATION_CONTEXT(2) 
PARAMETRIC_REPRESENTATION_CONTEXT() REPRESENTATION_CONTEXT('2D SPACE',''
  ) );
#3950 = ORIENTED_EDGE('',*,*,#3951,.T.);
#3951 = EDGE_CURVE('',#3929,#3645,#3952,.T.);
#3952 = SURFACE_CURVE('',#3953,(#3957,#3964),.PCURVE_S1.);
#3953 = LINE('',#3954,#3955);
#3954 = CARTESIAN_POINT('',(7.,-4.25,-7.361215932168));
#3955 = VECTOR('',#3956,1.);
#3956 = DIRECTION('',(0.,1.,-5.224578939413E-16));
#3957 = PCURVE('',#3573,#3958);
#3958 = DEFINITIONAL_REPRESENTATION('',(#3959),#3963);
#3959 = LINE('',#3960,#3961);
#3960 = CARTESIAN_POINT('',(-7.361215932168,4.25));
#3961 = VECTOR('',#3962,1.);
#3962 = DIRECTION('',(-5.224578939413E-16,-1.));
#3963 = ( GEOMETRIC_REPRESENTATION_CONTEXT(2) 
PARAMETRIC_REPRESENTATION_CONTEXT() REPRESENTATION_CONTEXT('2D SPACE',''
  ) );
#3964 = PCURVE('',#3660,#3965);
#3965 = DEFINITIONAL_REPRESENTATION('',(#3966),#3970);
#3966 = LINE('',#3967,#3968);
#3967 = CARTESIAN_POINT('',(0.,-7.));
#3968 = VECTOR('',#3969,1.);
#3969 = DIRECTION('',(1.,0.));
#3970 = ( GEOMETRIC_REPRESENTATION_CONTEXT(2) 
PARAMETRIC_REPRESENTATION_CONTEXT() REPRESENTATION_CONTEXT('2D SPACE',''
  ) );
#3971 = ORIENTED_EDGE('',*,*,#3672,.T.);
#3972 = ADVANCED_FACE('',(#3973),#3660,.F.);
#3973 = FACE_BOUND('',#3974,.F.);
#3974 = EDGE_LOOP('',(#3975,#3996,#3997,#3998));
#3975 = ORIENTED_EDGE('',*,*,#3976,.T.);
#3976 = EDGE_CURVE('',#3820,#3929,#3977,.T.);
#3977 = SURFACE_CURVE('',#3978,(#3982,#3989),.PCURVE_S1.);
#3978 = LINE('',#3979,#3980);
#3979 = CARTESIAN_POINT('',(0.,-4.25,-7.361215932168));
#3980 = VECTOR('',#3981,1.);
#3981 = DIRECTION('',(1.,0.,0.));
#3982 = PCURVE('',#3660,#3983);
#3983 = DEFINITIONAL_REPRESENTATION('',(#3984),#3988);
#3984 = LINE('',#3985,#3986);
#3985 = CARTESIAN_POINT('',(0.,0.));
#3986 = VECTOR('',#3987,1.);
#3987 = DIRECTION('',(0.,-1.));
#3988 = ( GEOMETRIC_REPRESENTATION_CONTEXT(2) 
PARAMETRIC_REPRESENTATION_CONTEXT() REPRESENTATION_CONTEXT('2D SPACE',''
  ) );
#3989 = PCURVE('',#3835,#3990);
#3990 = DEFINITIONAL_REPRESENTATION('',(#3991),#3995);
#3991 = LINE('',#3992,#3993);
#3992 = CARTESIAN_POINT('',(8.5,0.));
#3993 = VECTOR('',#3994,1.);
#3994 = DIRECTION('',(0.,-1.));
#3995 = ( GEOMETRIC_REPRESENTATION_CONTEXT(2) 
PARAMETRIC_REPRESENTATION_CONTEXT() REPRESENTATION_CONTEXT('2D SPACE',''
  ) );
#3996 = ORIENTED_EDGE('',*,*,#3951,.T.);
#3997 = ORIENTED_EDGE('',*,*,#3642,.F.);
#3998 = ORIENTED_EDGE('',*,*,#3847,.F.);
#3999 = ADVANCED_FACE('',(#4000),#3758,.F.);
#4000 = FACE_BOUND('',#4001,.F.);
#4001 = EDGE_LOOP('',(#4002,#4003,#4004,#4025));
#4002 = ORIENTED_EDGE('',*,*,#3742,.T.);
#4003 = ORIENTED_EDGE('',*,*,#3905,.T.);
#4004 = ORIENTED_EDGE('',*,*,#4005,.F.);
#4005 = EDGE_CURVE('',#3797,#3906,#4006,.T.);
#4006 = SURFACE_CURVE('',#4007,(#4011,#4018),.PCURVE_S1.);
#4007 = LINE('',#4008,#4009);
#4008 = CARTESIAN_POINT('',(0.,-8.5,1.040949779275E-15));
#4009 = VECTOR('',#4010,1.);
#4010 = DIRECTION('',(1.,0.,0.));
#4011 = PCURVE('',#3758,#4012);
#4012 = DEFINITIONAL_REPRESENTATION('',(#4013),#4017);
#4013 = LINE('',#4014,#4015);
#4014 = CARTESIAN_POINT('',(8.5,0.));
#4015 = VECTOR('',#4016,1.);
#4016 = DIRECTION('',(0.,-1.));
#4017 = ( GEOMETRIC_REPRESENTATION_CONTEXT(2) 
PARAMETRIC_REPRESENTATION_CONTEXT() REPRESENTATION_CONTEXT('2D SPACE',''
  ) );
#4018 = PCURVE('',#3835,#4019);
#4019 = DEFINITIONAL_REPRESENTATION('',(#4020),#4024);
#4020 = LINE('',#4021,#4022);
#4021 = CARTESIAN_POINT('',(0.,0.));
#4022 = VECTOR('',#4023,1.);
#4023 = DIRECTION('',(0.,-1.));
#4024 = ( GEOMETRIC_REPRESENTATION_CONTEXT(2) 
PARAMETRIC_REPRESENTATION_CONTEXT() REPRESENTATION_CONTEXT('2D SPACE',''
  ) );
#4025 = ORIENTED_EDGE('',*,*,#3796,.F.);
#4026 = ADVANCED_FACE('',(#4027),#3835,.F.);
#4027 = FACE_BOUND('',#4028,.F.);
#4028 = EDGE_LOOP('',(#4029,#4030,#4031,#4032));
#4029 = ORIENTED_EDGE('',*,*,#4005,.T.);
#4030 = ORIENTED_EDGE('',*,*,#3928,.T.);
#4031 = ORIENTED_EDGE('',*,*,#3976,.F.);
#4032 = ORIENTED_EDGE('',*,*,#3819,.F.);
#4033 = ADVANCED_FACE('',(#4034),#3888,.T.);
#4034 = FACE_BOUND('',#4035,.T.);
#4035 = EDGE_LOOP('',(#4036,#4059,#4086,#4087));
#4036 = ORIENTED_EDGE('',*,*,#4037,.T.);
#4037 = EDGE_CURVE('',#3872,#4038,#4040,.T.);
#4038 = VERTEX_POINT('',#4039);
#4039 = CARTESIAN_POINT('',(-26.,5.,0.));
#4040 = SEAM_CURVE('',#4041,(#4045,#4052),.PCURVE_S1.);
#4041 = LINE('',#4042,#4043);
#4042 = CARTESIAN_POINT('',(0.,5.,0.));
#4043 = VECTOR('',#4044,1.);
#4044 = DIRECTION('',(-1.,-0.,-0.));
#4045 = PCURVE('',#3888,#4046);
#4046 = DEFINITIONAL_REPRESENTATION('',(#4047),#4051);
#4047 = LINE('',#4048,#4049);
#4048 = CARTESIAN_POINT('',(0.,0.));
#4049 = VECTOR('',#4050,1.);
#4050 = DIRECTION('',(0.,-1.));
#4051 = ( GEOMETRIC_REPRESENTATION_CONTEXT(2) 
PARAMETRIC_REPRESENTATION_CONTEXT() REPRESENTATION_CONTEXT('2D SPACE',''
  ) );
#4052 = PCURVE('',#3888,#4053);
#4053 = DEFINITIONAL_REPRESENTATION('',(#4054),#4058);
#4054 = LINE('',#4055,#4056);
#4055 = CARTESIAN_POINT('',(6.28318530718,0.));
#4056 = VECTOR('',#4057,1.);
#4057 = DIRECTION('',(0.,-1.));
#4058 = ( GEOMETRIC_REPRESENTATION_CONTEXT(2) 
PARAMETRIC_REPRESENTATION_CONTEXT() REPRESENTATION_CONTEXT('2D SPACE',''
  ) );
#4059 = ORIENTED_EDGE('',*,*,#4060,.T.);
#4060 = EDGE_CURVE('',#4038,#4038,#4061,.T.);
#4061 = SURFACE_CURVE('',#4062,(#4067,#4074),.PCURVE_S1.);
#4062 = CIRCLE('',#4063,5.);
#4063 = AXIS2_PLACEMENT_3D('',#4064,#4065,#4066);
#4064 = CARTESIAN_POINT('',(-26.,0.,0.));
#4065 = DIRECTION('',(1.,0.,0.));
#4066 = DIRECTION('',(0.,1.,0.));
#4067 = PCURVE('',#3888,#4068);
#4068 = DEFINITIONAL_REPRESENTATION('',(#4069),#4073);
#4069 = LINE('',#4070,#4071);
#4070 = CARTESIAN_POINT('',(0.,-26.));
#4071 = VECTOR('',#4072,1.);
#4072 = DIRECTION('',(1.,0.));
#4073 = ( GEOMETRIC_REPRESENTATION_CONTEXT(2) 
PARAMETRIC_REPRESENTATION_CONTEXT() REPRESENTATION_CONTEXT('2D SPACE',''
  ) );
#4074 = PCURVE('',#4075,#4080);
#4075 = PLANE('',#4076);
#4076 = AXIS2_PLACEMENT_3D('',#4077,#4078,#4079);
#4077 = CARTESIAN_POINT('',(-26.,-2.734880265079E-16,6.938022664999E-17)
  );
#4078 = DIRECTION('',(1.,0.,0.));
#4079 = DIRECTION('',(-0.,0.,1.));
#4080 = DEFINITIONAL_REPRESENTATION('',(#4081),#4085);
#4081 = CIRCLE('',#4082,5.);
#4082 = AXIS2_PLACEMENT_2D('',#4083,#4084);
#4083 = CARTESIAN_POINT('',(-6.938022664999E-17,-2.734880265079E-16));
#4084 = DIRECTION('',(0.,-1.));
#4085 = ( GEOMETRIC_REPRESENTATION_CONTEXT(2) 
PARAMETRIC_REPRESENTATION_CONTEXT() REPRESENTATION_CONTEXT('2D SPACE',''
  ) );
#4086 = ORIENTED_EDGE('',*,*,#4037,.F.);
#4087 = ORIENTED_EDGE('',*,*,#3871,.F.);
#4088 = ADVANCED_FACE('',(#4089),#4075,.F.);
#4089 = FACE_BOUND('',#4090,.F.);
#4090 = EDGE_LOOP('',(#4091));
#4091 = ORIENTED_EDGE('',*,*,#4060,.T.);
#4092 = ( GEOMETRIC_REPRESENTATION_CONTEXT(3) 
GLOBAL_UNCERTAINTY_ASSIGNED_CONTEXT((#4096)) 
GLOBAL_UNIT_ASSIGNED_CONTEXT((#4093,#4094,#4095)) REPRESENTATION_CONTEXT
('Context #1','3D Context with UNIT and UNCERTAINTY') );
#4093 = ( LENGTH_UNIT() NAMED_UNIT(*) SI_UNIT(.MILLI.,.METRE.) );
#4094 = ( NAMED_UNIT(*) PLANE_ANGLE_UNIT() SI_UNIT($,.RADIAN.) );
#4095 = ( NAMED_UNIT(*) SI_UNIT($,.STERADIAN.) SOLID_ANGLE_UNIT() );
#4096 = UNCERTAINTY_MEASURE_WITH_UNIT(LENGTH_MEASURE(1.E-07),#4093,
  'distance_accuracy_value','confusion accuracy');
#4097 = CONTEXT_DEPENDENT_SHAPE_REPRESENTATION(#4098,#4100);
#4098 = ( REPRESENTATION_RELATIONSHIP('','',#3515,#10) 
REPRESENTATION_RELATIONSHIP_WITH_TRANSFORMATION(#4099) 
SHAPE_REPRESENTATION_RELATIONSHIP() );
#4099 = ITEM_DEFINED_TRANSFORMATION('','',#11,#35);
#4100 = PRODUCT_DEFINITION_SHAPE('Placement','Placement of an item',
  #4101);
#4101 = NEXT_ASSEMBLY_USAGE_OCCURRENCE('6','SC-6500 Hex Bolt M10 1','',
  #5,#3510,$);
#4102 = PRODUCT_RELATED_PRODUCT_CATEGORY('part',$,(#3512));
#4103 = SHAPE_DEFINITION_REPRESENTATION(#4104,#4110);
#4104 = PRODUCT_DEFINITION_SHAPE('','',#4105);
#4105 = PRODUCT_DEFINITION('design','',#4106,#4109);
#4106 = PRODUCT_DEFINITION_FORMATION('','',#4107);
#4107 = PRODUCT('SC-6500 Hex Bolt M10 2','SC-6500 Hex Bolt M10 2','',(
    #4108));
#4108 = PRODUCT_CONTEXT('',#2,'mechanical');
#4109 = PRODUCT_DEFINITION_CONTEXT('part definition',#2,'design');
#4110 = ADVANCED_BREP_SHAPE_REPRESENTATION('',(#11,#4111),#4687);
#4111 = MANIFOLD_SOLID_BREP('',#4112);
#4112 = CLOSED_SHELL('',(#4113,#4233,#4309,#4385,#4494,#4567,#4594,#4621
    ,#4628,#4683));
#4113 = ADVANCED_FACE('',(#4114),#4128,.F.);
#4114 = FACE_BOUND('',#4115,.F.);
#4115 = EDGE_LOOP('',(#4116,#4151,#4179,#4207));
#4116 = ORIENTED_EDGE('',*,*,#4117,.T.);
#4117 = EDGE_CURVE('',#4118,#4120,#4122,.T.);
#4118 = VERTEX_POINT('',#4119);
#4119 = CARTESIAN_POINT('',(0.,8.5,0.));
#4120 = VERTEX_POINT('',#4121);
#4121 = CARTESIAN_POINT('',(7.,8.5,0.));
#4122 = SURFACE_CURVE('',#4123,(#4127,#4139),.PCURVE_S1.);
#4123 = LINE('',#4124,#4125);
#4124 = CARTESIAN_POINT('',(0.,8.5,0.));
#4125 = VECTOR('',#4126,1.);
#4126 = DIRECTION('',(1.,0.,0.));
#4127 = PCURVE('',#4128,#4133);
#4128 = PLANE('',#4129);
#4129 = AXIS2_PLACEMENT_3D('',#4130,#4131,#4132);
#4130 = CARTESIAN_POINT('',(0.,8.5,0.));
#4131 = DIRECTION('',(0.,-0.866025403784,-0.5));
#4132 = DIRECTION('',(0.,-0.5,0.866025403784));
#4133 = DEFINITIONAL_REPRESENTATION('',(#4134),#4138);
#4134 = LINE('',#4135,#4136);
#4135 = CARTESIAN_POINT('',(0.,0.));
#4136 = VECTOR('',#4137,1.);
#4137 = DIRECTION('',(0.,-1.));
#4138 = ( GEOMETRIC_REPRESENTATION_CONTEXT(2) 
PARAMETRIC_REPRESENTATION_CONTEXT() REPRESENTATION_CONTEXT('2D SPACE',''
  ) );
#4139 = PCURVE('',#4140,#4145);
#4140 = PLANE('',#4141);
#4141 = AXIS2_PLACEMENT_3D('',#4142,#4143,#4144);
#4142 = CARTESIAN_POINT('',(0.,4.25,-7.361215932168));
#4143 = DIRECTION('',(0.,-0.866025403784,0.5));
#4144 = DIRECTION('',(0.,0.5,0.866025403784));
#4145 = DEFINITIONAL_REPRESENTATION('',(#4146),#4150);
#4146 = LINE('',#4147,#4148);
#4147 = CARTESIAN_POINT('',(8.5,0.));
#4148 = VECTOR('',#4149,1.);
#4149 = DIRECTION('',(0.,-1.));
#4150 = ( GEOMETRIC_REPRESENTATION_CONTEXT(2) 
PARAMETRIC_REPRESENTATION_CONTEXT() REPRESENTATION_CONTEXT('2D SPACE',''
  ) );
#4151 = ORIENTED_EDGE('',*,*,#4152,.T.);
#4152 = EDGE_CURVE('',#4120,#4153,#4155,.T.);
#4153 = VERTEX_POINT('',#4154);
#4154 = CARTESIAN_POINT('',(7.,4.25,7.361215932168));
#4155 = SURFACE_CURVE('',#4156,(#4160,#4167),.PCURVE_S1.);
#4156 = LINE('',#4157,#4158);
#4157 = CARTESIAN_POINT('',(7.,8.5,0.));
#4158 = VECTOR('',#4159,1.);
#4159 = DIRECTION('',(0.,-0.5,0.866025403784));
#4160 = PCURVE('',#4128,#4161);
#4161 = DEFINITIONAL_REPRESENTATION('',(#4162),#4166);
#4162 = LINE('',#4163,#4164);
#4163 = CARTESIAN_POINT('',(0.,-7.));
#4164 = VECTOR('',#4165,1.);
#4165 = DIRECTION('',(1.,0.));
#4166 = ( GEOMETRIC_REPRESENTATION_CONTEXT(2) 
PARAMETRIC_REPRESENTATION_CONTEXT() REPRESENTATION_CONTEXT('2D SPACE',''
  ) );
#4167 = PCURVE('',#4168,#4173);
#4168 = PLANE('',#4169);
#4169 = AXIS2_PLACEMENT_3D('',#4170,#4171,#4172);
#4170 = CARTESIAN_POINT('',(7.,-6.96610525255E-16,-3.483052626275E-16));
#4171 = DIRECTION('',(1.,0.,0.));
#4172 = DIRECTION('',(-0.,0.,1.));
#4173 = DEFINITIONAL_REPRESENTATION('',(#4174),#4178);
#4174 = LINE('',#4175,#4176);
#4175 = CARTESIAN_POINT('',(3.483052626275E-16,-8.5));
#4176 = VECTOR('',#4177,1.);
#4177 = DIRECTION('',(0.866025403784,0.5));
#4178 = ( GEOMETRIC_REPRESENTATION_CONTEXT(2) 
PARAMETRIC_REPRESENTATION_CONTEXT() REPRESENTATION_CONTEXT('2D SPACE',''
  ) );
#4179 = ORIENTED_EDGE('',*,*,#4180,.F.);
#4180 = EDGE_CURVE('',#4181,#4153,#4183,.T.);
#4181 = VERTEX_POINT('',#4182);
#4182 = CARTESIAN_POINT('',(0.,4.25,7.361215932168));
#4183 = SURFACE_CURVE('',#4184,(#4188,#4195),.PCURVE_S1.);
#4184 = LINE('',#4185,#4186);
#4185 = CARTESIAN_POINT('',(0.,4.25,7.361215932168));
#4186 = VECTOR('',#4187,1.);
#4187 = DIRECTION('',(1.,0.,0.));
#4188 = PCURVE('',#4128,#4189);
#4189 = DEFINITIONAL_REPRESENTATION('',(#4190),#4194);
#4190 = LINE('',#4191,#4192);
#4191 = CARTESIAN_POINT('',(8.5,0.));
#4192 = VECTOR('',#4193,1.);
#4193 = DIRECTION('',(0.,-1.));
#4194 = ( GEOMETRIC_REPRESENTATION_CONTEXT(2) 
PARAMETRIC_REPRESENTATION_CONTEXT() REPRESENTATION_CONTEXT('2D SPACE',''
  ) );
#4195 = PCURVE('',#4196,#4201);
#4196 = PLANE('',#4197);
#4197 = AXIS2_PLACEMENT_3D('',#4198,#4199,#4200);
#4198 = CARTESIAN_POINT('',(0.,4.25,7.361215932168));
#4199 = DIRECTION('',(0.,-1.044915787883E-16,-1.));
#4200 = DIRECTION('',(0.,-1.,1.044915787883E-16));
#4201 = DEFINITIONAL_REPRESENTATION('',(#4202),#4206);
#4202 = LINE('',#4203,#4204);
#4203 = CARTESIAN_POINT('',(0.,0.));
#4204 = VECTOR('',#4205,1.);
#4205 = DIRECTION('',(0.,-1.));
#4206 = ( GEOMETRIC_REPRESENTATION_CONTEXT(2) 
PARAMETRIC_REPRESENTATION_CONTEXT() REPRESENTATION_CONTEXT('2D SPACE',''
  ) );
#4207 = ORIENTED_EDGE('',*,*,#4208,.F.);
#4208 = EDGE_CURVE('',#4118,#4181,#4209,.T.);
#4209 = SURFACE_CURVE('',#4210,(#4214,#4221),.PCURVE_S1.);
#4210 = LINE('',#4211,#4212);
#4211 = CARTESIAN_POINT('',(0.,8.5,0.));
#4212 = VECTOR('',#4213,1.);
#4213 = DIRECTION('',(0.,-0.5,0.866025403784));
#4214 = PCURVE('',#4128,#4215);
#4215 = DEFINITIONAL_REPRESENTATION('',(#4216),#4220);
#4216 = LINE('',#4217,#4218);
#4217 = CARTESIAN_POINT('',(0.,0.));
#4218 = VECTOR('',#4219,1.);
#4219 = DIRECTION('',(1.,0.));
#4220 = ( GEOMETRIC_REPRESENTATION_CONTEXT(2) 
PARAMETRIC_REPRESENTATION_CONTEXT() REPRESENTATION_CONTEXT('2D SPACE',''
  ) );
#4221 = PCURVE('',#4222,#4227);
#4222 = PLANE('',#4223);
#4223 = AXIS2_PLACEMENT_3D('',#4224,#4225,#4226);
#4224 = CARTESIAN_POINT('',(0.,-6.96610525255E-16,-3.483052626275E-16));
#4225 = DIRECTION('',(1.,0.,0.));
#4226 = DIRECTION('',(-0.,0.,1.));
#4227 = DEFINITIONAL_REPRESENTATION('',(#4228),#4232);
#4228 = LINE('',#4229,#4230);
#4229 = CARTESIAN_POINT('',(3.483052626275E-16,-8.5));
#4230 = VECTOR('',#4231,1.);
#4231 = DIRECTION('',(0.866025403784,0.5));
#4232 = ( GEOMETRIC_REPRESENTATION_CONTEXT(2) 
PARAMETRIC_REPRESENTATION_CONTEXT() REPRESENTATION_CONTEXT('2D SPACE',''
  ) );
#4233 = ADVANCED_FACE('',(#4234),#4140,.F.);
#4234 = FACE_BOUND('',#4235,.F.);
#4235 = EDGE_LOOP('',(#4236,#4266,#4287,#4288));
#4236 = ORIENTED_EDGE('',*,*,#4237,.T.);
#4237 = EDGE_CURVE('',#4238,#4240,#4242,.T.);
#4238 = VERTEX_POINT('',#4239);
#4239 = CARTESIAN_POINT('',(0.,4.25,-7.361215932168));
#4240 = VERTEX_POINT('',#4241);
#4241 = CARTESIAN_POINT('',(7.,4.25,-7.361215932168));
#4242 = SURFACE_CURVE('',#4243,(#4247,#4254),.PCURVE_S1.);
#4243 = LINE('',#4244,#4245);
#4244 = CARTESIAN_POINT('',(0.,4.25,-7.361215932168));
#4245 = VECTOR('',#4246,1.);
#4246 = DIRECTION('',(1.,0.,0.));
#4247 = PCURVE('',#4140,#4248);
#4248 = DEFINITIONAL_REPRESENTATION('',(#4249),#4253);
#4249 = LINE('',#4250,#4251);
#4250 = CARTESIAN_POINT('',(0.,0.));
#4251 = VECTOR('',#4252,1.);
#4252 = DIRECTION('',(0.,-1.));
#4253 = ( GEOMETRIC_REPRESENTATION_CONTEXT(2) 
PARAMETRIC_REPRESENTATION_CONTEXT() REPRESENTATION_CONTEXT('2D SPACE',''
  ) );
#4254 = PCURVE('',#4255,#4260);
#4255 = PLANE('',#4256);
#4256 = AXIS2_PLACEMENT_3D('',#4257,#4258,#4259);
#4257 = CARTESIAN_POINT('',(0.,-4.25,-7.361215932168));
#4258 = DIRECTION('',(-0.,5.224578939413E-16,1.));
#4259 = DIRECTION('',(0.,1.,-5.224578939413E-16));
#4260 = DEFINITIONAL_REPRESENTATION('',(#4261),#4265);
#4261 = LINE('',#4262,#4263);
#4262 = CARTESIAN_POINT('',(8.5,0.));
#4263 = VECTOR('',#4264,1.);
#4264 = DIRECTION('',(0.,-1.));
#4265 = ( GEOMETRIC_REPRESENTATION_CONTEXT(2) 
PARAMETRIC_REPRESENTATION_CONTEXT() REPRESENTATION_CONTEXT('2D SPACE',''
  ) );
#4266 = ORIENTED_EDGE('',*,*,#4267,.T.);
#4267 = EDGE_CURVE('',#4240,#4120,#4268,.T.);
#4268 = SURFACE_CURVE('',#4269,(#4273,#4280),.PCURVE_S1.);
#4269 = LINE('',#4270,#4271);
#4270 = CARTESIAN_POINT('',(7.,4.25,-7.361215932168));
#4271 = VECTOR('',#4272,1.);
#4272 = DIRECTION('',(0.,0.5,0.866025403784));
#4273 = PCURVE('',#4140,#4274);
#4274 = DEFINITIONAL_REPRESENTATION('',(#4275),#4279);
#4275 = LINE('',#4276,#4277);
#4276 = CARTESIAN_POINT('',(0.,-7.));
#4277 = VECTOR('',#4278,1.);
#4278 = DIRECTION('',(1.,0.));
#4279 = ( GEOMETRIC_REPRESENTATION_CONTEXT(2) 
PARAMETRIC_REPRESENTATION_CONTEXT() REPRESENTATION_CONTEXT('2D SPACE',''
  ) );
#4280 = PCURVE('',#4168,#4281);
#4281 = DEFINITIONAL_REPRESENTATION('',(#4282),#4286);
#4282 = LINE('',#4283,#4284);
#4283 = CARTESIAN_POINT('',(-7.361215932168,-4.25));
#4284 = VECTOR('',#4285,1.);
#4285 = DIRECTION('',(0.866025403784,-0.5));
#4286 = ( GEOMETRIC_REPRESENTATION_CONTEXT(2) 
PARAMETRIC_REPRESENTATION_CONTEXT() REPRESENTATION_CONTEXT('2D SPACE',''
  ) );
#4287 = ORIENTED_EDGE('',*,*,#4117,.F.);
#4288 = ORIENTED_EDGE('',*,*,#4289,.F.);
#4289 = EDGE_CURVE('',#4238,#4118,#4290,.T.);
#4290 = SURFACE_CURVE('',#4291,(#4295,#4302),.PCURVE_S1.);
#4291 = LINE('',#4292,#4293);
#4292 = CARTESIAN_POINT('',(0.,4.25,-7.361215932168));
#4293 = VECTOR('',#4294,1.);
#4294 = DIRECTION('',(0.,0.5,0.866025403784));
#4295 = PCURVE('',#4140,#4296);
#4296 = DEFINITIONAL_REPRESENTATION('',(#4297),#4301);
#4297 = LINE('',#4298,#4299);
#4298 = CARTESIAN_POINT('',(0.,0.));
#4299 = VECTOR('',#4300,1.);
#4300 = DIRECTION('',(1.,0.));
#4301 = ( GEOMETRIC_REPRESENTATION_CONTEXT(2) 
PARAMETRIC_REPRESENTATION_CONTEXT() REPRESENTATION_CONTEXT('2D SPACE',''
  ) );
#4302 = PCURVE('',#4222,#4303);
#4303 = DEFINITIONAL_REPRESENTATION('',(#4304),#4308);
#4304 = LINE('',#4305,#4306);
#4305 = CARTESIAN_POINT('',(-7.361215932168,-4.25));
#4306 = VECTOR('',#4307,1.);
#4307 = DIRECTION('',(0.866025403784,-0.5));
#4308 = ( GEOMETRIC_REPRESENTATION_CONTEXT(2) 
PARAMETRIC_REPRESENTATION_CONTEXT() REPRESENTATION_CONTEXT('2D SPACE',''
  ) );
#4309 = ADVANCED_FACE('',(#4310),#4196,.F.);
#4310 = FACE_BOUND('',#4311,.F.);
#4311 = EDGE_LOOP('',(#4312,#4313,#4336,#4364));
#4312 = ORIENTED_EDGE('',*,*,#4180,.T.);
#4313 = ORIENTED_EDGE('',*,*,#4314,.T.);
#4314 = EDGE_CURVE('',#4153,#4315,#4317,.T.);
#4315 = VERTEX_POINT('',#4316);
#4316 = CARTESIAN_POINT('',(7.,-4.25,7.361215932168));
#4317 = SURFACE_CURVE('',#4318,(#4322,#4329),.PCURVE_S1.);
#4318 = LINE('',#4319,#4320);
#4319 = CARTESIAN_POINT('',(7.,4.25,7.361215932168));
#4320 = VECTOR('',#4321,1.);
#4321 = DIRECTION('',(0.,-1.,1.044915787883E-16));
#4322 = PCURVE('',#4196,#4323);
#4323 = DEFINITIONAL_REPRESENTATION('',(#4324),#4328);
#4324 = LINE('',#4325,#4326);
#4325 = CARTESIAN_POINT('',(0.,-7.));
#4326 = VECTOR('',#4327,1.);
#4327 = DIRECTION('',(1.,0.));
#4328 = ( GEOMETRIC_REPRESENTATION_CONTEXT(2) 
PARAMETRIC_REPRESENTATION_CONTEXT() REPRESENTATION_CONTEXT('2D SPACE',''
  ) );
#4329 = PCURVE('',#4168,#4330);
#4330 = DEFINITIONAL_REPRESENTATION('',(#4331),#4335);
#4331 = LINE('',#4332,#4333);
#4332 = CARTESIAN_POINT('',(7.361215932168,-4.25));
#4333 = VECTOR('',#4334,1.);
#4334 = DIRECTION('',(1.044915787883E-16,1.));
#4335 = ( GEOMETRIC_REPRESENTATION_CONTEXT(2) 
PARAMETRIC_REPRESENTATION_CONTEXT() REPRESENTATION_CONTEXT('2D SPACE',''
  ) );
#4336 = ORIENTED_EDGE('',*,*,#4337,.F.);
#4337 = EDGE_CURVE('',#4338,#4315,#4340,.T.);
#4338 = VERTEX_POINT('',#4339);
#4339 = CARTESIAN_POINT('',(0.,-4.25,7.361215932168));
#4340 = SURFACE_CURVE('',#4341,(#4345,#4352),.PCURVE_S1.);
#4341 = LINE('',#4342,#4343);
#4342 = CARTESIAN_POINT('',(0.,-4.25,7.361215932168));
#4343 = VECTOR('',#4344,1.);
#4344 = DIRECTION('',(1.,0.,0.));
#4345 = PCURVE('',#4196,#4346);
#4346 = DEFINITIONAL_REPRESENTATION('',(#4347),#4351);
#4347 = LINE('',#4348,#4349);
#4348 = CARTESIAN_POINT('',(8.5,0.));
#4349 = VECTOR('',#4350,1.);
#4350 = DIRECTION('',(0.,-1.));
#4351 = ( GEOMETRIC_REPRESENTATION_CONTEXT(2) 
PARAMETRIC_REPRESENTATION_CONTEXT() REPRESENTATION_CONTEXT('2D SPACE',''
  ) );
#4352 = PCURVE('',#4353,#4358);
#4353 = PLANE('',#4354);
#4354 = AXIS2_PLACEMENT_3D('',#4355,#4356,#4357);
#4355 = CARTESIAN_POINT('',(0.,-4.25,7.361215932168));
#4356 = DIRECTION('',(0.,0.866025403784,-0.5));
#4357 = DIRECTION('',(0.,-0.5,-0.866025403784));
#4358 = DEFINITIONAL_REPRESENTATION('',(#4359),#4363);
#4359 = LINE('',#4360,#4361);
#4360 = CARTESIAN_POINT('',(0.,0.));
#4361 = VECTOR('',#4362,1.);
#4362 = DIRECTION('',(0.,-1.));
#4363 = ( GEOMETRIC_REPRESENTATION_CONTEXT(2) 
PARAMETRIC_REPRESENTATION_CONTEXT() REPRESENTATION_CONTEXT('2D SPACE',''
  ) );
#4364 = ORIENTED_EDGE('',*,*,#4365,.F.);
#4365 = EDGE_CURVE('',#4181,#4338,#4366,.T.);
#4366 = SURFACE_CURVE('',#4367,(#4371,#4378),.PCURVE_S1.);
#4367 = LINE('',#4368,#4369);
#4368 = CARTESIAN_POINT('',(0.,4.25,7.361215932168));
#4369 = VECTOR('',#4370,1.);
#4370 = DIRECTION('',(0.,-1.,1.044915787883E-16));
#4371 = PCURVE('',#4196,#4372);
#4372 = DEFINITIONAL_REPRESENTATION('',(#4373),#4377);
#4373 = LINE('',#4374,#4375);
#4374 = CARTESIAN_POINT('',(0.,0.));
#4375 = VECTOR('',#4376,1.);
#4376 = DIRECTION('',(1.,0.));
#4377 = ( GEOMETRIC_REPRESENTATION_CONTEXT(2) 
PARAMETRIC_REPRESENTATION_CONTEXT() REPRESENTATION_CONTEXT('2D SPACE',''
  ) );
#4378 = PCURVE('',#4222,#4379);
#4379 = DEFINITIONAL_REPRESENTATION('',(#4380),#4384);
#4380 = LINE('',#4381,#4382);
#4381 = CARTESIAN_POINT('',(7.361215932168,-4.25));
#4382 = VECTOR('',#4383,1.);
#4383 = DIRECTION('',(1.044915787883E-16,1.));
#4384 = ( GEOMETRIC_REPRESENTATION_CONTEXT(2) 
PARAMETRIC_REPRESENTATION_CONTEXT() REPRESENTATION_CONTEXT('2D SPACE',''
  ) );
#4385 = ADVANCED_FACE('',(#4386,#4463),#4222,.F.);
#4386 = FACE_BOUND('',#4387,.F.);
#4387 = EDGE_LOOP('',(#4388,#4389,#4390,#4413,#4441,#4462));
#4388 = ORIENTED_EDGE('',*,*,#4208,.T.);
#4389 = ORIENTED_EDGE('',*,*,#4365,.T.);
#4390 = ORIENTED_EDGE('',*,*,#4391,.T.);
#4391 = EDGE_CURVE('',#4338,#4392,#4394,.T.);
#4392 = VERTEX_POINT('',#4393);
#4393 = CARTESIAN_POINT('',(0.,-8.5,1.040949779275E-15));
#4394 = SURFACE_CURVE('',#4395,(#4399,#4406),.PCURVE_S1.);
#4395 = LINE('',#4396,#4397);
#4396 = CARTESIAN_POINT('',(0.,-4.25,7.361215932168));
#4397 = VECTOR('',#4398,1.);
#4398 = DIRECTION('',(0.,-0.5,-0.866025403784));
#4399 = PCURVE('',#4222,#4400);
#4400 = DEFINITIONAL_REPRESENTATION('',(#4401),#4405);
#4401 = LINE('',#4402,#4403);
#4402 = CARTESIAN_POINT('',(7.361215932168,4.25));
#4403 = VECTOR('',#4404,1.);
#4404 = DIRECTION('',(-0.866025403784,0.5));
#4405 = ( GEOMETRIC_REPRESENTATION_CONTEXT(2) 
PARAMETRIC_REPRESENTATION_CONTEXT() REPRESENTATION_CONTEXT('2D SPACE',''
  ) );
#4406 = PCURVE('',#4353,#4407);
#4407 = DEFINITIONAL_REPRESENTATION('',(#4408),#4412);
#4408 = LINE('',#4409,#4410);
#4409 = CARTESIAN_POINT('',(0.,0.));
#4410 = VECTOR('',#4411,1.);
#4411 = DIRECTION('',(1.,0.));
#4412 = ( GEOMETRIC_REPRESENTATION_CONTEXT(2) 
PARAMETRIC_REPRESENTATION_CONTEXT() REPRESENTATION_CONTEXT('2D SPACE',''
  ) );
#4413 = ORIENTED_EDGE('',*,*,#4414,.T.);
#4414 = EDGE_CURVE('',#4392,#4415,#4417,.T.);
#4415 = VERTEX_POINT('',#4416);
#4416 = CARTESIAN_POINT('',(0.,-4.25,-7.361215932168));
#4417 = SURFACE_CURVE('',#4418,(#4422,#4429),.PCURVE_S1.);
#4418 = LINE('',#4419,#4420);
#4419 = CARTESIAN_POINT('',(0.,-8.5,1.040949779275E-15));
#4420 = VECTOR('',#4421,1.);
#4421 = DIRECTION('',(0.,0.5,-0.866025403784));
#4422 = PCURVE('',#4222,#4423);
#4423 = DEFINITIONAL_REPRESENTATION('',(#4424),#4428);
#4424 = LINE('',#4425,#4426);
#4425 = CARTESIAN_POINT('',(1.389255041903E-15,8.5));
#4426 = VECTOR('',#4427,1.);
#4427 = DIRECTION('',(-0.866025403784,-0.5));
#4428 = ( GEOMETRIC_REPRESENTATION_CONTEXT(2) 
PARAMETRIC_REPRESENTATION_CONTEXT() REPRESENTATION_CONTEXT('2D SPACE',''
  ) );
#4429 = PCURVE('',#4430,#4435);
#4430 = PLANE('',#4431);
#4431 = AXIS2_PLACEMENT_3D('',#4432,#4433,#4434);
#4432 = CARTESIAN_POINT('',(0.,-8.5,1.040949779275E-15));
#4433 = DIRECTION('',(-0.,0.866025403784,0.5));
#4434 = DIRECTION('',(0.,0.5,-0.866025403784));
#4435 = DEFINITIONAL_REPRESENTATION('',(#4436),#4440);
#4436 = LINE('',#4437,#4438);
#4437 = CARTESIAN_POINT('',(0.,0.));
#4438 = VECTOR('',#4439,1.);
#4439 = DIRECTION('',(1.,0.));
#4440 = ( GEOMETRIC_REPRESENTATION_CONTEXT(2) 
PARAMETRIC_REPRESENTATION_CONTEXT() REPRESENTATION_CONTEXT('2D SPACE',''
  ) );
#4441 = ORIENTED_EDGE('',*,*,#4442,.T.);
#4442 = EDGE_CURVE('',#4415,#4238,#4443,.T.);
#4443 = SURFACE_CURVE('',#4444,(#4448,#4455),.PCURVE_S1.);
#4444 = LINE('',#4445,#4446);
#4445 = CARTESIAN_POINT('',(0.,-4.25,-7.361215932168));
#4446 = VECTOR('',#4447,1.);
#4447 = DIRECTION('',(0.,1.,-5.224578939413E-16));
#4448 = PCURVE('',#4222,#4449);
#4449 = DEFINITIONAL_REPRESENTATION('',(#4450),#4454);
#4450 = LINE('',#4451,#4452);
#4451 = CARTESIAN_POINT('',(-7.361215932168,4.25));
#4452 = VECTOR('',#4453,1.);
#4453 = DIRECTION('',(-5.224578939413E-16,-1.));
#4454 = ( GEOMETRIC_REPRESENTATION_CONTEXT(2) 
PARAMETRIC_REPRESENTATION_CONTEXT() REPRESENTATION_CONTEXT('2D SPACE',''
  ) );
#4455 = PCURVE('',#4255,#4456);
#4456 = DEFINITIONAL_REPRESENTATION('',(#4457),#4461);
#4457 = LINE('',#4458,#4459);
#4458 = CARTESIAN_POINT('',(0.,0.));
#4459 = VECTOR('',#4460,1.);
#4460 = DIRECTION('',(1.,0.));
#4461 = ( GEOMETRIC_REPRESENTATION_CONTEXT(2) 
PARAMETRIC_REPRESENTATION_CONTEXT() REPRESENTATION_CONTEXT('2D SPACE',''
  ) );
#4462 = ORIENTED_EDGE('',*,*,#4289,.T.);
#4463 = FACE_BOUND('',#4464,.F.);
#4464 = EDGE_LOOP('',(#4465));
#4465 = ORIENTED_EDGE('',*,*,#4466,.F.);
#4466 = EDGE_CURVE('',#4467,#4467,#4469,.T.);
#4467 = VERTEX_POINT('',#4468);
#4468 = CARTESIAN_POINT('',(0.,5.,0.));
#4469 = SURFACE_CURVE('',#4470,(#4475,#4482),.PCURVE_S1.);
#4470 = CIRCLE('',#4471,5.);
#4471 = AXIS2_PLACEMENT_3D('',#4472,#4473,#4474);
#4472 = CARTESIAN_POINT('',(0.,0.,0.));
#4473 = DIRECTION('',(1.,0.,0.));
#4474 = DIRECTION('',(0.,1.,0.));
#4475 = PCURVE('',#4222,#4476);
#4476 = DEFINITIONAL_REPRESENTATION('',(#4477),#4481);
#4477 = CIRCLE('',#4478,5.);
#4478 = AXIS2_PLACEMENT_2D('',#4479,#4480);
#4479 = CARTESIAN_POINT('',(3.483052626275E-16,-6.96610525255E-16));
#4480 = DIRECTION('',(0.,-1.));
#4481 = ( GEOMETRIC_REPRESENTATION_CONTEXT(2) 
PARAMETRIC_REPRESENTATION_CONTEXT() REPRESENTATION_CONTEXT('2D SPACE',''
  ) );
#4482 = PCURVE('',#4483,#4488);
#4483 = CYLINDRICAL_SURFACE('',#4484,5.);
#4484 = AXIS2_PLACEMENT_3D('',#4485,#4486,#4487);
#4485 = CARTESIAN_POINT('',(0.,0.,0.));
#4486 = DIRECTION('',(1.,0.,0.));
#4487 = DIRECTION('',(0.,1.,0.));
#4488 = DEFINITIONAL_REPRESENTATION('',(#4489),#4493);
#4489 = LINE('',#4490,#4491);
#4490 = CARTESIAN_POINT('',(0.,0.));
#4491 = VECTOR('',#4492,1.);
#4492 = DIRECTION('',(1.,0.));
#4493 = ( GEOMETRIC_REPRESENTATION_CONTEXT(2) 
PARAMETRIC_REPRESENTATION_CONTEXT() REPRESENTATION_CONTEXT('2D SPACE',''
  ) );
#4494 = ADVANCED_FACE('',(#4495),#4168,.T.);
#4495 = FACE_BOUND('',#4496,.T.);
#4496 = EDGE_LOOP('',(#4497,#4498,#4499,#4522,#4545,#4566));
#4497 = ORIENTED_EDGE('',*,*,#4152,.T.);
#4498 = ORIENTED_EDGE('',*,*,#4314,.T.);
#4499 = ORIENTED_EDGE('',*,*,#4500,.T.);
#4500 = EDGE_CURVE('',#4315,#4501,#4503,.T.);
#4501 = VERTEX_POINT('',#4502);
#4502 = CARTESIAN_POINT('',(7.,-8.5,1.040949779275E-15));
#4503 = SURFACE_CURVE('',#4504,(#4508,#4515),.PCURVE_S1.);
#4504 = LINE('',#4505,#4506);
#4505 = CARTESIAN_POINT('',(7.,-4.25,7.361215932168));
#4506 = VECTOR('',#4507,1.);
#4507 = DIRECTION('',(0.,-0.5,-0.866025403784));
#4508 = PCURVE('',#4168,#4509);
#4509 = DEFINITIONAL_REPRESENTATION('',(#4510),#4514);
#4510 = LINE('',#4511,#4512);
#4511 = CARTESIAN_POINT('',(7.361215932168,4.25));
#4512 = VECTOR('',#4513,1.);
#4513 = DIRECTION('',(-0.866025403784,0.5));
#4514 = ( GEOMETRIC_REPRESENTATION_CONTEXT(2) 
PARAMETRIC_REPRESENTATION_CONTEXT() REPRESENTATION_CONTEXT('2D SPACE',''
  ) );
#4515 = PCURVE('',#4353,#4516);
#4516 = DEFINITIONAL_REPRESENTATION('',(#4517),#4521);
#4517 = LINE('',#4518,#4519);
#4518 = CARTESIAN_POINT('',(0.,-7.));
#4519 = VECTOR('',#4520,1.);
#4520 = DIRECTION('',(1.,0.));
#4521 = ( GEOMETRIC_REPRESENTATION_CONTEXT(2) 
PARAMETRIC_REPRESENTATION_CONTEXT() REPRESENTATION_CONTEXT('2D SPACE',''
  ) );
#4522 = ORIENTED_EDGE('',*,*,#4523,.T.);
#4523 = EDGE_CURVE('',#4501,#4524,#4526,.T.);
#4524 = VERTEX_POINT('',#4525);
#4525 = CARTESIAN_POINT('',(7.,-4.25,-7.361215932168));
#4526 = SURFACE_CURVE('',#4527,(#4531,#4538),.PCURVE_S1.);
#4527 = LINE('',#4528,#4529);
#4528 = CARTESIAN_POINT('',(7.,-8.5,1.040949779275E-15));
#4529 = VECTOR('',#4530,1.);
#4530 = DIRECTION('',(0.,0.5,-0.866025403784));
#4531 = PCURVE('',#4168,#4532);
#4532 = DEFINITIONAL_REPRESENTATION('',(#4533),#4537);
#4533 = LINE('',#4534,#4535);
#4534 = CARTESIAN_POINT('',(1.389255041903E-15,8.5));
#4535 = VECTOR('',#4536,1.);
#4536 = DIRECTION('',(-0.866025403784,-0.5));
#4537 = ( GEOMETRIC_REPRESENTATION_CONTEXT(2) 
PARAMETRIC_REPRESENTATION_CONTEXT() REPRESENTATION_CONTEXT('2D SPACE',''
  ) );
#4538 = PCURVE('',#4430,#4539);
#4539 = DEFINITIONAL_REPRESENTATION('',(#4540),#4544);
#4540 = LINE('',#4541,#4542);
#4541 = CARTESIAN_POINT('',(0.,-7.));
#4542 = VECTOR('',#4543,1.);
#4543 = DIRECTION('',(1.,0.));
#4544 = ( GEOMETRIC_REPRESENTATION_CONTEXT(2) 
PARAMETRIC_REPRESENTATION_CONTEXT() REPRESENTATION_CONTEXT('2D SPACE',''
  ) );
#4545 = ORIENTED_EDGE('',*,*,#4546,.T.);
#4546 = EDGE_CURVE('',#4524,#4240,#4547,.T.);
#4547 = SURFACE_CURVE('',#4548,(#4552,#4559),.PCURVE_S1.);
#4548 = LINE('',#4549,#4550);
#4549 = CARTESIAN_POINT('',(7.,-4.25,-7.361215932168));
#4550 = VECTOR('',#4551,1.);
#4551 = DIRECTION('',(0.,1.,-5.224578939413E-16));
#4552 = PCURVE('',#4168,#4553);
#4553 = DEFINITIONAL_REPRESENTATION('',(#4554),#4558);
#4554 = LINE('',#4555,#4556);
#4555 = CARTESIAN_POINT('',(-7.361215932168,4.25));
#4556 = VECTOR('',#4557,1.);
#4557 = DIRECTION('',(-5.224578939413E-16,-1.));
#4558 = ( GEOMETRIC_REPRESENTATION_CONTEXT(2) 
PARAMETRIC_REPRESENTATION_CONTEXT() REPRESENTATION_CONTEXT('2D SPACE',''
  ) );
#4559 = PCURVE('',#4255,#4560);
#4560 = DEFINITIONAL_REPRESENTATION('',(#4561),#4565);
#4561 = LINE('',#4562,#4563);
#4562 = CARTESIAN_POINT('',(0.,-7.));
#4563 = VECTOR('',#4564,1.);
#4564 = DIRECTION('',(1.,0.));
#4565 = ( GEOMETRIC_REPRESENTATION_CONTEXT(2) 
PARAMETRIC_REPRESENTATION_CONTEXT() REPRESENTATION_CONTEXT('2D SPACE',''
  ) );
#4566 = ORIENTED_EDGE('',*,*,#4267,.T.);
#4567 = ADVANCED_FACE('',(#4568),#4255,.F.);
#4568 = FACE_BOUND('',#4569,.F.);
#4569 = EDGE_LOOP('',(#4570,#4591,#4592,#4593));
#4570 = ORIENTED_EDGE('',*,*,#4571,.T.);
#4571 = EDGE_CURVE('',#4415,#4524,#4572,.T.);
#4572 = SURFACE_CURVE('',#4573,(#4577,#4584),.PCURVE_S1.);
#4573 = LINE('',#4574,#4575);
#4574 = CARTESIAN_POINT('',(0.,-4.25,-7.361215932168));
#4575 = VECTOR('',#4576,1.);
#4576 = DIRECTION('',(1.,0.,0.));
#4577 = PCURVE('',#4255,#4578);
#4578 = DEFINITIONAL_REPRESENTATION('',(#4579),#4583);
#4579 = LINE('',#4580,#4581);
#4580 = CARTESIAN_POINT('',(0.,0.));
#4581 = VECTOR('',#4582,1.);
#4582 = DIRECTION('',(0.,-1.));
#4583 = ( GEOMETRIC_REPRESENTATION_CONTEXT(2) 
PARAMETRIC_REPRESENTATION_CONTEXT() REPRESENTATION_CONTEXT('2D SPACE',''
  ) );
#4584 = PCURVE('',#4430,#4585);
#4585 = DEFINITIONAL_REPRESENTATION('',(#4586),#4590);
#4586 = LINE('',#4587,#4588);
#4587 = CARTESIAN_POINT('',(8.5,0.));
#4588 = VECTOR('',#4589,1.);
#4589 = DIRECTION('',(0.,-1.));
#4590 = ( GEOMETRIC_REPRESENTATION_CONTEXT(2) 
PARAMETRIC_REPRESENTATION_CONTEXT() REPRESENTATION_CONTEXT('2D SPACE',''
  ) );
#4591 = ORIENTED_EDGE('',*,*,#4546,.T.);
#4592 = ORIENTED_EDGE('',*,*,#4237,.F.);
#4593 = ORIENTED_EDGE('',*,*,#4442,.F.);
#4594 = ADVANCED_FACE('',(#4595),#4353,.F.);
#4595 = FACE_BOUND('',#4596,.F.);
#4596 = EDGE_LOOP('',(#4597,#4598,#4599,#4620));
#4597 = ORIENTED_EDGE('',*,*,#4337,.T.);
#4598 = ORIENTED_EDGE('',*,*,#4500,.T.);
#4599 = ORIENTED_EDGE('',*,*,#4600,.F.);
#4600 = EDGE_CURVE('',#4392,#4501,#4601,.T.);
#4601 = SURFACE_CURVE('',#4602,(#4606,#4613),.PCURVE_S1.);
#4602 = LINE('',#4603,#4604);
#4603 = CARTESIAN_POINT('',(0.,-8.5,1.040949779275E-15));
#4604 = VECTOR('',#4605,1.);
#4605 = DIRECTION('',(1.,0.,0.));
#4606 = PCURVE('',#4353,#4607);
#4607 = DEFINITIONAL_REPRESENTATION('',(#4608),#4612);
#4608 = LINE('',#4609,#4610);
#4609 = CARTESIAN_POINT('',(8.5,0.));
#4610 = VECTOR('',#4611,1.);
#4611 = DIRECTION('',(0.,-1.));
#4612 = ( GEOMETRIC_REPRESENTATION_CONTEXT(2) 
PARAMETRIC_REPRESENTATION_CONTEXT() REPRESENTATION_CONTEXT('2D SPACE',''
  ) );
#4613 = PCURVE('',#4430,#4614);
#4614 = DEFINITIONAL_REPRESENTATION('',(#4615),#4619);
#4615 = LINE('',#4616,#4617);
#4616 = CARTESIAN_POINT('',(0.,0.));
#4617 = VECTOR('',#4618,1.);
#4618 = DIRECTION('',(0.,-1.));
#4619 = ( GEOMETRIC_REPRESENTATION_CONTEXT(2) 
PARAMETRIC_REPRESENTATION_CONTEXT() REPRESENTATION_CONTEXT('2D SPACE',''
  ) );
#4620 = ORIENTED_EDGE('',*,*,#4391,.F.);
#4621 = ADVANCED_FACE('',(#4622),#4430,.F.);
#4622 = FACE_BOUND('',#4623,.F.);
#4623 = EDGE_LOOP('',(#4624,#4625,#4626,#4627));
#4624 = ORIENTED_EDGE('',*,*,#4600,.T.);
#4625 = ORIENTED_EDGE('',*,*,#4523,.T.);
#4626 = ORIENTED_EDGE('',*,*,#4571,.F.);
#4627 = ORIENTED_EDGE('',*,*,#4414,.F.);
#4628 = ADVANCED_FACE('',(#4629),#4483,.T.);
#4629 = FACE_BOUND('',#4630,.T.);
#4630 = EDGE_LOOP('',(#4631,#4654,#4681,#4682));
#4631 = ORIENTED_EDGE('',*,*,#4632,.T.);
#4632 = EDGE_CURVE('',#4467,#4633,#4635,.T.);
#4633 = VERTEX_POINT('',#4634);
#4634 = CARTESIAN_POINT('',(-26.,5.,0.));
#4635 = SEAM_CURVE('',#4636,(#4640,#4647),.PCURVE_S1.);
#4636 = LINE('',#4637,#4638);
#4637 = CARTESIAN_POINT('',(0.,5.,0.));
#4638 = VECTOR('',#4639,1.);
#4639 = DIRECTION('',(-1.,-0.,-0.));
#4640 = PCURVE('',#4483,#4641);
#4641 = DEFINITIONAL_REPRESENTATION('',(#4642),#4646);
#4642 = LINE('',#4643,#4644);
#4643 = CARTESIAN_POINT('',(0.,0.));
#4644 = VECTOR('',#4645,1.);
#4645 = DIRECTION('',(0.,-1.));
#4646 = ( GEOMETRIC_REPRESENTATION_CONTEXT(2) 
PARAMETRIC_REPRESENTATION_CONTEXT() REPRESENTATION_CONTEXT('2D SPACE',''
  ) );
#4647 = PCURVE('',#4483,#4648);
#4648 = DEFINITIONAL_REPRESENTATION('',(#4649),#4653);
#4649 = LINE('',#4650,#4651);
#4650 = CARTESIAN_POINT('',(6.28318530718,0.));
#4651 = VECTOR('',#4652,1.);
#4652 = DIRECTION('',(0.,-1.));
#4653 = ( GEOMETRIC_REPRESENTATION_CONTEXT(2) 
PARAMETRIC_REPRESENTATION_CONTEXT() REPRESENTATION_CONTEXT('2D SPACE',''
  ) );
#4654 = ORIENTED_EDGE('',*,*,#4655,.T.);
#4655 = EDGE_CURVE('',#4633,#4633,#4656,.T.);
#4656 = SURFACE_CURVE('',#4657,(#4662,#4669),.PCURVE_S1.);
#4657 = CIRCLE('',#4658,5.);
#4658 = AXIS2_PLACEMENT_3D('',#4659,#4660,#4661);
#4659 = CARTESIAN_POINT('',(-26.,0.,0.));
#4660 = DIRECTION('',(1.,0.,0.));
#4661 = DIRECTION('',(0.,1.,0.));
#4662 = PCURVE('',#4483,#4663);
#4663 = DEFINITIONAL_REPRESENTATION('',(#4664),#4668);
#4664 = LINE('',#4665,#4666);
#4665 = CARTESIAN_POINT('',(0.,-26.));
#4666 = VECTOR('',#4667,1.);
#4667 = DIRECTION('',(1.,0.));
#4668 = ( GEOMETRIC_REPRESENTATION_CONTEXT(2) 
PARAMETRIC_REPRESENTATION_CONTEXT() REPRESENTATION_CONTEXT('2D SPACE',''
  ) );
#4669 = PCURVE('',#4670,#4675);
#4670 = PLANE('',#4671);
#4671 = AXIS2_PLACEMENT_3D('',#4672,#4673,#4674);
#4672 = CARTESIAN_POINT('',(-26.,-2.734880265079E-16,6.938022664999E-17)
  );
#4673 = DIRECTION('',(1.,0.,0.));
#4674 = DIRECTION('',(-0.,0.,1.));
#4675 = DEFINITIONAL_REPRESENTATION('',(#4676),#4680);
#4676 = CIRCLE('',#4677,5.);
#4677 = AXIS2_PLACEMENT_2D('',#4678,#4679);
#4678 = CARTESIAN_POINT('',(-6.938022664999E-17,-2.734880265079E-16));
#4679 = DIRECTION('',(0.,-1.));
#4680 = ( GEOMETRIC_REPRESENTATION_CONTEXT(2) 
PARAMETRIC_REPRESENTATION_CONTEXT() REPRESENTATION_CONTEXT('2D SPACE',''
  ) );
#4681 = ORIENTED_EDGE('',*,*,#4632,.F.);
#4682 = ORIENTED_EDGE('',*,*,#4466,.F.);
#4683 = ADVANCED_FACE('',(#4684),#4670,.F.);
#4684 = FACE_BOUND('',#4685,.F.);
#4685 = EDGE_LOOP('',(#4686));
#4686 = ORIENTED_EDGE('',*,*,#4655,.T.);
#4687 = ( GEOMETRIC_REPRESENTATION_CONTEXT(3) 
GLOBAL_UNCERTAINTY_ASSIGNED_CONTEXT((#4691)) 
GLOBAL_UNIT_ASSIGNED_CONTEXT((#4688,#4689,#4690)) REPRESENTATION_CONTEXT
('Context #1','3D Context with UNIT and UNCERTAINTY') );
#4688 = ( LENGTH_UNIT() NAMED_UNIT(*) SI_UNIT(.MILLI.,.METRE.) );
#4689 = ( NAMED_UNIT(*) PLANE_ANGLE_UNIT() SI_UNIT($,.RADIAN.) );
#4690 = ( NAMED_UNIT(*) SI_UNIT($,.STERADIAN.) SOLID_ANGLE_UNIT() );
#4691 = UNCERTAINTY_MEASURE_WITH_UNIT(LENGTH_MEASURE(1.E-07),#4688,
  'distance_accuracy_value','confusion accuracy');
#4692 = CONTEXT_DEPENDENT_SHAPE_REPRESENTATION(#4693,#4695);
#4693 = ( REPRESENTATION_RELATIONSHIP('','',#4110,#10) 
REPRESENTATION_RELATIONSHIP_WITH_TRANSFORMATION(#4694) 
SHAPE_REPRESENTATION_RELATIONSHIP() );
#4694 = ITEM_DEFINED_TRANSFORMATION('','',#11,#39);
#4695 = PRODUCT_DEFINITION_SHAPE('Placement','Placement of an item',
  #4696);
#4696 = NEXT_ASSEMBLY_USAGE_OCCURRENCE('7','SC-6500 Hex Bolt M10 2','',
  #5,#4105,$);
#4697 = PRODUCT_RELATED_PRODUCT_CATEGORY('part',$,(#4107));
#4698 = SHAPE_DEFINITION_REPRESENTATION(#4699,#4705);
#4699 = PRODUCT_DEFINITION_SHAPE('','',#4700);
#4700 = PRODUCT_DEFINITION('design','',#4701,#4704);
#4701 = PRODUCT_DEFINITION_FORMATION('','',#4702);
#4702 = PRODUCT('SC-6500 Hex Bolt M10 3','SC-6500 Hex Bolt M10 3','',(
    #4703));
#4703 = PRODUCT_CONTEXT('',#2,'mechanical');
#4704 = PRODUCT_DEFINITION_CONTEXT('part definition',#2,'design');
#4705 = ADVANCED_BREP_SHAPE_REPRESENTATION('',(#11,#4706),#5282);
#4706 = MANIFOLD_SOLID_BREP('',#4707);
#4707 = CLOSED_SHELL('',(#4708,#4828,#4904,#4980,#5089,#5162,#5189,#5216
    ,#5223,#5278));
#4708 = ADVANCED_FACE('',(#4709),#4723,.F.);
#4709 = FACE_BOUND('',#4710,.F.);
#4710 = EDGE_LOOP('',(#4711,#4746,#4774,#4802));
#4711 = ORIENTED_EDGE('',*,*,#4712,.T.);
#4712 = EDGE_CURVE('',#4713,#4715,#4717,.T.);
#4713 = VERTEX_POINT('',#4714);
#4714 = CARTESIAN_POINT('',(0.,8.5,0.));
#4715 = VERTEX_POINT('',#4716);
#4716 = CARTESIAN_POINT('',(7.,8.5,0.));
#4717 = SURFACE_CURVE('',#4718,(#4722,#4734),.PCURVE_S1.);
#4718 = LINE('',#4719,#4720);
#4719 = CARTESIAN_POINT('',(0.,8.5,0.));
#4720 = VECTOR('',#4721,1.);
#4721 = DIRECTION('',(1.,0.,0.));
#4722 = PCURVE('',#4723,#4728);
#4723 = PLANE('',#4724);
#4724 = AXIS2_PLACEMENT_3D('',#4725,#4726,#4727);
#4725 = CARTESIAN_POINT('',(0.,8.5,0.));
#4726 = DIRECTION('',(0.,-0.866025403784,-0.5));
#4727 = DIRECTION('',(0.,-0.5,0.866025403784));
#4728 = DEFINITIONAL_REPRESENTATION('',(#4729),#4733);
#4729 = LINE('',#4730,#4731);
#4730 = CARTESIAN_POINT('',(0.,0.));
#4731 = VECTOR('',#4732,1.);
#4732 = DIRECTION('',(0.,-1.));
#4733 = ( GEOMETRIC_REPRESENTATION_CONTEXT(2) 
PARAMETRIC_REPRESENTATION_CONTEXT() REPRESENTATION_CONTEXT('2D SPACE',''
  ) );
#4734 = PCURVE('',#4735,#4740);
#4735 = PLANE('',#4736);
#4736 = AXIS2_PLACEMENT_3D('',#4737,#4738,#4739);
#4737 = CARTESIAN_POINT('',(0.,4.25,-7.361215932168));
#4738 = DIRECTION('',(0.,-0.866025403784,0.5));
#4739 = DIRECTION('',(0.,0.5,0.866025403784));
#4740 = DEFINITIONAL_REPRESENTATION('',(#4741),#4745);
#4741 = LINE('',#4742,#4743);
#4742 = CARTESIAN_POINT('',(8.5,0.));
#4743 = VECTOR('',#4744,1.);
#4744 = DIRECTION('',(0.,-1.));
#4745 = ( GEOMETRIC_REPRESENTATION_CONTEXT(2) 
PARAMETRIC_REPRESENTATION_CONTEXT() REPRESENTATION_CONTEXT('2D SPACE',''
  ) );
#4746 = ORIENTED_EDGE('',*,*,#4747,.T.);
#4747 = EDGE_CURVE('',#4715,#4748,#4750,.T.);
#4748 = VERTEX_POINT('',#4749);
#4749 = CARTESIAN_POINT('',(7.,4.25,7.361215932168));
#4750 = SURFACE_CURVE('',#4751,(#4755,#4762),.PCURVE_S1.);
#4751 = LINE('',#4752,#4753);
#4752 = CARTESIAN_POINT('',(7.,8.5,0.));
#4753 = VECTOR('',#4754,1.);
#4754 = DIRECTION('',(0.,-0.5,0.866025403784));
#4755 = PCURVE('',#4723,#4756);
#4756 = DEFINITIONAL_REPRESENTATION('',(#4757),#4761);
#4757 = LINE('',#4758,#4759);
#4758 = CARTESIAN_POINT('',(0.,-7.));
#4759 = VECTOR('',#4760,1.);
#4760 = DIRECTION('',(1.,0.));
#4761 = ( GEOMETRIC_REPRESENTATION_CONTEXT(2) 
PARAMETRIC_REPRESENTATION_CONTEXT() REPRESENTATION_CONTEXT('2D SPACE',''
  ) );
#4762 = PCURVE('',#4763,#4768);
#4763 = PLANE('',#4764);
#4764 = AXIS2_PLACEMENT_3D('',#4765,#4766,#4767);
#4765 = CARTESIAN_POINT('',(7.,-6.96610525255E-16,-3.483052626275E-16));
#4766 = DIRECTION('',(1.,0.,0.));
#4767 = DIRECTION('',(-0.,0.,1.));
#4768 = DEFINITIONAL_REPRESENTATION('',(#4769),#4773);
#4769 = LINE('',#4770,#4771);
#4770 = CARTESIAN_POINT('',(3.483052626275E-16,-8.5));
#4771 = VECTOR('',#4772,1.);
#4772 = DIRECTION('',(0.866025403784,0.5));
#4773 = ( GEOMETRIC_REPRESENTATION_CONTEXT(2) 
PARAMETRIC_REPRESENTATION_CONTEXT() REPRESENTATION_CONTEXT('2D SPACE',''
  ) );
#4774 = ORIENTED_EDGE('',*,*,#4775,.F.);
#4775 = EDGE_CURVE('',#4776,#4748,#4778,.T.);
#4776 = VERTEX_POINT('',#4777);
#4777 = CARTESIAN_POINT('',(0.,4.25,7.361215932168));
#4778 = SURFACE_CURVE('',#4779,(#4783,#4790),.PCURVE_S1.);
#4779 = LINE('',#4780,#4781);
#4780 = CARTESIAN_POINT('',(0.,4.25,7.361215932168));
#4781 = VECTOR('',#4782,1.);
#4782 = DIRECTION('',(1.,0.,0.));
#4783 = PCURVE('',#4723,#4784);
#4784 = DEFINITIONAL_REPRESENTATION('',(#4785),#4789);
#4785 = LINE('',#4786,#4787);
#4786 = CARTESIAN_POINT('',(8.5,0.));
#4787 = VECTOR('',#4788,1.);
#4788 = DIRECTION('',(0.,-1.));
#4789 = ( GEOMETRIC_REPRESENTATION_CONTEXT(2) 
PARAMETRIC_REPRESENTATION_CONTEXT() REPRESENTATION_CONTEXT('2D SPACE',''
  ) );
#4790 = PCURVE('',#4791,#4796);
#4791 = PLANE('',#4792);
#4792 = AXIS2_PLACEMENT_3D('',#4793,#4794,#4795);
#4793 = CARTESIAN_POINT('',(0.,4.25,7.361215932168));
#4794 = DIRECTION('',(0.,-1.044915787883E-16,-1.));
#4795 = DIRECTION('',(0.,-1.,1.044915787883E-16));
#4796 = DEFINITIONAL_REPRESENTATION('',(#4797),#4801);
#4797 = LINE('',#4798,#4799);
#4798 = CARTESIAN_POINT('',(0.,0.));
#4799 = VECTOR('',#4800,1.);
#4800 = DIRECTION('',(0.,-1.));
#4801 = ( GEOMETRIC_REPRESENTATION_CONTEXT(2) 
PARAMETRIC_REPRESENTATION_CONTEXT() REPRESENTATION_CONTEXT('2D SPACE',''
  ) );
#4802 = ORIENTED_EDGE('',*,*,#4803,.F.);
#4803 = EDGE_CURVE('',#4713,#4776,#4804,.T.);
#4804 = SURFACE_CURVE('',#4805,(#4809,#4816),.PCURVE_S1.);
#4805 = LINE('',#4806,#4807);
#4806 = CARTESIAN_POINT('',(0.,8.5,0.));
#4807 = VECTOR('',#4808,1.);
#4808 = DIRECTION('',(0.,-0.5,0.866025403784));
#4809 = PCURVE('',#4723,#4810);
#4810 = DEFINITIONAL_REPRESENTATION('',(#4811),#4815);
#4811 = LINE('',#4812,#4813);
#4812 = CARTESIAN_POINT('',(0.,0.));
#4813 = VECTOR('',#4814,1.);
#4814 = DIRECTION('',(1.,0.));
#4815 = ( GEOMETRIC_REPRESENTATION_CONTEXT(2) 
PARAMETRIC_REPRESENTATION_CONTEXT() REPRESENTATION_CONTEXT('2D SPACE',''
  ) );
#4816 = PCURVE('',#4817,#4822);
#4817 = PLANE('',#4818);
#4818 = AXIS2_PLACEMENT_3D('',#4819,#4820,#4821);
#4819 = CARTESIAN_POINT('',(0.,-6.96610525255E-16,-3.483052626275E-16));
#4820 = DIRECTION('',(1.,0.,0.));
#4821 = DIRECTION('',(-0.,0.,1.));
#4822 = DEFINITIONAL_REPRESENTATION('',(#4823),#4827);
#4823 = LINE('',#4824,#4825);
#4824 = CARTESIAN_POINT('',(3.483052626275E-16,-8.5));
#4825 = VECTOR('',#4826,1.);
#4826 = DIRECTION('',(0.866025403784,0.5));
#4827 = ( GEOMETRIC_REPRESENTATION_CONTEXT(2) 
PARAMETRIC_REPRESENTATION_CONTEXT() REPRESENTATION_CONTEXT('2D SPACE',''
  ) );
#4828 = ADVANCED_FACE('',(#4829),#4735,.F.);
#4829 = FACE_BOUND('',#4830,.F.);
#4830 = EDGE_LOOP('',(#4831,#4861,#4882,#4883));
#4831 = ORIENTED_EDGE('',*,*,#4832,.T.);
#4832 = EDGE_CURVE('',#4833,#4835,#4837,.T.);
#4833 = VERTEX_POINT('',#4834);
#4834 = CARTESIAN_POINT('',(0.,4.25,-7.361215932168));
#4835 = VERTEX_POINT('',#4836);
#4836 = CARTESIAN_POINT('',(7.,4.25,-7.361215932168));
#4837 = SURFACE_CURVE('',#4838,(#4842,#4849),.PCURVE_S1.);
#4838 = LINE('',#4839,#4840);
#4839 = CARTESIAN_POINT('',(0.,4.25,-7.361215932168));
#4840 = VECTOR('',#4841,1.);
#4841 = DIRECTION('',(1.,0.,0.));
#4842 = PCURVE('',#4735,#4843);
#4843 = DEFINITIONAL_REPRESENTATION('',(#4844),#4848);
#4844 = LINE('',#4845,#4846);
#4845 = CARTESIAN_POINT('',(0.,0.));
#4846 = VECTOR('',#4847,1.);
#4847 = DIRECTION('',(0.,-1.));
#4848 = ( GEOMETRIC_REPRESENTATION_CONTEXT(2) 
PARAMETRIC_REPRESENTATION_CONTEXT() REPRESENTATION_CONTEXT('2D SPACE',''
  ) );
#4849 = PCURVE('',#4850,#4855);
#4850 = PLANE('',#4851);
#4851 = AXIS2_PLACEMENT_3D('',#4852,#4853,#4854);
#4852 = CARTESIAN_POINT('',(0.,-4.25,-7.361215932168));
#4853 = DIRECTION('',(-0.,5.224578939413E-16,1.));
#4854 = DIRECTION('',(0.,1.,-5.224578939413E-16));
#4855 = DEFINITIONAL_REPRESENTATION('',(#4856),#4860);
#4856 = LINE('',#4857,#4858);
#4857 = CARTESIAN_POINT('',(8.5,0.));
#4858 = VECTOR('',#4859,1.);
#4859 = DIRECTION('',(0.,-1.));
#4860 = ( GEOMETRIC_REPRESENTATION_CONTEXT(2) 
PARAMETRIC_REPRESENTATION_CONTEXT() REPRESENTATION_CONTEXT('2D SPACE',''
  ) );
#4861 = ORIENTED_EDGE('',*,*,#4862,.T.);
#4862 = EDGE_CURVE('',#4835,#4715,#4863,.T.);
#4863 = SURFACE_CURVE('',#4864,(#4868,#4875),.PCURVE_S1.);
#4864 = LINE('',#4865,#4866);
#4865 = CARTESIAN_POINT('',(7.,4.25,-7.361215932168));
#4866 = VECTOR('',#4867,1.);
#4867 = DIRECTION('',(0.,0.5,0.866025403784));
#4868 = PCURVE('',#4735,#4869);
#4869 = DEFINITIONAL_REPRESENTATION('',(#4870),#4874);
#4870 = LINE('',#4871,#4872);
#4871 = CARTESIAN_POINT('',(0.,-7.));
#4872 = VECTOR('',#4873,1.);
#4873 = DIRECTION('',(1.,0.));
#4874 = ( GEOMETRIC_REPRESENTATION_CONTEXT(2) 
PARAMETRIC_REPRESENTATION_CONTEXT() REPRESENTATION_CONTEXT('2D SPACE',''
  ) );
#4875 = PCURVE('',#4763,#4876);
#4876 = DEFINITIONAL_REPRESENTATION('',(#4877),#4881);
#4877 = LINE('',#4878,#4879);
#4878 = CARTESIAN_POINT('',(-7.361215932168,-4.25));
#4879 = VECTOR('',#4880,1.);
#4880 = DIRECTION('',(0.866025403784,-0.5));
#4881 = ( GEOMETRIC_REPRESENTATION_CONTEXT(2) 
PARAMETRIC_REPRESENTATION_CONTEXT() REPRESENTATION_CONTEXT('2D SPACE',''
  ) );
#4882 = ORIENTED_EDGE('',*,*,#4712,.F.);
#4883 = ORIENTED_EDGE('',*,*,#4884,.F.);
#4884 = EDGE_CURVE('',#4833,#4713,#4885,.T.);
#4885 = SURFACE_CURVE('',#4886,(#4890,#4897),.PCURVE_S1.);
#4886 = LINE('',#4887,#4888);
#4887 = CARTESIAN_POINT('',(0.,4.25,-7.361215932168));
#4888 = VECTOR('',#4889,1.);
#4889 = DIRECTION('',(0.,0.5,0.866025403784));
#4890 = PCURVE('',#4735,#4891);
#4891 = DEFINITIONAL_REPRESENTATION('',(#4892),#4896);
#4892 = LINE('',#4893,#4894);
#4893 = CARTESIAN_POINT('',(0.,0.));
#4894 = VECTOR('',#4895,1.);
#4895 = DIRECTION('',(1.,0.));
#4896 = ( GEOMETRIC_REPRESENTATION_CONTEXT(2) 
PARAMETRIC_REPRESENTATION_CONTEXT() REPRESENTATION_CONTEXT('2D SPACE',''
  ) );
#4897 = PCURVE('',#4817,#4898);
#4898 = DEFINITIONAL_REPRESENTATION('',(#4899),#4903);
#4899 = LINE('',#4900,#4901);
#4900 = CARTESIAN_POINT('',(-7.361215932168,-4.25));
#4901 = VECTOR('',#4902,1.);
#4902 = DIRECTION('',(0.866025403784,-0.5));
#4903 = ( GEOMETRIC_REPRESENTATION_CONTEXT(2) 
PARAMETRIC_REPRESENTATION_CONTEXT() REPRESENTATION_CONTEXT('2D SPACE',''
  ) );
#4904 = ADVANCED_FACE('',(#4905),#4791,.F.);
#4905 = FACE_BOUND('',#4906,.F.);
#4906 = EDGE_LOOP('',(#4907,#4908,#4931,#4959));
#4907 = ORIENTED_EDGE('',*,*,#4775,.T.);
#4908 = ORIENTED_EDGE('',*,*,#4909,.T.);
#4909 = EDGE_CURVE('',#4748,#4910,#4912,.T.);
#4910 = VERTEX_POINT('',#4911);
#4911 = CARTESIAN_POINT('',(7.,-4.25,7.361215932168));
#4912 = SURFACE_CURVE('',#4913,(#4917,#4924),.PCURVE_S1.);
#4913 = LINE('',#4914,#4915);
#4914 = CARTESIAN_POINT('',(7.,4.25,7.361215932168));
#4915 = VECTOR('',#4916,1.);
#4916 = DIRECTION('',(0.,-1.,1.044915787883E-16));
#4917 = PCURVE('',#4791,#4918);
#4918 = DEFINITIONAL_REPRESENTATION('',(#4919),#4923);
#4919 = LINE('',#4920,#4921);
#4920 = CARTESIAN_POINT('',(0.,-7.));
#4921 = VECTOR('',#4922,1.);
#4922 = DIRECTION('',(1.,0.));
#4923 = ( GEOMETRIC_REPRESENTATION_CONTEXT(2) 
PARAMETRIC_REPRESENTATION_CONTEXT() REPRESENTATION_CONTEXT('2D SPACE',''
  ) );
#4924 = PCURVE('',#4763,#4925);
#4925 = DEFINITIONAL_REPRESENTATION('',(#4926),#4930);
#4926 = LINE('',#4927,#4928);
#4927 = CARTESIAN_POINT('',(7.361215932168,-4.25));
#4928 = VECTOR('',#4929,1.);
#4929 = DIRECTION('',(1.044915787883E-16,1.));
#4930 = ( GEOMETRIC_REPRESENTATION_CONTEXT(2) 
PARAMETRIC_REPRESENTATION_CONTEXT() REPRESENTATION_CONTEXT('2D SPACE',''
  ) );
#4931 = ORIENTED_EDGE('',*,*,#4932,.F.);
#4932 = EDGE_CURVE('',#4933,#4910,#4935,.T.);
#4933 = VERTEX_POINT('',#4934);
#4934 = CARTESIAN_POINT('',(0.,-4.25,7.361215932168));
#4935 = SURFACE_CURVE('',#4936,(#4940,#4947),.PCURVE_S1.);
#4936 = LINE('',#4937,#4938);
#4937 = CARTESIAN_POINT('',(0.,-4.25,7.361215932168));
#4938 = VECTOR('',#4939,1.);
#4939 = DIRECTION('',(1.,0.,0.));
#4940 = PCURVE('',#4791,#4941);
#4941 = DEFINITIONAL_REPRESENTATION('',(#4942),#4946);
#4942 = LINE('',#4943,#4944);
#4943 = CARTESIAN_POINT('',(8.5,0.));
#4944 = VECTOR('',#4945,1.);
#4945 = DIRECTION('',(0.,-1.));
#4946 = ( GEOMETRIC_REPRESENTATION_CONTEXT(2) 
PARAMETRIC_REPRESENTATION_CONTEXT() REPRESENTATION_CONTEXT('2D SPACE',''
  ) );
#4947 = PCURVE('',#4948,#4953);
#4948 = PLANE('',#4949);
#4949 = AXIS2_PLACEMENT_3D('',#4950,#4951,#4952);
#4950 = CARTESIAN_POINT('',(0.,-4.25,7.361215932168));
#4951 = DIRECTION('',(0.,0.866025403784,-0.5));
#4952 = DIRECTION('',(0.,-0.5,-0.866025403784));
#4953 = DEFINITIONAL_REPRESENTATION('',(#4954),#4958);
#4954 = LINE('',#4955,#4956);
#4955 = CARTESIAN_POINT('',(0.,0.));
#4956 = VECTOR('',#4957,1.);
#4957 = DIRECTION('',(0.,-1.));
#4958 = ( GEOMETRIC_REPRESENTATION_CONTEXT(2) 
PARAMETRIC_REPRESENTATION_CONTEXT() REPRESENTATION_CONTEXT('2D SPACE',''
  ) );
#4959 = ORIENTED_EDGE('',*,*,#4960,.F.);
#4960 = EDGE_CURVE('',#4776,#4933,#4961,.T.);
#4961 = SURFACE_CURVE('',#4962,(#4966,#4973),.PCURVE_S1.);
#4962 = LINE('',#4963,#4964);
#4963 = CARTESIAN_POINT('',(0.,4.25,7.361215932168));
#4964 = VECTOR('',#4965,1.);
#4965 = DIRECTION('',(0.,-1.,1.044915787883E-16));
#4966 = PCURVE('',#4791,#4967);
#4967 = DEFINITIONAL_REPRESENTATION('',(#4968),#4972);
#4968 = LINE('',#4969,#4970);
#4969 = CARTESIAN_POINT('',(0.,0.));
#4970 = VECTOR('',#4971,1.);
#4971 = DIRECTION('',(1.,0.));
#4972 = ( GEOMETRIC_REPRESENTATION_CONTEXT(2) 
PARAMETRIC_REPRESENTATION_CONTEXT() REPRESENTATION_CONTEXT('2D SPACE',''
  ) );
#4973 = PCURVE('',#4817,#4974);
#4974 = DEFINITIONAL_REPRESENTATION('',(#4975),#4979);
#4975 = LINE('',#4976,#4977);
#4976 = CARTESIAN_POINT('',(7.361215932168,-4.25));
#4977 = VECTOR('',#4978,1.);
#4978 = DIRECTION('',(1.044915787883E-16,1.));
#4979 = ( GEOMETRIC_REPRESENTATION_CONTEXT(2) 
PARAMETRIC_REPRESENTATION_CONTEXT() REPRESENTATION_CONTEXT('2D SPACE',''
  ) );
#4980 = ADVANCED_FACE('',(#4981,#5058),#4817,.F.);
#4981 = FACE_BOUND('',#4982,.F.);
#4982 = EDGE_LOOP('',(#4983,#4984,#4985,#5008,#5036,#5057));
#4983 = ORIENTED_EDGE('',*,*,#4803,.T.);
#4984 = ORIENTED_EDGE('',*,*,#4960,.T.);
#4985 = ORIENTED_EDGE('',*,*,#4986,.T.);
#4986 = EDGE_CURVE('',#4933,#4987,#4989,.T.);
#4987 = VERTEX_POINT('',#4988);
#4988 = CARTESIAN_POINT('',(0.,-8.5,1.040949779275E-15));
#4989 = SURFACE_CURVE('',#4990,(#4994,#5001),.PCURVE_S1.);
#4990 = LINE('',#4991,#4992);
#4991 = CARTESIAN_POINT('',(0.,-4.25,7.361215932168));
#4992 = VECTOR('',#4993,1.);
#4993 = DIRECTION('',(0.,-0.5,-0.866025403784));
#4994 = PCURVE('',#4817,#4995);
#4995 = DEFINITIONAL_REPRESENTATION('',(#4996),#5000);
#4996 = LINE('',#4997,#4998);
#4997 = CARTESIAN_POINT('',(7.361215932168,4.25));
#4998 = VECTOR('',#4999,1.);
#4999 = DIRECTION('',(-0.866025403784,0.5));
#5000 = ( GEOMETRIC_REPRESENTATION_CONTEXT(2) 
PARAMETRIC_REPRESENTATION_CONTEXT() REPRESENTATION_CONTEXT('2D SPACE',''
  ) );
#5001 = PCURVE('',#4948,#5002);
#5002 = DEFINITIONAL_REPRESENTATION('',(#5003),#5007);
#5003 = LINE('',#5004,#5005);
#5004 = CARTESIAN_POINT('',(0.,0.));
#5005 = VECTOR('',#5006,1.);
#5006 = DIRECTION('',(1.,0.));
#5007 = ( GEOMETRIC_REPRESENTATION_CONTEXT(2) 
PARAMETRIC_REPRESENTATION_CONTEXT() REPRESENTATION_CONTEXT('2D SPACE',''
  ) );
#5008 = ORIENTED_EDGE('',*,*,#5009,.T.);
#5009 = EDGE_CURVE('',#4987,#5010,#5012,.T.);
#5010 = VERTEX_POINT('',#5011);
#5011 = CARTESIAN_POINT('',(0.,-4.25,-7.361215932168));
#5012 = SURFACE_CURVE('',#5013,(#5017,#5024),.PCURVE_S1.);
#5013 = LINE('',#5014,#5015);
#5014 = CARTESIAN_POINT('',(0.,-8.5,1.040949779275E-15));
#5015 = VECTOR('',#5016,1.);
#5016 = DIRECTION('',(0.,0.5,-0.866025403784));
#5017 = PCURVE('',#4817,#5018);
#5018 = DEFINITIONAL_REPRESENTATION('',(#5019),#5023);
#5019 = LINE('',#5020,#5021);
#5020 = CARTESIAN_POINT('',(1.389255041903E-15,8.5));
#5021 = VECTOR('',#5022,1.);
#5022 = DIRECTION('',(-0.866025403784,-0.5));
#5023 = ( GEOMETRIC_REPRESENTATION_CONTEXT(2) 
PARAMETRIC_REPRESENTATION_CONTEXT() REPRESENTATION_CONTEXT('2D SPACE',''
  ) );
#5024 = PCURVE('',#5025,#5030);
#5025 = PLANE('',#5026);
#5026 = AXIS2_PLACEMENT_3D('',#5027,#5028,#5029);
#5027 = CARTESIAN_POINT('',(0.,-8.5,1.040949779275E-15));
#5028 = DIRECTION('',(-0.,0.866025403784,0.5));
#5029 = DIRECTION('',(0.,0.5,-0.866025403784));
#5030 = DEFINITIONAL_REPRESENTATION('',(#5031),#5035);
#5031 = LINE('',#5032,#5033);
#5032 = CARTESIAN_POINT('',(0.,0.));
#5033 = VECTOR('',#5034,1.);
#5034 = DIRECTION('',(1.,0.));
#5035 = ( GEOMETRIC_REPRESENTATION_CONTEXT(2) 
PARAMETRIC_REPRESENTATION_CONTEXT() REPRESENTATION_CONTEXT('2D SPACE',''
  ) );
#5036 = ORIENTED_EDGE('',*,*,#5037,.T.);
#5037 = EDGE_CURVE('',#5010,#4833,#5038,.T.);
#5038 = SURFACE_CURVE('',#5039,(#5043,#5050),.PCURVE_S1.);
#5039 = LINE('',#5040,#5041);
#5040 = CARTESIAN_POINT('',(0.,-4.25,-7.361215932168));
#5041 = VECTOR('',#5042,1.);
#5042 = DIRECTION('',(0.,1.,-5.224578939413E-16));
#5043 = PCURVE('',#4817,#5044);
#5044 = DEFINITIONAL_REPRESENTATION('',(#5045),#5049);
#5045 = LINE('',#5046,#5047);
#5046 = CARTESIAN_POINT('',(-7.361215932168,4.25));
#5047 = VECTOR('',#5048,1.);
#5048 = DIRECTION('',(-5.224578939413E-16,-1.));
#5049 = ( GEOMETRIC_REPRESENTATION_CONTEXT(2) 
PARAMETRIC_REPRESENTATION_CONTEXT() REPRESENTATION_CONTEXT('2D SPACE',''
  ) );
#5050 = PCURVE('',#4850,#5051);
#5051 = DEFINITIONAL_REPRESENTATION('',(#5052),#5056);
#5052 = LINE('',#5053,#5054);
#5053 = CARTESIAN_POINT('',(0.,0.));
#5054 = VECTOR('',#5055,1.);
#5055 = DIRECTION('',(1.,0.));
#5056 = ( GEOMETRIC_REPRESENTATION_CONTEXT(2) 
PARAMETRIC_REPRESENTATION_CONTEXT() REPRESENTATION_CONTEXT('2D SPACE',''
  ) );
#5057 = ORIENTED_EDGE('',*,*,#4884,.T.);
#5058 = FACE_BOUND('',#5059,.F.);
#5059 = EDGE_LOOP('',(#5060));
#5060 = ORIENTED_EDGE('',*,*,#5061,.F.);
#5061 = EDGE_CURVE('',#5062,#5062,#5064,.T.);
#5062 = VERTEX_POINT('',#5063);
#5063 = CARTESIAN_POINT('',(0.,5.,0.));
#5064 = SURFACE_CURVE('',#5065,(#5070,#5077),.PCURVE_S1.);
#5065 = CIRCLE('',#5066,5.);
#5066 = AXIS2_PLACEMENT_3D('',#5067,#5068,#5069);
#5067 = CARTESIAN_POINT('',(0.,0.,0.));
#5068 = DIRECTION('',(1.,0.,0.));
#5069 = DIRECTION('',(0.,1.,0.));
#5070 = PCURVE('',#4817,#5071);
#5071 = DEFINITIONAL_REPRESENTATION('',(#5072),#5076);
#5072 = CIRCLE('',#5073,5.);
#5073 = AXIS2_PLACEMENT_2D('',#5074,#5075);
#5074 = CARTESIAN_POINT('',(3.483052626275E-16,-6.96610525255E-16));
#5075 = DIRECTION('',(0.,-1.));
#5076 = ( GEOMETRIC_REPRESENTATION_CONTEXT(2) 
PARAMETRIC_REPRESENTATION_CONTEXT() REPRESENTATION_CONTEXT('2D SPACE',''
  ) );
#5077 = PCURVE('',#5078,#5083);
#5078 = CYLINDRICAL_SURFACE('',#5079,5.);
#5079 = AXIS2_PLACEMENT_3D('',#5080,#5081,#5082);
#5080 = CARTESIAN_POINT('',(0.,0.,0.));
#5081 = DIRECTION('',(1.,0.,0.));
#5082 = DIRECTION('',(0.,1.,0.));
#5083 = DEFINITIONAL_REPRESENTATION('',(#5084),#5088);
#5084 = LINE('',#5085,#5086);
#5085 = CARTESIAN_POINT('',(0.,0.));
#5086 = VECTOR('',#5087,1.);
#5087 = DIRECTION('',(1.,0.));
#5088 = ( GEOMETRIC_REPRESENTATION_CONTEXT(2) 
PARAMETRIC_REPRESENTATION_CONTEXT() REPRESENTATION_CONTEXT('2D SPACE',''
  ) );
#5089 = ADVANCED_FACE('',(#5090),#4763,.T.);
#5090 = FACE_BOUND('',#5091,.T.);
#5091 = EDGE_LOOP('',(#5092,#5093,#5094,#5117,#5140,#5161));
#5092 = ORIENTED_EDGE('',*,*,#4747,.T.);
#5093 = ORIENTED_EDGE('',*,*,#4909,.T.);
#5094 = ORIENTED_EDGE('',*,*,#5095,.T.);
#5095 = EDGE_CURVE('',#4910,#5096,#5098,.T.);
#5096 = VERTEX_POINT('',#5097);
#5097 = CARTESIAN_POINT('',(7.,-8.5,1.040949779275E-15));
#5098 = SURFACE_CURVE('',#5099,(#5103,#5110),.PCURVE_S1.);
#5099 = LINE('',#5100,#5101);
#5100 = CARTESIAN_POINT('',(7.,-4.25,7.361215932168));
#5101 = VECTOR('',#5102,1.);
#5102 = DIRECTION('',(0.,-0.5,-0.866025403784));
#5103 = PCURVE('',#4763,#5104);
#5104 = DEFINITIONAL_REPRESENTATION('',(#5105),#5109);
#5105 = LINE('',#5106,#5107);
#5106 = CARTESIAN_POINT('',(7.361215932168,4.25));
#5107 = VECTOR('',#5108,1.);
#5108 = DIRECTION('',(-0.866025403784,0.5));
#5109 = ( GEOMETRIC_REPRESENTATION_CONTEXT(2) 
PARAMETRIC_REPRESENTATION_CONTEXT() REPRESENTATION_CONTEXT('2D SPACE',''
  ) );
#5110 = PCURVE('',#4948,#5111);
#5111 = DEFINITIONAL_REPRESENTATION('',(#5112),#5116);
#5112 = LINE('',#5113,#5114);
#5113 = CARTESIAN_POINT('',(0.,-7.));
#5114 = VECTOR('',#5115,1.);
#5115 = DIRECTION('',(1.,0.));
#5116 = ( GEOMETRIC_REPRESENTATION_CONTEXT(2) 
PARAMETRIC_REPRESENTATION_CONTEXT() REPRESENTATION_CONTEXT('2D SPACE',''
  ) );
#5117 = ORIENTED_EDGE('',*,*,#5118,.T.);
#5118 = EDGE_CURVE('',#5096,#5119,#5121,.T.);
#5119 = VERTEX_POINT('',#5120);
#5120 = CARTESIAN_POINT('',(7.,-4.25,-7.361215932168));
#5121 = SURFACE_CURVE('',#5122,(#5126,#5133),.PCURVE_S1.);
#5122 = LINE('',#5123,#5124);
#5123 = CARTESIAN_POINT('',(7.,-8.5,1.040949779275E-15));
#5124 = VECTOR('',#5125,1.);
#5125 = DIRECTION('',(0.,0.5,-0.866025403784));
#5126 = PCURVE('',#4763,#5127);
#5127 = DEFINITIONAL_REPRESENTATION('',(#5128),#5132);
#5128 = LINE('',#5129,#5130);
#5129 = CARTESIAN_POINT('',(1.389255041903E-15,8.5));
#5130 = VECTOR('',#5131,1.);
#5131 = DIRECTION('',(-0.866025403784,-0.5));
#5132 = ( GEOMETRIC_REPRESENTATION_CONTEXT(2) 
PARAMETRIC_REPRESENTATION_CONTEXT() REPRESENTATION_CONTEXT('2D SPACE',''
  ) );
#5133 = PCURVE('',#5025,#5134);
#5134 = DEFINITIONAL_REPRESENTATION('',(#5135),#5139);
#5135 = LINE('',#5136,#5137);
#5136 = CARTESIAN_POINT('',(0.,-7.));
#5137 = VECTOR('',#5138,1.);
#5138 = DIRECTION('',(1.,0.));
#5139 = ( GEOMETRIC_REPRESENTATION_CONTEXT(2) 
PARAMETRIC_REPRESENTATION_CONTEXT() REPRESENTATION_CONTEXT('2D SPACE',''
  ) );
#5140 = ORIENTED_EDGE('',*,*,#5141,.T.);
#5141 = EDGE_CURVE('',#5119,#4835,#5142,.T.);
#5142 = SURFACE_CURVE('',#5143,(#5147,#5154),.PCURVE_S1.);
#5143 = LINE('',#5144,#5145);
#5144 = CARTESIAN_POINT('',(7.,-4.25,-7.361215932168));
#5145 = VECTOR('',#5146,1.);
#5146 = DIRECTION('',(0.,1.,-5.224578939413E-16));
#5147 = PCURVE('',#4763,#5148);
#5148 = DEFINITIONAL_REPRESENTATION('',(#5149),#5153);
#5149 = LINE('',#5150,#5151);
#5150 = CARTESIAN_POINT('',(-7.361215932168,4.25));
#5151 = VECTOR('',#5152,1.);
#5152 = DIRECTION('',(-5.224578939413E-16,-1.));
#5153 = ( GEOMETRIC_REPRESENTATION_CONTEXT(2) 
PARAMETRIC_REPRESENTATION_CONTEXT() REPRESENTATION_CONTEXT('2D SPACE',''
  ) );
#5154 = PCURVE('',#4850,#5155);
#5155 = DEFINITIONAL_REPRESENTATION('',(#5156),#5160);
#5156 = LINE('',#5157,#5158);
#5157 = CARTESIAN_POINT('',(0.,-7.));
#5158 = VECTOR('',#5159,1.);
#5159 = DIRECTION('',(1.,0.));
#5160 = ( GEOMETRIC_REPRESENTATION_CONTEXT(2) 
PARAMETRIC_REPRESENTATION_CONTEXT() REPRESENTATION_CONTEXT('2D SPACE',''
  ) );
#5161 = ORIENTED_EDGE('',*,*,#4862,.T.);
#5162 = ADVANCED_FACE('',(#5163),#4850,.F.);
#5163 = FACE_BOUND('',#5164,.F.);
#5164 = EDGE_LOOP('',(#5165,#5186,#5187,#5188));
#5165 = ORIENTED_EDGE('',*,*,#5166,.T.);
#5166 = EDGE_CURVE('',#5010,#5119,#5167,.T.);
#5167 = SURFACE_CURVE('',#5168,(#5172,#5179),.PCURVE_S1.);
#5168 = LINE('',#5169,#5170);
#5169 = CARTESIAN_POINT('',(0.,-4.25,-7.361215932168));
#5170 = VECTOR('',#5171,1.);
#5171 = DIRECTION('',(1.,0.,0.));
#5172 = PCURVE('',#4850,#5173);
#5173 = DEFINITIONAL_REPRESENTATION('',(#5174),#5178);
#5174 = LINE('',#5175,#5176);
#5175 = CARTESIAN_POINT('',(0.,0.));
#5176 = VECTOR('',#5177,1.);
#5177 = DIRECTION('',(0.,-1.));
#5178 = ( GEOMETRIC_REPRESENTATION_CONTEXT(2) 
PARAMETRIC_REPRESENTATION_CONTEXT() REPRESENTATION_CONTEXT('2D SPACE',''
  ) );
#5179 = PCURVE('',#5025,#5180);
#5180 = DEFINITIONAL_REPRESENTATION('',(#5181),#5185);
#5181 = LINE('',#5182,#5183);
#5182 = CARTESIAN_POINT('',(8.5,0.));
#5183 = VECTOR('',#5184,1.);
#5184 = DIRECTION('',(0.,-1.));
#5185 = ( GEOMETRIC_REPRESENTATION_CONTEXT(2) 
PARAMETRIC_REPRESENTATION_CONTEXT() REPRESENTATION_CONTEXT('2D SPACE',''
  ) );
#5186 = ORIENTED_EDGE('',*,*,#5141,.T.);
#5187 = ORIENTED_EDGE('',*,*,#4832,.F.);
#5188 = ORIENTED_EDGE('',*,*,#5037,.F.);
#5189 = ADVANCED_FACE('',(#5190),#4948,.F.);
#5190 = FACE_BOUND('',#5191,.F.);
#5191 = EDGE_LOOP('',(#5192,#5193,#5194,#5215));
#5192 = ORIENTED_EDGE('',*,*,#4932,.T.);
#5193 = ORIENTED_EDGE('',*,*,#5095,.T.);
#5194 = ORIENTED_EDGE('',*,*,#5195,.F.);
#5195 = EDGE_CURVE('',#4987,#5096,#5196,.T.);
#5196 = SURFACE_CURVE('',#5197,(#5201,#5208),.PCURVE_S1.);
#5197 = LINE('',#5198,#5199);
#5198 = CARTESIAN_POINT('',(0.,-8.5,1.040949779275E-15));
#5199 = VECTOR('',#5200,1.);
#5200 = DIRECTION('',(1.,0.,0.));
#5201 = PCURVE('',#4948,#5202);
#5202 = DEFINITIONAL_REPRESENTATION('',(#5203),#5207);
#5203 = LINE('',#5204,#5205);
#5204 = CARTESIAN_POINT('',(8.5,0.));
#5205 = VECTOR('',#5206,1.);
#5206 = DIRECTION('',(0.,-1.));
#5207 = ( GEOMETRIC_REPRESENTATION_CONTEXT(2) 
PARAMETRIC_REPRESENTATION_CONTEXT() REPRESENTATION_CONTEXT('2D SPACE',''
  ) );
#5208 = PCURVE('',#5025,#5209);
#5209 = DEFINITIONAL_REPRESENTATION('',(#5210),#5214);
#5210 = LINE('',#5211,#5212);
#5211 = CARTESIAN_POINT('',(0.,0.));
#5212 = VECTOR('',#5213,1.);
#5213 = DIRECTION('',(0.,-1.));
#5214 = ( GEOMETRIC_REPRESENTATION_CONTEXT(2) 
PARAMETRIC_REPRESENTATION_CONTEXT() REPRESENTATION_CONTEXT('2D SPACE',''
  ) );
#5215 = ORIENTED_EDGE('',*,*,#4986,.F.);
#5216 = ADVANCED_FACE('',(#5217),#5025,.F.);
#5217 = FACE_BOUND('',#5218,.F.);
#5218 = EDGE_LOOP('',(#5219,#5220,#5221,#5222));
#5219 = ORIENTED_EDGE('',*,*,#5195,.T.);
#5220 = ORIENTED_EDGE('',*,*,#5118,.T.);
#5221 = ORIENTED_EDGE('',*,*,#5166,.F.);
#5222 = ORIENTED_EDGE('',*,*,#5009,.F.);
#5223 = ADVANCED_FACE('',(#5224),#5078,.T.);
#5224 = FACE_BOUND('',#5225,.T.);
#5225 = EDGE_LOOP('',(#5226,#5249,#5276,#5277));
#5226 = ORIENTED_EDGE('',*,*,#5227,.T.);
#5227 = EDGE_CURVE('',#5062,#5228,#5230,.T.);
#5228 = VERTEX_POINT('',#5229);
#5229 = CARTESIAN_POINT('',(-26.,5.,0.));
#5230 = SEAM_CURVE('',#5231,(#5235,#5242),.PCURVE_S1.);
#5231 = LINE('',#5232,#5233);
#5232 = CARTESIAN_POINT('',(0.,5.,0.));
#5233 = VECTOR('',#5234,1.);
#5234 = DIRECTION('',(-1.,-0.,-0.));
#5235 = PCURVE('',#5078,#5236);
#5236 = DEFINITIONAL_REPRESENTATION('',(#5237),#5241);
#5237 = LINE('',#5238,#5239);
#5238 = CARTESIAN_POINT('',(0.,0.));
#5239 = VECTOR('',#5240,1.);
#5240 = DIRECTION('',(0.,-1.));
#5241 = ( GEOMETRIC_REPRESENTATION_CONTEXT(2) 
PARAMETRIC_REPRESENTATION_CONTEXT() REPRESENTATION_CONTEXT('2D SPACE',''
  ) );
#5242 = PCURVE('',#5078,#5243);
#5243 = DEFINITIONAL_REPRESENTATION('',(#5244),#5248);
#5244 = LINE('',#5245,#5246);
#5245 = CARTESIAN_POINT('',(6.28318530718,0.));
#5246 = VECTOR('',#5247,1.);
#5247 = DIRECTION('',(0.,-1.));
#5248 = ( GEOMETRIC_REPRESENTATION_CONTEXT(2) 
PARAMETRIC_REPRESENTATION_CONTEXT() REPRESENTATION_CONTEXT('2D SPACE',''
  ) );
#5249 = ORIENTED_EDGE('',*,*,#5250,.T.);
#5250 = EDGE_CURVE('',#5228,#5228,#5251,.T.);
#5251 = SURFACE_CURVE('',#5252,(#5257,#5264),.PCURVE_S1.);
#5252 = CIRCLE('',#5253,5.);
#5253 = AXIS2_PLACEMENT_3D('',#5254,#5255,#5256);
#5254 = CARTESIAN_POINT('',(-26.,0.,0.));
#5255 = DIRECTION('',(1.,0.,0.));
#5256 = DIRECTION('',(0.,1.,0.));
#5257 = PCURVE('',#5078,#5258);
#5258 = DEFINITIONAL_REPRESENTATION('',(#5259),#5263);
#5259 = LINE('',#5260,#5261);
#5260 = CARTESIAN_POINT('',(0.,-26.));
#5261 = VECTOR('',#5262,1.);
#5262 = DIRECTION('',(1.,0.));
#5263 = ( GEOMETRIC_REPRESENTATION_CONTEXT(2) 
PARAMETRIC_REPRESENTATION_CONTEXT() REPRESENTATION_CONTEXT('2D SPACE',''
  ) );
#5264 = PCURVE('',#5265,#5270);
#5265 = PLANE('',#5266);
#5266 = AXIS2_PLACEMENT_3D('',#5267,#5268,#5269);
#5267 = CARTESIAN_POINT('',(-26.,-2.734880265079E-16,6.938022664999E-17)
  );
#5268 = DIRECTION('',(1.,0.,0.));
#5269 = DIRECTION('',(-0.,0.,1.));
#5270 = DEFINITIONAL_REPRESENTATION('',(#5271),#5275);
#5271 = CIRCLE('',#5272,5.);
#5272 = AXIS2_PLACEMENT_2D('',#5273,#5274);
#5273 = CARTESIAN_POINT('',(-6.938022664999E-17,-2.734880265079E-16));
#5274 = DIRECTION('',(0.,-1.));
#5275 = ( GEOMETRIC_REPRESENTATION_CONTEXT(2) 
PARAMETRIC_REPRESENTATION_CONTEXT() REPRESENTATION_CONTEXT('2D SPACE',''
  ) );
#5276 = ORIENTED_EDGE('',*,*,#5227,.F.);
#5277 = ORIENTED_EDGE('',*,*,#5061,.F.);
#5278 = ADVANCED_FACE('',(#5279),#5265,.F.);
#5279 = FACE_BOUND('',#5280,.F.);
#5280 = EDGE_LOOP('',(#5281));
#5281 = ORIENTED_EDGE('',*,*,#5250,.T.);
#5282 = ( GEOMETRIC_REPRESENTATION_CONTEXT(3) 
GLOBAL_UNCERTAINTY_ASSIGNED_CONTEXT((#5286)) 
GLOBAL_UNIT_ASSIGNED_CONTEXT((#5283,#5284,#5285)) REPRESENTATION_CONTEXT
('Context #1','3D Context with UNIT and UNCERTAINTY') );
#5283 = ( LENGTH_UNIT() NAMED_UNIT(*) SI_UNIT(.MILLI.,.METRE.) );
#5284 = ( NAMED_UNIT(*) PLANE_ANGLE_UNIT() SI_UNIT($,.RADIAN.) );
#5285 = ( NAMED_UNIT(*) SI_UNIT($,.STERADIAN.) SOLID_ANGLE_UNIT() );
#5286 = UNCERTAINTY_MEASURE_WITH_UNIT(LENGTH_MEASURE(1.E-07),#5283,
  'distance_accuracy_value','confusion accuracy');
#5287 = CONTEXT_DEPENDENT_SHAPE_REPRESENTATION(#5288,#5290);
#5288 = ( REPRESENTATION_RELATIONSHIP('','',#4705,#10) 
REPRESENTATION_RELATIONSHIP_WITH_TRANSFORMATION(#5289) 
SHAPE_REPRESENTATION_RELATIONSHIP() );
#5289 = ITEM_DEFINED_TRANSFORMATION('','',#11,#43);
#5290 = PRODUCT_DEFINITION_SHAPE('Placement','Placement of an item',
  #5291);
#5291 = NEXT_ASSEMBLY_USAGE_OCCURRENCE('8','SC-6500 Hex Bolt M10 3','',
  #5,#4700,$);
#5292 = PRODUCT_RELATED_PRODUCT_CATEGORY('part',$,(#4702));
#5293 = SHAPE_DEFINITION_REPRESENTATION(#5294,#5300);
#5294 = PRODUCT_DEFINITION_SHAPE('','',#5295);
#5295 = PRODUCT_DEFINITION('design','',#5296,#5299);
#5296 = PRODUCT_DEFINITION_FORMATION('','',#5297);
#5297 = PRODUCT('SC-6500 Hex Bolt M10 4','SC-6500 Hex Bolt M10 4','',(
    #5298));
#5298 = PRODUCT_CONTEXT('',#2,'mechanical');
#5299 = PRODUCT_DEFINITION_CONTEXT('part definition',#2,'design');
#5300 = ADVANCED_BREP_SHAPE_REPRESENTATION('',(#11,#5301),#5877);
#5301 = MANIFOLD_SOLID_BREP('',#5302);
#5302 = CLOSED_SHELL('',(#5303,#5423,#5499,#5575,#5684,#5757,#5784,#5811
    ,#5818,#5873));
#5303 = ADVANCED_FACE('',(#5304),#5318,.F.);
#5304 = FACE_BOUND('',#5305,.F.);
#5305 = EDGE_LOOP('',(#5306,#5341,#5369,#5397));
#5306 = ORIENTED_EDGE('',*,*,#5307,.T.);
#5307 = EDGE_CURVE('',#5308,#5310,#5312,.T.);
#5308 = VERTEX_POINT('',#5309);
#5309 = CARTESIAN_POINT('',(0.,8.5,0.));
#5310 = VERTEX_POINT('',#5311);
#5311 = CARTESIAN_POINT('',(7.,8.5,0.));
#5312 = SURFACE_CURVE('',#5313,(#5317,#5329),.PCURVE_S1.);
#5313 = LINE('',#5314,#5315);
#5314 = CARTESIAN_POINT('',(0.,8.5,0.));
#5315 = VECTOR('',#5316,1.);
#5316 = DIRECTION('',(1.,0.,0.));
#5317 = PCURVE('',#5318,#5323);
#5318 = PLANE('',#5319);
#5319 = AXIS2_PLACEMENT_3D('',#5320,#5321,#5322);
#5320 = CARTESIAN_POINT('',(0.,8.5,0.));
#5321 = DIRECTION('',(0.,-0.866025403784,-0.5));
#5322 = DIRECTION('',(0.,-0.5,0.866025403784));
#5323 = DEFINITIONAL_REPRESENTATION('',(#5324),#5328);
#5324 = LINE('',#5325,#5326);
#5325 = CARTESIAN_POINT('',(0.,0.));
#5326 = VECTOR('',#5327,1.);
#5327 = DIRECTION('',(0.,-1.));
#5328 = ( GEOMETRIC_REPRESENTATION_CONTEXT(2) 
PARAMETRIC_REPRESENTATION_CONTEXT() REPRESENTATION_CONTEXT('2D SPACE',''
  ) );
#5329 = PCURVE('',#5330,#5335);
#5330 = PLANE('',#5331);
#5331 = AXIS2_PLACEMENT_3D('',#5332,#5333,#5334);
#5332 = CARTESIAN_POINT('',(0.,4.25,-7.361215932168));
#5333 = DIRECTION('',(0.,-0.866025403784,0.5));
#5334 = DIRECTION('',(0.,0.5,0.866025403784));
#5335 = DEFINITIONAL_REPRESENTATION('',(#5336),#5340);
#5336 = LINE('',#5337,#5338);
#5337 = CARTESIAN_POINT('',(8.5,0.));
#5338 = VECTOR('',#5339,1.);
#5339 = DIRECTION('',(0.,-1.));
#5340 = ( GEOMETRIC_REPRESENTATION_CONTEXT(2) 
PARAMETRIC_REPRESENTATION_CONTEXT() REPRESENTATION_CONTEXT('2D SPACE',''
  ) );
#5341 = ORIENTED_EDGE('',*,*,#5342,.T.);
#5342 = EDGE_CURVE('',#5310,#5343,#5345,.T.);
#5343 = VERTEX_POINT('',#5344);
#5344 = CARTESIAN_POINT('',(7.,4.25,7.361215932168));
#5345 = SURFACE_CURVE('',#5346,(#5350,#5357),.PCURVE_S1.);
#5346 = LINE('',#5347,#5348);
#5347 = CARTESIAN_POINT('',(7.,8.5,0.));
#5348 = VECTOR('',#5349,1.);
#5349 = DIRECTION('',(0.,-0.5,0.866025403784));
#5350 = PCURVE('',#5318,#5351);
#5351 = DEFINITIONAL_REPRESENTATION('',(#5352),#5356);
#5352 = LINE('',#5353,#5354);
#5353 = CARTESIAN_POINT('',(0.,-7.));
#5354 = VECTOR('',#5355,1.);
#5355 = DIRECTION('',(1.,0.));
#5356 = ( GEOMETRIC_REPRESENTATION_CONTEXT(2) 
PARAMETRIC_REPRESENTATION_CONTEXT() REPRESENTATION_CONTEXT('2D SPACE',''
  ) );
#5357 = PCURVE('',#5358,#5363);
#5358 = PLANE('',#5359);
#5359 = AXIS2_PLACEMENT_3D('',#5360,#5361,#5362);
#5360 = CARTESIAN_POINT('',(7.,-6.96610525255E-16,-3.483052626275E-16));
#5361 = DIRECTION('',(1.,0.,0.));
#5362 = DIRECTION('',(-0.,0.,1.));
#5363 = DEFINITIONAL_REPRESENTATION('',(#5364),#5368);
#5364 = LINE('',#5365,#5366);
#5365 = CARTESIAN_POINT('',(3.483052626275E-16,-8.5));
#5366 = VECTOR('',#5367,1.);
#5367 = DIRECTION('',(0.866025403784,0.5));
#5368 = ( GEOMETRIC_REPRESENTATION_CONTEXT(2) 
PARAMETRIC_REPRESENTATION_CONTEXT() REPRESENTATION_CONTEXT('2D SPACE',''
  ) );
#5369 = ORIENTED_EDGE('',*,*,#5370,.F.);
#5370 = EDGE_CURVE('',#5371,#5343,#5373,.T.);
#5371 = VERTEX_POINT('',#5372);
#5372 = CARTESIAN_POINT('',(0.,4.25,7.361215932168));
#5373 = SURFACE_CURVE('',#5374,(#5378,#5385),.PCURVE_S1.);
#5374 = LINE('',#5375,#5376);
#5375 = CARTESIAN_POINT('',(0.,4.25,7.361215932168));
#5376 = VECTOR('',#5377,1.);
#5377 = DIRECTION('',(1.,0.,0.));
#5378 = PCURVE('',#5318,#5379);
#5379 = DEFINITIONAL_REPRESENTATION('',(#5380),#5384);
#5380 = LINE('',#5381,#5382);
#5381 = CARTESIAN_POINT('',(8.5,0.));
#5382 = VECTOR('',#5383,1.);
#5383 = DIRECTION('',(0.,-1.));
#5384 = ( GEOMETRIC_REPRESENTATION_CONTEXT(2) 
PARAMETRIC_REPRESENTATION_CONTEXT() REPRESENTATION_CONTEXT('2D SPACE',''
  ) );
#5385 = PCURVE('',#5386,#5391);
#5386 = PLANE('',#5387);
#5387 = AXIS2_PLACEMENT_3D('',#5388,#5389,#5390);
#5388 = CARTESIAN_POINT('',(0.,4.25,7.361215932168));
#5389 = DIRECTION('',(0.,-1.044915787883E-16,-1.));
#5390 = DIRECTION('',(0.,-1.,1.044915787883E-16));
#5391 = DEFINITIONAL_REPRESENTATION('',(#5392),#5396);
#5392 = LINE('',#5393,#5394);
#5393 = CARTESIAN_POINT('',(0.,0.));
#5394 = VECTOR('',#5395,1.);
#5395 = DIRECTION('',(0.,-1.));
#5396 = ( GEOMETRIC_REPRESENTATION_CONTEXT(2) 
PARAMETRIC_REPRESENTATION_CONTEXT() REPRESENTATION_CONTEXT('2D SPACE',''
  ) );
#5397 = ORIENTED_EDGE('',*,*,#5398,.F.);
#5398 = EDGE_CURVE('',#5308,#5371,#5399,.T.);
#5399 = SURFACE_CURVE('',#5400,(#5404,#5411),.PCURVE_S1.);
#5400 = LINE('',#5401,#5402);
#5401 = CARTESIAN_POINT('',(0.,8.5,0.));
#5402 = VECTOR('',#5403,1.);
#5403 = DIRECTION('',(0.,-0.5,0.866025403784));
#5404 = PCURVE('',#5318,#5405);
#5405 = DEFINITIONAL_REPRESENTATION('',(#5406),#5410);
#5406 = LINE('',#5407,#5408);
#5407 = CARTESIAN_POINT('',(0.,0.));
#5408 = VECTOR('',#5409,1.);
#5409 = DIRECTION('',(1.,0.));
#5410 = ( GEOMETRIC_REPRESENTATION_CONTEXT(2) 
PARAMETRIC_REPRESENTATION_CONTEXT() REPRESENTATION_CONTEXT('2D SPACE',''
  ) );
#5411 = PCURVE('',#5412,#5417);
#5412 = PLANE('',#5413);
#5413 = AXIS2_PLACEMENT_3D('',#5414,#5415,#5416);
#5414 = CARTESIAN_POINT('',(0.,-6.96610525255E-16,-3.483052626275E-16));
#5415 = DIRECTION('',(1.,0.,0.));
#5416 = DIRECTION('',(-0.,0.,1.));
#5417 = DEFINITIONAL_REPRESENTATION('',(#5418),#5422);
#5418 = LINE('',#5419,#5420);
#5419 = CARTESIAN_POINT('',(3.483052626275E-16,-8.5));
#5420 = VECTOR('',#5421,1.);
#5421 = DIRECTION('',(0.866025403784,0.5));
#5422 = ( GEOMETRIC_REPRESENTATION_CONTEXT(2) 
PARAMETRIC_REPRESENTATION_CONTEXT() REPRESENTATION_CONTEXT('2D SPACE',''
  ) );
#5423 = ADVANCED_FACE('',(#5424),#5330,.F.);
#5424 = FACE_BOUND('',#5425,.F.);
#5425 = EDGE_LOOP('',(#5426,#5456,#5477,#5478));
#5426 = ORIENTED_EDGE('',*,*,#5427,.T.);
#5427 = EDGE_CURVE('',#5428,#5430,#5432,.T.);
#5428 = VERTEX_POINT('',#5429);
#5429 = CARTESIAN_POINT('',(0.,4.25,-7.361215932168));
#5430 = VERTEX_POINT('',#5431);
#5431 = CARTESIAN_POINT('',(7.,4.25,-7.361215932168));
#5432 = SURFACE_CURVE('',#5433,(#5437,#5444),.PCURVE_S1.);
#5433 = LINE('',#5434,#5435);
#5434 = CARTESIAN_POINT('',(0.,4.25,-7.361215932168));
#5435 = VECTOR('',#5436,1.);
#5436 = DIRECTION('',(1.,0.,0.));
#5437 = PCURVE('',#5330,#5438);
#5438 = DEFINITIONAL_REPRESENTATION('',(#5439),#5443);
#5439 = LINE('',#5440,#5441);
#5440 = CARTESIAN_POINT('',(0.,0.));
#5441 = VECTOR('',#5442,1.);
#5442 = DIRECTION('',(0.,-1.));
#5443 = ( GEOMETRIC_REPRESENTATION_CONTEXT(2) 
PARAMETRIC_REPRESENTATION_CONTEXT() REPRESENTATION_CONTEXT('2D SPACE',''
  ) );
#5444 = PCURVE('',#5445,#5450);
#5445 = PLANE('',#5446);
#5446 = AXIS2_PLACEMENT_3D('',#5447,#5448,#5449);
#5447 = CARTESIAN_POINT('',(0.,-4.25,-7.361215932168));
#5448 = DIRECTION('',(-0.,5.224578939413E-16,1.));
#5449 = DIRECTION('',(0.,1.,-5.224578939413E-16));
#5450 = DEFINITIONAL_REPRESENTATION('',(#5451),#5455);
#5451 = LINE('',#5452,#5453);
#5452 = CARTESIAN_POINT('',(8.5,0.));
#5453 = VECTOR('',#5454,1.);
#5454 = DIRECTION('',(0.,-1.));
#5455 = ( GEOMETRIC_REPRESENTATION_CONTEXT(2) 
PARAMETRIC_REPRESENTATION_CONTEXT() REPRESENTATION_CONTEXT('2D SPACE',''
  ) );
#5456 = ORIENTED_EDGE('',*,*,#5457,.T.);
#5457 = EDGE_CURVE('',#5430,#5310,#5458,.T.);
#5458 = SURFACE_CURVE('',#5459,(#5463,#5470),.PCURVE_S1.);
#5459 = LINE('',#5460,#5461);
#5460 = CARTESIAN_POINT('',(7.,4.25,-7.361215932168));
#5461 = VECTOR('',#5462,1.);
#5462 = DIRECTION('',(0.,0.5,0.866025403784));
#5463 = PCURVE('',#5330,#5464);
#5464 = DEFINITIONAL_REPRESENTATION('',(#5465),#5469);
#5465 = LINE('',#5466,#5467);
#5466 = CARTESIAN_POINT('',(0.,-7.));
#5467 = VECTOR('',#5468,1.);
#5468 = DIRECTION('',(1.,0.));
#5469 = ( GEOMETRIC_REPRESENTATION_CONTEXT(2) 
PARAMETRIC_REPRESENTATION_CONTEXT() REPRESENTATION_CONTEXT('2D SPACE',''
  ) );
#5470 = PCURVE('',#5358,#5471);
#5471 = DEFINITIONAL_REPRESENTATION('',(#5472),#5476);
#5472 = LINE('',#5473,#5474);
#5473 = CARTESIAN_POINT('',(-7.361215932168,-4.25));
#5474 = VECTOR('',#5475,1.);
#5475 = DIRECTION('',(0.866025403784,-0.5));
#5476 = ( GEOMETRIC_REPRESENTATION_CONTEXT(2) 
PARAMETRIC_REPRESENTATION_CONTEXT() REPRESENTATION_CONTEXT('2D SPACE',''
  ) );
#5477 = ORIENTED_EDGE('',*,*,#5307,.F.);
#5478 = ORIENTED_EDGE('',*,*,#5479,.F.);
#5479 = EDGE_CURVE('',#5428,#5308,#5480,.T.);
#5480 = SURFACE_CURVE('',#5481,(#5485,#5492),.PCURVE_S1.);
#5481 = LINE('',#5482,#5483);
#5482 = CARTESIAN_POINT('',(0.,4.25,-7.361215932168));
#5483 = VECTOR('',#5484,1.);
#5484 = DIRECTION('',(0.,0.5,0.866025403784));
#5485 = PCURVE('',#5330,#5486);
#5486 = DEFINITIONAL_REPRESENTATION('',(#5487),#5491);
#5487 = LINE('',#5488,#5489);
#5488 = CARTESIAN_POINT('',(0.,0.));
#5489 = VECTOR('',#5490,1.);
#5490 = DIRECTION('',(1.,0.));
#5491 = ( GEOMETRIC_REPRESENTATION_CONTEXT(2) 
PARAMETRIC_REPRESENTATION_CONTEXT() REPRESENTATION_CONTEXT('2D SPACE',''
  ) );
#5492 = PCURVE('',#5412,#5493);
#5493 = DEFINITIONAL_REPRESENTATION('',(#5494),#5498);
#5494 = LINE('',#5495,#5496);
#5495 = CARTESIAN_POINT('',(-7.361215932168,-4.25));
#5496 = VECTOR('',#5497,1.);
#5497 = DIRECTION('',(0.866025403784,-0.5));
#5498 = ( GEOMETRIC_REPRESENTATION_CONTEXT(2) 
PARAMETRIC_REPRESENTATION_CONTEXT() REPRESENTATION_CONTEXT('2D SPACE',''
  ) );
#5499 = ADVANCED_FACE('',(#5500),#5386,.F.);
#5500 = FACE_BOUND('',#5501,.F.);
#5501 = EDGE_LOOP('',(#5502,#5503,#5526,#5554));
#5502 = ORIENTED_EDGE('',*,*,#5370,.T.);
#5503 = ORIENTED_EDGE('',*,*,#5504,.T.);
#5504 = EDGE_CURVE('',#5343,#5505,#5507,.T.);
#5505 = VERTEX_POINT('',#5506);
#5506 = CARTESIAN_POINT('',(7.,-4.25,7.361215932168));
#5507 = SURFACE_CURVE('',#5508,(#5512,#5519),.PCURVE_S1.);
#5508 = LINE('',#5509,#5510);
#5509 = CARTESIAN_POINT('',(7.,4.25,7.361215932168));
#5510 = VECTOR('',#5511,1.);
#5511 = DIRECTION('',(0.,-1.,1.044915787883E-16));
#5512 = PCURVE('',#5386,#5513);
#5513 = DEFINITIONAL_REPRESENTATION('',(#5514),#5518);
#5514 = LINE('',#5515,#5516);
#5515 = CARTESIAN_POINT('',(0.,-7.));
#5516 = VECTOR('',#5517,1.);
#5517 = DIRECTION('',(1.,0.));
#5518 = ( GEOMETRIC_REPRESENTATION_CONTEXT(2) 
PARAMETRIC_REPRESENTATION_CONTEXT() REPRESENTATION_CONTEXT('2D SPACE',''
  ) );
#5519 = PCURVE('',#5358,#5520);
#5520 = DEFINITIONAL_REPRESENTATION('',(#5521),#5525);
#5521 = LINE('',#5522,#5523);
#5522 = CARTESIAN_POINT('',(7.361215932168,-4.25));
#5523 = VECTOR('',#5524,1.);
#5524 = DIRECTION('',(1.044915787883E-16,1.));
#5525 = ( GEOMETRIC_REPRESENTATION_CONTEXT(2) 
PARAMETRIC_REPRESENTATION_CONTEXT() REPRESENTATION_CONTEXT('2D SPACE',''
  ) );
#5526 = ORIENTED_EDGE('',*,*,#5527,.F.);
#5527 = EDGE_CURVE('',#5528,#5505,#5530,.T.);
#5528 = VERTEX_POINT('',#5529);
#5529 = CARTESIAN_POINT('',(0.,-4.25,7.361215932168));
#5530 = SURFACE_CURVE('',#5531,(#5535,#5542),.PCURVE_S1.);
#5531 = LINE('',#5532,#5533);
#5532 = CARTESIAN_POINT('',(0.,-4.25,7.361215932168));
#5533 = VECTOR('',#5534,1.);
#5534 = DIRECTION('',(1.,0.,0.));
#5535 = PCURVE('',#5386,#5536);
#5536 = DEFINITIONAL_REPRESENTATION('',(#5537),#5541);
#5537 = LINE('',#5538,#5539);
#5538 = CARTESIAN_POINT('',(8.5,0.));
#5539 = VECTOR('',#5540,1.);
#5540 = DIRECTION('',(0.,-1.));
#5541 = ( GEOMETRIC_REPRESENTATION_CONTEXT(2) 
PARAMETRIC_REPRESENTATION_CONTEXT() REPRESENTATION_CONTEXT('2D SPACE',''
  ) );
#5542 = PCURVE('',#5543,#5548);
#5543 = PLANE('',#5544);
#5544 = AXIS2_PLACEMENT_3D('',#5545,#5546,#5547);
#5545 = CARTESIAN_POINT('',(0.,-4.25,7.361215932168));
#5546 = DIRECTION('',(0.,0.866025403784,-0.5));
#5547 = DIRECTION('',(0.,-0.5,-0.866025403784));
#5548 = DEFINITIONAL_REPRESENTATION('',(#5549),#5553);
#5549 = LINE('',#5550,#5551);
#5550 = CARTESIAN_POINT('',(0.,0.));
#5551 = VECTOR('',#5552,1.);
#5552 = DIRECTION('',(0.,-1.));
#5553 = ( GEOMETRIC_REPRESENTATION_CONTEXT(2) 
PARAMETRIC_REPRESENTATION_CONTEXT() REPRESENTATION_CONTEXT('2D SPACE',''
  ) );
#5554 = ORIENTED_EDGE('',*,*,#5555,.F.);
#5555 = EDGE_CURVE('',#5371,#5528,#5556,.T.);
#5556 = SURFACE_CURVE('',#5557,(#5561,#5568),.PCURVE_S1.);
#5557 = LINE('',#5558,#5559);
#5558 = CARTESIAN_POINT('',(0.,4.25,7.361215932168));
#5559 = VECTOR('',#5560,1.);
#5560 = DIRECTION('',(0.,-1.,1.044915787883E-16));
#5561 = PCURVE('',#5386,#5562);
#5562 = DEFINITIONAL_REPRESENTATION('',(#5563),#5567);
#5563 = LINE('',#5564,#5565);
#5564 = CARTESIAN_POINT('',(0.,0.));
#5565 = VECTOR('',#5566,1.);
#5566 = DIRECTION('',(1.,0.));
#5567 = ( GEOMETRIC_REPRESENTATION_CONTEXT(2) 
PARAMETRIC_REPRESENTATION_CONTEXT() REPRESENTATION_CONTEXT('2D SPACE',''
  ) );
#5568 = PCURVE('',#5412,#5569);
#5569 = DEFINITIONAL_REPRESENTATION('',(#5570),#5574);
#5570 = LINE('',#5571,#5572);
#5571 = CARTESIAN_POINT('',(7.361215932168,-4.25));
#5572 = VECTOR('',#5573,1.);
#5573 = DIRECTION('',(1.044915787883E-16,1.));
#5574 = ( GEOMETRIC_REPRESENTATION_CONTEXT(2) 
PARAMETRIC_REPRESENTATION_CONTEXT() REPRESENTATION_CONTEXT('2D SPACE',''
  ) );
#5575 = ADVANCED_FACE('',(#5576,#5653),#5412,.F.);
#5576 = FACE_BOUND('',#5577,.F.);
#5577 = EDGE_LOOP('',(#5578,#5579,#5580,#5603,#5631,#5652));
#5578 = ORIENTED_EDGE('',*,*,#5398,.T.);
#5579 = ORIENTED_EDGE('',*,*,#5555,.T.);
#5580 = ORIENTED_EDGE('',*,*,#5581,.T.);
#5581 = EDGE_CURVE('',#5528,#5582,#5584,.T.);
#5582 = VERTEX_POINT('',#5583);
#5583 = CARTESIAN_POINT('',(0.,-8.5,1.040949779275E-15));
#5584 = SURFACE_CURVE('',#5585,(#5589,#5596),.PCURVE_S1.);
#5585 = LINE('',#5586,#5587);
#5586 = CARTESIAN_POINT('',(0.,-4.25,7.361215932168));
#5587 = VECTOR('',#5588,1.);
#5588 = DIRECTION('',(0.,-0.5,-0.866025403784));
#5589 = PCURVE('',#5412,#5590);
#5590 = DEFINITIONAL_REPRESENTATION('',(#5591),#5595);
#5591 = LINE('',#5592,#5593);
#5592 = CARTESIAN_POINT('',(7.361215932168,4.25));
#5593 = VECTOR('',#5594,1.);
#5594 = DIRECTION('',(-0.866025403784,0.5));
#5595 = ( GEOMETRIC_REPRESENTATION_CONTEXT(2) 
PARAMETRIC_REPRESENTATION_CONTEXT() REPRESENTATION_CONTEXT('2D SPACE',''
  ) );
#5596 = PCURVE('',#5543,#5597);
#5597 = DEFINITIONAL_REPRESENTATION('',(#5598),#5602);
#5598 = LINE('',#5599,#5600);
#5599 = CARTESIAN_POINT('',(0.,0.));
#5600 = VECTOR('',#5601,1.);
#5601 = DIRECTION('',(1.,0.));
#5602 = ( GEOMETRIC_REPRESENTATION_CONTEXT(2) 
PARAMETRIC_REPRESENTATION_CONTEXT() REPRESENTATION_CONTEXT('2D SPACE',''
  ) );
#5603 = ORIENTED_EDGE('',*,*,#5604,.T.);
#5604 = EDGE_CURVE('',#5582,#5605,#5607,.T.);
#5605 = VERTEX_POINT('',#5606);
#5606 = CARTESIAN_POINT('',(0.,-4.25,-7.361215932168));
#5607 = SURFACE_CURVE('',#5608,(#5612,#5619),.PCURVE_S1.);
#5608 = LINE('',#5609,#5610);
#5609 = CARTESIAN_POINT('',(0.,-8.5,1.040949779275E-15));
#5610 = VECTOR('',#5611,1.);
#5611 = DIRECTION('',(0.,0.5,-0.866025403784));
#5612 = PCURVE('',#5412,#5613);
#5613 = DEFINITIONAL_REPRESENTATION('',(#5614),#5618);
#5614 = LINE('',#5615,#5616);
#5615 = CARTESIAN_POINT('',(1.389255041903E-15,8.5));
#5616 = VECTOR('',#5617,1.);
#5617 = DIRECTION('',(-0.866025403784,-0.5));
#5618 = ( GEOMETRIC_REPRESENTATION_CONTEXT(2) 
PARAMETRIC_REPRESENTATION_CONTEXT() REPRESENTATION_CONTEXT('2D SPACE',''
  ) );
#5619 = PCURVE('',#5620,#5625);
#5620 = PLANE('',#5621);
#5621 = AXIS2_PLACEMENT_3D('',#5622,#5623,#5624);
#5622 = CARTESIAN_POINT('',(0.,-8.5,1.040949779275E-15));
#5623 = DIRECTION('',(-0.,0.866025403784,0.5));
#5624 = DIRECTION('',(0.,0.5,-0.866025403784));
#5625 = DEFINITIONAL_REPRESENTATION('',(#5626),#5630);
#5626 = LINE('',#5627,#5628);
#5627 = CARTESIAN_POINT('',(0.,0.));
#5628 = VECTOR('',#5629,1.);
#5629 = DIRECTION('',(1.,0.));
#5630 = ( GEOMETRIC_REPRESENTATION_CONTEXT(2) 
PARAMETRIC_REPRESENTATION_CONTEXT() REPRESENTATION_CONTEXT('2D SPACE',''
  ) );
#5631 = ORIENTED_EDGE('',*,*,#5632,.T.);
#5632 = EDGE_CURVE('',#5605,#5428,#5633,.T.);
#5633 = SURFACE_CURVE('',#5634,(#5638,#5645),.PCURVE_S1.);
#5634 = LINE('',#5635,#5636);
#5635 = CARTESIAN_POINT('',(0.,-4.25,-7.361215932168));
#5636 = VECTOR('',#5637,1.);
#5637 = DIRECTION('',(0.,1.,-5.224578939413E-16));
#5638 = PCURVE('',#5412,#5639);
#5639 = DEFINITIONAL_REPRESENTATION('',(#5640),#5644);
#5640 = LINE('',#5641,#5642);
#5641 = CARTESIAN_POINT('',(-7.361215932168,4.25));
#5642 = VECTOR('',#5643,1.);
#5643 = DIRECTION('',(-5.224578939413E-16,-1.));
#5644 = ( GEOMETRIC_REPRESENTATION_CONTEXT(2) 
PARAMETRIC_REPRESENTATION_CONTEXT() REPRESENTATION_CONTEXT('2D SPACE',''
  ) );
#5645 = PCURVE('',#5445,#5646);
#5646 = DEFINITIONAL_REPRESENTATION('',(#5647),#5651);
#5647 = LINE('',#5648,#5649);
#5648 = CARTESIAN_POINT('',(0.,0.));
#5649 = VECTOR('',#5650,1.);
#5650 = DIRECTION('',(1.,0.));
#5651 = ( GEOMETRIC_REPRESENTATION_CONTEXT(2) 
PARAMETRIC_REPRESENTATION_CONTEXT() REPRESENTATION_CONTEXT('2D SPACE',''
  ) );
#5652 = ORIENTED_EDGE('',*,*,#5479,.T.);
#5653 = FACE_BOUND('',#5654,.F.);
#5654 = EDGE_LOOP('',(#5655));
#5655 = ORIENTED_EDGE('',*,*,#5656,.F.);
#5656 = EDGE_CURVE('',#5657,#5657,#5659,.T.);
#5657 = VERTEX_POINT('',#5658);
#5658 = CARTESIAN_POINT('',(0.,5.,0.));
#5659 = SURFACE_CURVE('',#5660,(#5665,#5672),.PCURVE_S1.);
#5660 = CIRCLE('',#5661,5.);
#5661 = AXIS2_PLACEMENT_3D('',#5662,#5663,#5664);
#5662 = CARTESIAN_POINT('',(0.,0.,0.));
#5663 = DIRECTION('',(1.,0.,0.));
#5664 = DIRECTION('',(0.,1.,0.));
#5665 = PCURVE('',#5412,#5666);
#5666 = DEFINITIONAL_REPRESENTATION('',(#5667),#5671);
#5667 = CIRCLE('',#5668,5.);
#5668 = AXIS2_PLACEMENT_2D('',#5669,#5670);
#5669 = CARTESIAN_POINT('',(3.483052626275E-16,-6.96610525255E-16));
#5670 = DIRECTION('',(0.,-1.));
#5671 = ( GEOMETRIC_REPRESENTATION_CONTEXT(2) 
PARAMETRIC_REPRESENTATION_CONTEXT() REPRESENTATION_CONTEXT('2D SPACE',''
  ) );
#5672 = PCURVE('',#5673,#5678);
#5673 = CYLINDRICAL_SURFACE('',#5674,5.);
#5674 = AXIS2_PLACEMENT_3D('',#5675,#5676,#5677);
#5675 = CARTESIAN_POINT('',(0.,0.,0.));
#5676 = DIRECTION('',(1.,0.,0.));
#5677 = DIRECTION('',(0.,1.,0.));
#5678 = DEFINITIONAL_REPRESENTATION('',(#5679),#5683);
#5679 = LINE('',#5680,#5681);
#5680 = CARTESIAN_POINT('',(0.,0.));
#5681 = VECTOR('',#5682,1.);
#5682 = DIRECTION('',(1.,0.));
#5683 = ( GEOMETRIC_REPRESENTATION_CONTEXT(2) 
PARAMETRIC_REPRESENTATION_CONTEXT() REPRESENTATION_CONTEXT('2D SPACE',''
  ) );
#5684 = ADVANCED_FACE('',(#5685),#5358,.T.);
#5685 = FACE_BOUND('',#5686,.T.);
#5686 = EDGE_LOOP('',(#5687,#5688,#5689,#5712,#5735,#5756));
#5687 = ORIENTED_EDGE('',*,*,#5342,.T.);
#5688 = ORIENTED_EDGE('',*,*,#5504,.T.);
#5689 = ORIENTED_EDGE('',*,*,#5690,.T.);
#5690 = EDGE_CURVE('',#5505,#5691,#5693,.T.);
#5691 = VERTEX_POINT('',#5692);
#5692 = CARTESIAN_POINT('',(7.,-8.5,1.040949779275E-15));
#5693 = SURFACE_CURVE('',#5694,(#5698,#5705),.PCURVE_S1.);
#5694 = LINE('',#5695,#5696);
#5695 = CARTESIAN_POINT('',(7.,-4.25,7.361215932168));
#5696 = VECTOR('',#5697,1.);
#5697 = DIRECTION('',(0.,-0.5,-0.866025403784));
#5698 = PCURVE('',#5358,#5699);
#5699 = DEFINITIONAL_REPRESENTATION('',(#5700),#5704);
#5700 = LINE('',#5701,#5702);
#5701 = CARTESIAN_POINT('',(7.361215932168,4.25));
#5702 = VECTOR('',#5703,1.);
#5703 = DIRECTION('',(-0.866025403784,0.5));
#5704 = ( GEOMETRIC_REPRESENTATION_CONTEXT(2) 
PARAMETRIC_REPRESENTATION_CONTEXT() REPRESENTATION_CONTEXT('2D SPACE',''
  ) );
#5705 = PCURVE('',#5543,#5706);
#5706 = DEFINITIONAL_REPRESENTATION('',(#5707),#5711);
#5707 = LINE('',#5708,#5709);
#5708 = CARTESIAN_POINT('',(0.,-7.));
#5709 = VECTOR('',#5710,1.);
#5710 = DIRECTION('',(1.,0.));
#5711 = ( GEOMETRIC_REPRESENTATION_CONTEXT(2) 
PARAMETRIC_REPRESENTATION_CONTEXT() REPRESENTATION_CONTEXT('2D SPACE',''
  ) );
#5712 = ORIENTED_EDGE('',*,*,#5713,.T.);
#5713 = EDGE_CURVE('',#5691,#5714,#5716,.T.);
#5714 = VERTEX_POINT('',#5715);
#5715 = CARTESIAN_POINT('',(7.,-4.25,-7.361215932168));
#5716 = SURFACE_CURVE('',#5717,(#5721,#5728),.PCURVE_S1.);
#5717 = LINE('',#5718,#5719);
#5718 = CARTESIAN_POINT('',(7.,-8.5,1.040949779275E-15));
#5719 = VECTOR('',#5720,1.);
#5720 = DIRECTION('',(0.,0.5,-0.866025403784));
#5721 = PCURVE('',#5358,#5722);
#5722 = DEFINITIONAL_REPRESENTATION('',(#5723),#5727);
#5723 = LINE('',#5724,#5725);
#5724 = CARTESIAN_POINT('',(1.389255041903E-15,8.5));
#5725 = VECTOR('',#5726,1.);
#5726 = DIRECTION('',(-0.866025403784,-0.5));
#5727 = ( GEOMETRIC_REPRESENTATION_CONTEXT(2) 
PARAMETRIC_REPRESENTATION_CONTEXT() REPRESENTATION_CONTEXT('2D SPACE',''
  ) );
#5728 = PCURVE('',#5620,#5729);
#5729 = DEFINITIONAL_REPRESENTATION('',(#5730),#5734);
#5730 = LINE('',#5731,#5732);
#5731 = CARTESIAN_POINT('',(0.,-7.));
#5732 = VECTOR('',#5733,1.);
#5733 = DIRECTION('',(1.,0.));
#5734 = ( GEOMETRIC_REPRESENTATION_CONTEXT(2) 
PARAMETRIC_REPRESENTATION_CONTEXT() REPRESENTATION_CONTEXT('2D SPACE',''
  ) );
#5735 = ORIENTED_EDGE('',*,*,#5736,.T.);
#5736 = EDGE_CURVE('',#5714,#5430,#5737,.T.);
#5737 = SURFACE_CURVE('',#5738,(#5742,#5749),.PCURVE_S1.);
#5738 = LINE('',#5739,#5740);
#5739 = CARTESIAN_POINT('',(7.,-4.25,-7.361215932168));
#5740 = VECTOR('',#5741,1.);
#5741 = DIRECTION('',(0.,1.,-5.224578939413E-16));
#5742 = PCURVE('',#5358,#5743);
#5743 = DEFINITIONAL_REPRESENTATION('',(#5744),#5748);
#5744 = LINE('',#5745,#5746);
#5745 = CARTESIAN_POINT('',(-7.361215932168,4.25));
#5746 = VECTOR('',#5747,1.);
#5747 = DIRECTION('',(-5.224578939413E-16,-1.));
#5748 = ( GEOMETRIC_REPRESENTATION_CONTEXT(2) 
PARAMETRIC_REPRESENTATION_CONTEXT() REPRESENTATION_CONTEXT('2D SPACE',''
  ) );
#5749 = PCURVE('',#5445,#5750);
#5750 = DEFINITIONAL_REPRESENTATION('',(#5751),#5755);
#5751 = LINE('',#5752,#5753);
#5752 = CARTESIAN_POINT('',(0.,-7.));
#5753 = VECTOR('',#5754,1.);
#5754 = DIRECTION('',(1.,0.));
#5755 = ( GEOMETRIC_REPRESENTATION_CONTEXT(2) 
PARAMETRIC_REPRESENTATION_CONTEXT() REPRESENTATION_CONTEXT('2D SPACE',''
  ) );
#5756 = ORIENTED_EDGE('',*,*,#5457,.T.);
#5757 = ADVANCED_FACE('',(#5758),#5445,.F.);
#5758 = FACE_BOUND('',#5759,.F.);
#5759 = EDGE_LOOP('',(#5760,#5781,#5782,#5783));
#5760 = ORIENTED_EDGE('',*,*,#5761,.T.);
#5761 = EDGE_CURVE('',#5605,#5714,#5762,.T.);
#5762 = SURFACE_CURVE('',#5763,(#5767,#5774),.PCURVE_S1.);
#5763 = LINE('',#5764,#5765);
#5764 = CARTESIAN_POINT('',(0.,-4.25,-7.361215932168));
#5765 = VECTOR('',#5766,1.);
#5766 = DIRECTION('',(1.,0.,0.));
#5767 = PCURVE('',#5445,#5768);
#5768 = DEFINITIONAL_REPRESENTATION('',(#5769),#5773);
#5769 = LINE('',#5770,#5771);
#5770 = CARTESIAN_POINT('',(0.,0.));
#5771 = VECTOR('',#5772,1.);
#5772 = DIRECTION('',(0.,-1.));
#5773 = ( GEOMETRIC_REPRESENTATION_CONTEXT(2) 
PARAMETRIC_REPRESENTATION_CONTEXT() REPRESENTATION_CONTEXT('2D SPACE',''
  ) );
#5774 = PCURVE('',#5620,#5775);
#5775 = DEFINITIONAL_REPRESENTATION('',(#5776),#5780);
#5776 = LINE('',#5777,#5778);
#5777 = CARTESIAN_POINT('',(8.5,0.));
#5778 = VECTOR('',#5779,1.);
#5779 = DIRECTION('',(0.,-1.));
#5780 = ( GEOMETRIC_REPRESENTATION_CONTEXT(2) 
PARAMETRIC_REPRESENTATION_CONTEXT() REPRESENTATION_CONTEXT('2D SPACE',''
  ) );
#5781 = ORIENTED_EDGE('',*,*,#5736,.T.);
#5782 = ORIENTED_EDGE('',*,*,#5427,.F.);
#5783 = ORIENTED_EDGE('',*,*,#5632,.F.);
#5784 = ADVANCED_FACE('',(#5785),#5543,.F.);
#5785 = FACE_BOUND('',#5786,.F.);
#5786 = EDGE_LOOP('',(#5787,#5788,#5789,#5810));
#5787 = ORIENTED_EDGE('',*,*,#5527,.T.);
#5788 = ORIENTED_EDGE('',*,*,#5690,.T.);
#5789 = ORIENTED_EDGE('',*,*,#5790,.F.);
#5790 = EDGE_CURVE('',#5582,#5691,#5791,.T.);
#5791 = SURFACE_CURVE('',#5792,(#5796,#5803),.PCURVE_S1.);
#5792 = LINE('',#5793,#5794);
#5793 = CARTESIAN_POINT('',(0.,-8.5,1.040949779275E-15));
#5794 = VECTOR('',#5795,1.);
#5795 = DIRECTION('',(1.,0.,0.));
#5796 = PCURVE('',#5543,#5797);
#5797 = DEFINITIONAL_REPRESENTATION('',(#5798),#5802);
#5798 = LINE('',#5799,#5800);
#5799 = CARTESIAN_POINT('',(8.5,0.));
#5800 = VECTOR('',#5801,1.);
#5801 = DIRECTION('',(0.,-1.));
#5802 = ( GEOMETRIC_REPRESENTATION_CONTEXT(2) 
PARAMETRIC_REPRESENTATION_CONTEXT() REPRESENTATION_CONTEXT('2D SPACE',''
  ) );
#5803 = PCURVE('',#5620,#5804);
#5804 = DEFINITIONAL_REPRESENTATION('',(#5805),#5809);
#5805 = LINE('',#5806,#5807);
#5806 = CARTESIAN_POINT('',(0.,0.));
#5807 = VECTOR('',#5808,1.);
#5808 = DIRECTION('',(0.,-1.));
#5809 = ( GEOMETRIC_REPRESENTATION_CONTEXT(2) 
PARAMETRIC_REPRESENTATION_CONTEXT() REPRESENTATION_CONTEXT('2D SPACE',''
  ) );
#5810 = ORIENTED_EDGE('',*,*,#5581,.F.);
#5811 = ADVANCED_FACE('',(#5812),#5620,.F.);
#5812 = FACE_BOUND('',#5813,.F.);
#5813 = EDGE_LOOP('',(#5814,#5815,#5816,#5817));
#5814 = ORIENTED_EDGE('',*,*,#5790,.T.);
#5815 = ORIENTED_EDGE('',*,*,#5713,.T.);
#5816 = ORIENTED_EDGE('',*,*,#5761,.F.);
#5817 = ORIENTED_EDGE('',*,*,#5604,.F.);
#5818 = ADVANCED_FACE('',(#5819),#5673,.T.);
#5819 = FACE_BOUND('',#5820,.T.);
#5820 = EDGE_LOOP('',(#5821,#5844,#5871,#5872));
#5821 = ORIENTED_EDGE('',*,*,#5822,.T.);
#5822 = EDGE_CURVE('',#5657,#5823,#5825,.T.);
#5823 = VERTEX_POINT('',#5824);
#5824 = CARTESIAN_POINT('',(-26.,5.,0.));
#5825 = SEAM_CURVE('',#5826,(#5830,#5837),.PCURVE_S1.);
#5826 = LINE('',#5827,#5828);
#5827 = CARTESIAN_POINT('',(0.,5.,0.));
#5828 = VECTOR('',#5829,1.);
#5829 = DIRECTION('',(-1.,-0.,-0.));
#5830 = PCURVE('',#5673,#5831);
#5831 = DEFINITIONAL_REPRESENTATION('',(#5832),#5836);
#5832 = LINE('',#5833,#5834);
#5833 = CARTESIAN_POINT('',(0.,0.));
#5834 = VECTOR('',#5835,1.);
#5835 = DIRECTION('',(0.,-1.));
#5836 = ( GEOMETRIC_REPRESENTATION_CONTEXT(2) 
PARAMETRIC_REPRESENTATION_CONTEXT() REPRESENTATION_CONTEXT('2D SPACE',''
  ) );
#5837 = PCURVE('',#5673,#5838);
#5838 = DEFINITIONAL_REPRESENTATION('',(#5839),#5843);
#5839 = LINE('',#5840,#5841);
#5840 = CARTESIAN_POINT('',(6.28318530718,0.));
#5841 = VECTOR('',#5842,1.);
#5842 = DIRECTION('',(0.,-1.));
#5843 = ( GEOMETRIC_REPRESENTATION_CONTEXT(2) 
PARAMETRIC_REPRESENTATION_CONTEXT() REPRESENTATION_CONTEXT('2D SPACE',''
  ) );
#5844 = ORIENTED_EDGE('',*,*,#5845,.T.);
#5845 = EDGE_CURVE('',#5823,#5823,#5846,.T.);
#5846 = SURFACE_CURVE('',#5847,(#5852,#5859),.PCURVE_S1.);
#5847 = CIRCLE('',#5848,5.);
#5848 = AXIS2_PLACEMENT_3D('',#5849,#5850,#5851);
#5849 = CARTESIAN_POINT('',(-26.,0.,0.));
#5850 = DIRECTION('',(1.,0.,0.));
#5851 = DIRECTION('',(0.,1.,0.));
#5852 = PCURVE('',#5673,#5853);
#5853 = DEFINITIONAL_REPRESENTATION('',(#5854),#5858);
#5854 = LINE('',#5855,#5856);
#5855 = CARTESIAN_POINT('',(0.,-26.));
#5856 = VECTOR('',#5857,1.);
#5857 = DIRECTION('',(1.,0.));
#5858 = ( GEOMETRIC_REPRESENTATION_CONTEXT(2) 
PARAMETRIC_REPRESENTATION_CONTEXT() REPRESENTATION_CONTEXT('2D SPACE',''
  ) );
#5859 = PCURVE('',#5860,#5865);
#5860 = PLANE('',#5861);
#5861 = AXIS2_PLACEMENT_3D('',#5862,#5863,#5864);
#5862 = CARTESIAN_POINT('',(-26.,-2.734880265079E-16,6.938022664999E-17)
  );
#5863 = DIRECTION('',(1.,0.,0.));
#5864 = DIRECTION('',(-0.,0.,1.));
#5865 = DEFINITIONAL_REPRESENTATION('',(#5866),#5870);
#5866 = CIRCLE('',#5867,5.);
#5867 = AXIS2_PLACEMENT_2D('',#5868,#5869);
#5868 = CARTESIAN_POINT('',(-6.938022664999E-17,-2.734880265079E-16));
#5869 = DIRECTION('',(0.,-1.));
#5870 = ( GEOMETRIC_REPRESENTATION_CONTEXT(2) 
PARAMETRIC_REPRESENTATION_CONTEXT() REPRESENTATION_CONTEXT('2D SPACE',''
  ) );
#5871 = ORIENTED_EDGE('',*,*,#5822,.F.);
#5872 = ORIENTED_EDGE('',*,*,#5656,.F.);
#5873 = ADVANCED_FACE('',(#5874),#5860,.F.);
#5874 = FACE_BOUND('',#5875,.F.);
#5875 = EDGE_LOOP('',(#5876));
#5876 = ORIENTED_EDGE('',*,*,#5845,.T.);
#5877 = ( GEOMETRIC_REPRESENTATION_CONTEXT(3) 
GLOBAL_UNCERTAINTY_ASSIGNED_CONTEXT((#5881)) 
GLOBAL_UNIT_ASSIGNED_CONTEXT((#5878,#5879,#5880)) REPRESENTATION_CONTEXT
('Context #1','3D Context with UNIT and UNCERTAINTY') );
#5878 = ( LENGTH_UNIT() NAMED_UNIT(*) SI_UNIT(.MILLI.,.METRE.) );
#5879 = ( NAMED_UNIT(*) PLANE_ANGLE_UNIT() SI_UNIT($,.RADIAN.) );
#5880 = ( NAMED_UNIT(*) SI_UNIT($,.STERADIAN.) SOLID_ANGLE_UNIT() );
#5881 = UNCERTAINTY_MEASURE_WITH_UNIT(LENGTH_MEASURE(1.E-07),#5878,
  'distance_accuracy_value','confusion accuracy');
#5882 = CONTEXT_DEPENDENT_SHAPE_REPRESENTATION(#5883,#5885);
#5883 = ( REPRESENTATION_RELATIONSHIP('','',#5300,#10) 
REPRESENTATION_RELATIONSHIP_WITH_TRANSFORMATION(#5884) 
SHAPE_REPRESENTATION_RELATIONSHIP() );
#5884 = ITEM_DEFINED_TRANSFORMATION('','',#11,#47);
#5885 = PRODUCT_DEFINITION_SHAPE('Placement','Placement of an item',
  #5886);
#5886 = NEXT_ASSEMBLY_USAGE_OCCURRENCE('9','SC-6500 Hex Bolt M10 4','',
  #5,#5295,$);
#5887 = PRODUCT_RELATED_PRODUCT_CATEGORY('part',$,(#5297));
#5888 = MECHANICAL_DESIGN_GEOMETRIC_PRESENTATION_REPRESENTATION('',(
    #5889),#2737);
#5889 = STYLED_ITEM('color',(#5890),#2121);
#5890 = PRESENTATION_STYLE_ASSIGNMENT((#5891));
#5891 = SURFACE_STYLE_USAGE(.BOTH.,#5892);
#5892 = SURFACE_SIDE_STYLE('',(#5893));
#5893 = SURFACE_STYLE_FILL_AREA(#5894);
#5894 = FILL_AREA_STYLE('',(#5895));
#5895 = FILL_AREA_STYLE_COLOUR('',#5896);
#5896 = COLOUR_RGB('',0.620000000292,0.649999988539,0.679999990811);
#5897 = MECHANICAL_DESIGN_GEOMETRIC_PRESENTATION_REPRESENTATION('',(
    #5898),#1099);
#5898 = STYLED_ITEM('color',(#5899),#65);
#5899 = PRESENTATION_STYLE_ASSIGNMENT((#5900));
#5900 = SURFACE_STYLE_USAGE(.BOTH.,#5901);
#5901 = SURFACE_SIDE_STYLE('',(#5902));
#5902 = SURFACE_STYLE_FILL_AREA(#5903);
#5903 = FILL_AREA_STYLE('',(#5904));
#5904 = FILL_AREA_STYLE_COLOUR('',#5905);
#5905 = COLOUR_RGB('',0.750000000934,0.769999993182,0.800000010877);
#5906 = MECHANICAL_DESIGN_GEOMETRIC_PRESENTATION_REPRESENTATION('',(
    #5907),#2102);
#5907 = STYLED_ITEM('color',(#5908),#1118);
#5908 = PRESENTATION_STYLE_ASSIGNMENT((#5909));
#5909 = SURFACE_STYLE_USAGE(.BOTH.,#5910);
#5910 = SURFACE_SIDE_STYLE('',(#5911));
#5911 = SURFACE_STYLE_FILL_AREA(#5912);
#5912 = FILL_AREA_STYLE('',(#5913));
#5913 = FILL_AREA_STYLE_COLOUR('',#5905);
#5914 = MECHANICAL_DESIGN_GEOMETRIC_PRESENTATION_REPRESENTATION('',(
    #5915),#4092);
#5915 = STYLED_ITEM('color',(#5916),#3516);
#5916 = PRESENTATION_STYLE_ASSIGNMENT((#5917));
#5917 = SURFACE_STYLE_USAGE(.BOTH.,#5918);
#5918 = SURFACE_SIDE_STYLE('',(#5919));
#5919 = SURFACE_STYLE_FILL_AREA(#5920);
#5920 = FILL_AREA_STYLE('',(#5921));
#5921 = FILL_AREA_STYLE_COLOUR('',#5922);
#5922 = COLOUR_RGB('',0.350000000377,0.369999997777,0.399999997426);
#5923 = MECHANICAL_DESIGN_GEOMETRIC_PRESENTATION_REPRESENTATION('',(
    #5924),#3497);
#5924 = STYLED_ITEM('color',(#5925),#2979);
#5925 = PRESENTATION_STYLE_ASSIGNMENT((#5926));
#5926 = SURFACE_STYLE_USAGE(.BOTH.,#5927);
#5927 = SURFACE_SIDE_STYLE('',(#5928));
#5928 = SURFACE_STYLE_FILL_AREA(#5929);
#5929 = FILL_AREA_STYLE('',(#5930));
#5930 = FILL_AREA_STYLE_COLOUR('',#5896);
#5931 = MECHANICAL_DESIGN_GEOMETRIC_PRESENTATION_REPRESENTATION('',(
    #5932),#4687);
#5932 = STYLED_ITEM('color',(#5933),#4111);
#5933 = PRESENTATION_STYLE_ASSIGNMENT((#5934));
#5934 = SURFACE_STYLE_USAGE(.BOTH.,#5935);
#5935 = SURFACE_SIDE_STYLE('',(#5936));
#5936 = SURFACE_STYLE_FILL_AREA(#5937);
#5937 = FILL_AREA_STYLE('',(#5938));
#5938 = FILL_AREA_STYLE_COLOUR('',#5922);
#5939 = MECHANICAL_DESIGN_GEOMETRIC_PRESENTATION_REPRESENTATION('',(
    #5940),#2960);
#5940 = STYLED_ITEM('color',(#5941),#2756);
#5941 = PRESENTATION_STYLE_ASSIGNMENT((#5942));
#5942 = SURFACE_STYLE_USAGE(.BOTH.,#5943);
#5943 = SURFACE_SIDE_STYLE('',(#5944));
#5944 = SURFACE_STYLE_FILL_AREA(#5945);
#5945 = FILL_AREA_STYLE('',(#5946));
#5946 = FILL_AREA_STYLE_COLOUR('',#5947);
#5947 = COLOUR_RGB('',0.800000010877,0.640000008347,0.299999996101);
#5948 = MECHANICAL_DESIGN_GEOMETRIC_PRESENTATION_REPRESENTATION('',(
    #5949),#5877);
#5949 = STYLED_ITEM('color',(#5950),#5301);
#5950 = PRESENTATION_STYLE_ASSIGNMENT((#5951));
#5951 = SURFACE_STYLE_USAGE(.BOTH.,#5952);
#5952 = SURFACE_SIDE_STYLE('',(#5953));
#5953 = SURFACE_STYLE_FILL_AREA(#5954);
#5954 = FILL_AREA_STYLE('',(#5955));
#5955 = FILL_AREA_STYLE_COLOUR('',#5922);
#5956 = MECHANICAL_DESIGN_GEOMETRIC_PRESENTATION_REPRESENTATION('',(
    #5957),#5282);
#5957 = STYLED_ITEM('color',(#5958),#4706);
#5958 = PRESENTATION_STYLE_ASSIGNMENT((#5959));
#5959 = SURFACE_STYLE_USAGE(.BOTH.,#5960);
#5960 = SURFACE_SIDE_STYLE('',(#5961));
#5961 = SURFACE_STYLE_FILL_AREA(#5962);
#5962 = FILL_AREA_STYLE('',(#5963));
#5963 = FILL_AREA_STYLE_COLOUR('',#5922);
ENDSEC;
END-ISO-10303-21;
